workload,predictor,trial,mode,threshold,alpha,top_k,total_accesses,l1_hit_rate,l2_hit_rate,l3_hit_rate,dram_access_rate,total_cycles,raw_memory_cycles,average_memory_latency,average_access_latency,top1_accuracy,topk_accuracy,prediction_attempts,prefetch_requests,prefetches_issued,prefetches_completed,dropped_prefetches,useful_prefetches,late_prefetches,unused_prefetches,duplicate_prefetches,prefetch_precision,prefetch_coverage,bandwidth_bytes,pollution_misses,cache_evictions_caused_by_prefetching,predictor_lookup_overhead,predictor_update_overhead,prefetch_overhead,latency_saved_by_useful_prefetches,net_latency_benefit,entries,nodes,edges,counters,weights,estimated_bytes,bytes_per_transition,speedup_over_none,speedup_over_nextline,speedup_over_stride,speedup_over_markov
Sequential,None,0,train_test,0.05,0.25,3,109,0.0,0.0,0.0,1.0,16350,16350,150.0,150.0,0.0,0.0,0,0,0,0,0,0,0,0,0,0.0,0.0,0,0,45,0,0,0,0,0,0,0,0,0,0,0,0.0,1.0,1.0333333333333334,1.0333333333333334,1.0066666666666666
Sequential,NextLine,0,train_test,0.05,0.25,3,109,1.0,0.0,0.0,0.0,16895,436,4.0,155.0,1.0,1.0,109,109,109,109,0,109,109,0,0,1.0,1.0,872,0,45,109,0,109,0,0,0,0,0,0,0,0,0.0,0.967741935483871,1.0,1.0,0.9741935483870968
Sequential,Stride,0,train_test,0.05,0.25,3,109,1.0,0.0,0.0,0.0,16895,436,4.0,155.0,1.0,1.0,109,109,109,109,0,109,109,0,0,1.0,1.0,872,0,45,109,0,109,0,0,1,1,1,1,0,16,16.0,0.967741935483871,1.0,1.0,0.9741935483870968
Sequential,Markov-1,0,train_test,0.05,0.25,3,109,0.0,0.0,0.0,1.0,16459,16350,150.0,151.0,0.0,0.0,0,0,0,0,0,0,0,0,0,0.0,0.0,0,0,45,109,0,0,0,0,250,250,250,250,250,6000,24.0,0.9933774834437086,1.0264900662251655,1.0264900662251655,1.0
Sequential,WAM depth=1,0,train_test,0.05,0.25,3,109,0.0,0.0,0.0,1.0,16459,16350,150.0,151.0,0.0,0.0,0,0,0,0,0,0,0,0,0,0.0,0.0,0,0,45,109,0,0,0,0,250,251,250,250,250,6000,24.0,0.9933774834437086,1.0264900662251655,1.0264900662251655,1.0
Sequential,WAM depth=2,0,train_test,0.05,0.25,3,109,0.0,0.0,0.0,1.0,16568,16350,150.0,152.0,0.0,0.0,0,0,0,0,0,0,0,0,0,0.0,0.0,0,0,45,218,0,0,0,0,498,499,498,498,498,11952,24.0,0.9868421052631579,1.019736842105263,1.019736842105263,0.993421052631579
Sequential,WAM depth=3,0,train_test,0.05,0.25,3,109,0.0,0.0,0.0,1.0,16677,16350,150.0,153.0,0.0,0.0,0,0,0,0,0,0,0,0,0,0.0,0.0,0,0,45,327,0,0,0,0,744,745,744,744,744,17856,24.0,0.9803921568627451,1.0130718954248366,1.0130718954248366,0.9869281045751634
Sequential,WAM depth=4,0,train_test,0.05,0.25,3,109,0.0,0.0,0.0,1.0,16786,16350,150.0,154.0,0.0,0.0,0,0,0,0,0,0,0,0,0,0.0,0.0,0,0,45,436,0,0,0,0,988,989,988,988,988,23712,24.0,0.974025974025974,1.0064935064935066,1.0064935064935066,0.9805194805194806
Sequential,WAM depth=8,0,train_test,0.05,0.25,3,109,0.0,0.0,0.0,1.0,17222,16350,150.0,158.0,0.0,0.0,0,0,0,0,0,0,0,0,0,0.0,0.0,0,0,45,872,0,0,0,0,1944,1945,1944,1944,1944,46656,24.0,0.9493670886075949,0.9810126582278481,0.9810126582278481,0.9556962025316456
Stride,None,0,train_test,0.05,0.25,3,109,0.0,0.0,0.0,1.0,16350,16350,150.0,150.0,0.0,0.0,0,0,0,0,0,0,0,0,0,0.0,0.0,0,0,45,0,0,0,0,0,0,0,0,0,0,0,0.0,1.0,1.0133333333333334,1.0333333333333334,1.0066666666666666
Stride,NextLine,0,train_test,0.05,0.25,3,109,0.0,0.0,0.0,1.0,16568,16350,150.0,152.0,0.0,0.0,109,109,109,108,0,0,0,109,0,0.0,0.0,872,0,77,109,0,109,0,-33,0,0,0,0,0,0,0.0,0.9868421052631579,1.0,1.019736842105263,0.993421052631579
Stride,Stride,0,train_test,0.05,0.25,3,109,1.0,0.0,0.0,0.0,16895,436,4.0,155.0,1.0,1.0,109,109,109,109,0,109,109,0,0,1.0,1.0,872,0,45,109,0,109,0,0,1,1,1,1,0,16,16.0,0.967741935483871,0.9806451612903225,1.0,0.9741935483870968
Stride,Markov-1,0,train_test,0.05,0.25,3,109,0.0,0.0,0.0,1.0,16459,16350,150.0,151.0,0.0,0.0,0,0,0,0,0,0,0,0,0,0.0,0.0,0,0,45,109,0,0,0,0,250,250,250,250,250,6000,24.0,0.9933774834437086,1.0066225165562914,1.0264900662251655,1.0
Stride,WAM depth=1,0,train_test,0.05,0.25,3,109,0.0,0.0,0.0,1.0,16459,16350,150.0,151.0,0.0,0.0,0,0,0,0,0,0,0,0,0,0.0,0.0,0,0,45,109,0,0,0,0,250,251,250,250,250,6000,24.0,0.9933774834437086,1.0066225165562914,1.0264900662251655,1.0
Stride,WAM depth=2,0,train_test,0.05,0.25,3,109,0.0,0.0,0.0,1.0,16568,16350,150.0,152.0,0.0,0.0,0,0,0,0,0,0,0,0,0,0.0,0.0,0,0,45,218,0,0,0,0,498,499,498,498,498,11952,24.0,0.9868421052631579,1.0,1.019736842105263,0.993421052631579
Stride,WAM depth=3,0,train_test,0.05,0.25,3,109,0.0,0.0,0.0,1.0,16677,16350,150.0,153.0,0.0,0.0,0,0,0,0,0,0,0,0,0,0.0,0.0,0,0,45,327,0,0,0,0,744,745,744,744,744,17856,24.0,0.9803921568627451,0.9934640522875817,1.0130718954248366,0.9869281045751634
Stride,WAM depth=4,0,train_test,0.05,0.25,3,109,0.0,0.0,0.0,1.0,16786,16350,150.0,154.0,0.0,0.0,0,0,0,0,0,0,0,0,0,0.0,0.0,0,0,45,436,0,0,0,0,988,989,988,988,988,23712,24.0,0.974025974025974,0.987012987012987,1.0064935064935066,0.9805194805194806
Stride,WAM depth=8,0,train_test,0.05,0.25,3,109,0.0,0.0,0.0,1.0,17222,16350,150.0,158.0,0.0,0.0,0,0,0,0,0,0,0,0,0,0.0,0.0,0,0,45,872,0,0,0,0,1944,1945,1944,1944,1944,46656,24.0,0.9493670886075949,0.9620253164556962,0.9810126582278481,0.9556962025316456
Repeating,None,0,train_test,0.05,0.25,3,109,0.963302752293578,0.0,0.0,0.03669724770642202,1020,1020,9.357798165137615,9.357798165137615,0.0,0.0,0,0,0,0,0,0,0,0,0,0.0,0.0,0,0,0,0,0,0,0,0,0,0,0,0,0,0,0.0,1.0,1.119607843137255,1.119607843137255,1.1225490196078431
Repeating,NextLine,0,train_test,0.05,0.25,3,109,0.9908256880733946,0.0,0.0,0.009174311926605505,1142,582,5.339449541284404,10.477064220183486,0.7522935779816514,0.7522935779816514,109,109,4,4,0,3,3,1,105,0.75,0.75,32,0,0,109,0,4,0,-1,0,0,0,0,0,0,0.0,0.8931698774080561,1.0,1.0,1.0026269702276707
Repeating,Stride,0,train_test,0.05,0.25,3,109,0.9908256880733946,0.0,0.0,0.009174311926605505,1142,582,5.339449541284404,10.477064220183486,0.7522935779816514,0.7522935779816514,109,109,4,4,0,3,3,1,105,0.75,0.75,32,0,0,109,0,4,0,-1,1,1,1,1,0,16,16.0,0.8931698774080561,1.0,1.0,1.0026269702276707
Repeating,Markov-1,0,train_test,0.05,0.25,3,109,1.0,0.0,0.0,0.0,1145,436,4.0,10.504587155963304,1.0,1.0,109,109,4,4,0,4,4,0,105,1.0,1.0,32,0,0,109,0,4,0,0,4,4,4,4,4,96,24.0,0.8908296943231441,0.9973799126637555,0.9973799126637555,1.0
Repeating,WAM depth=1,0,train_test,0.05,0.25,3,109,1.0,0.0,0.0,0.0,1145,436,4.0,10.504587155963304,1.0,1.0,109,109,4,4,0,4,4,0,105,1.0,1.0,32,0,0,109,0,4,0,0,4,5,4,4,4,96,24.0,0.8908296943231441,0.9973799126637555,0.9973799126637555,1.0
Repeating,WAM depth=2,0,train_test,0.05,0.25,3,109,1.0,0.0,0.0,0.0,1254,436,4.0,11.504587155963304,1.0,1.0,109,109,4,4,0,4,4,0,105,1.0,1.0,32,0,0,218,0,4,0,0,8,9,8,8,8,192,24.0,0.8133971291866029,0.9106858054226475,0.9106858054226475,0.9130781499202552
Repeating,WAM depth=3,0,train_test,0.05,0.25,3,109,1.0,0.0,0.0,0.0,1363,436,4.0,12.504587155963304,1.0,1.0,109,109,4,4,0,4,4,0,105,1.0,1.0,32,0,0,327,0,4,0,0,12,13,12,12,12,288,24.0,0.7483492296404989,0.8378576669112252,0.8378576669112252,0.8400586940572267
Repeating,WAM depth=4,0,train_test,0.05,0.25,3,109,1.0,0.0,0.0,0.0,1472,436,4.0,13.504587155963304,1.0,1.0,109,109,4,4,0,4,4,0,105,1.0,1.0,32,0,0,436,0,4,0,0,16,17,16,16,16,384,24.0,0.6929347826086957,0.7758152173913043,0.7758152173913043,0.7778532608695652
Repeating,WAM depth=8,0,train_test,0.05,0.25,3,109,1.0,0.0,0.0,0.0,1908,436,4.0,17.504587155963304,1.0,1.0,109,109,4,4,0,4,4,0,105,1.0,1.0,32,0,0,872,0,4,0,0,32,33,32,32,32,768,24.0,0.5345911949685535,0.5985324947589099,0.5985324947589099,0.600104821802935
Contextual,None,0,train_test,0.05,0.25,3,109,0.9541284403669725,0.0,0.0,0.045871559633027525,1166,1166,10.697247706422019,10.697247706422019,0.0,0.0,0,0,0,0,0,0,0,0,0,0.0,0.0,0,0,0,0,0,0,0,0,0,0,0,0,0,0,0.0,1.0,0.9742710120068611,1.0934819897084047,0.9828473413379074
Contextual,NextLine,0,train_test,0.05,0.25,3,109,0.9724770642201835,0.0,0.0,0.027522935779816515,1136,874,8.01834862385321,10.422018348623853,0.1651376146788991,0.1651376146788991,109,109,4,4,0,2,1,2,105,0.5,0.4,32,0,0,109,0,4,146,144,0,0,0,0,0,0,0.0,1.0264084507042253,1.0,1.1223591549295775,1.0088028169014085
Contextual,Stride,0,train_test,0.05,0.25,3,109,0.9541284403669725,0.0,0.0,0.045871559633027525,1275,1166,10.697247706422019,11.697247706422019,0.0,0.0,0,0,0,0,0,0,0,0,0,0.0,0.0,0,0,0,109,0,0,0,0,1,1,1,1,0,16,16.0,0.9145098039215687,0.8909803921568628,1.0,0.8988235294117647
Contextual,Markov-1,0,train_test,0.05,0.25,3,109,1.0,0.0,0.0,0.0,1146,436,4.0,10.513761467889909,0.8256880733944955,1.0,109,146,5,5,0,5,4,0,141,1.0,1.0,40,0,0,109,0,5,146,146,6,5,6,6,6,144,24.0,1.0174520069808028,0.9912739965095986,1.112565445026178,1.0
Contextual,WAM depth=1,0,train_test,0.05,0.25,3,109,1.0,0.0,0.0,0.0,1146,436,4.0,10.513761467889909,0.8256880733944955,1.0,109,146,5,5,0,5,4,0,141,1.0,1.0,40,0,0,109,0,5,146,146,5,6,5,5,5,120,24.0,1.0174520069808028,0.9912739965095986,1.112565445026178,1.0
Contextual,WAM depth=2,0,train_test,0.05,0.25,3,109,1.0,0.0,0.0,0.0,1404,436,4.0,12.880733944954128,1.0,1.0,109,109,5,5,0,5,5,0,104,1.0,1.0,40,0,0,218,0,5,0,0,11,12,11,11,11,264,24.0,0.8304843304843305,0.8091168091168092,0.9081196581196581,0.8162393162393162
Contextual,WAM depth=3,0,train_test,0.05,0.25,3,109,1.0,0.0,0.0,0.0,1513,436,4.0,13.880733944954128,1.0,1.0,109,109,5,5,0,5,5,0,104,1.0,1.0,40,0,0,327,0,5,0,0,17,18,17,17,17,408,24.0,0.7706543291473893,0.7508261731658956,0.8426966292134831,0.7574355584930601
Contextual,WAM depth=4,0,train_test,0.05,0.25,3,109,1.0,0.0,0.0,0.0,1622,436,4.0,14.880733944954128,1.0,1.0,109,109,5,5,0,5,5,0,104,1.0,1.0,40,0,0,436,0,5,0,0,23,24,23,23,23,552,24.0,0.718865598027127,0.7003699136868065,0.7860665844636252,0.7065351418002466
Contextual,WAM depth=8,0,train_test,0.05,0.25,3,109,1.0,0.0,0.0,0.0,2058,436,4.0,18.880733944954127,1.0,1.0,109,109,5,5,0,5,5,0,104,1.0,1.0,40,0,0,872,0,5,0,0,47,48,47,47,47,1128,24.0,0.5665694849368319,0.5519922254616132,0.619533527696793,0.5568513119533528
LongerDependency,None,0,train_test,0.05,0.25,3,109,0.9357798165137615,0.0,0.0,0.06422018348623854,1458,1458,13.376146788990825,13.376146788990825,0.0,0.0,0,0,0,0,0,0,0,0,0,0.0,0.0,0,0,0,0,0,0,0,0,0,0,0,0,0,0,0.0,1.0,0.9732510288065843,1.0747599451303156,0.9910836762688614
LongerDependency,NextLine,0,train_test,0.05,0.25,3,109,0.981651376146789,0.0,0.0,0.01834862385321101,1419,728,6.678899082568807,13.01834862385321,0.5045871559633027,0.5045871559633027,109,109,7,7,0,5,4,2,102,0.7142857142857143,0.7142857142857143,56,0,0,109,0,7,164,162,0,0,0,0,0,0,0.0,1.0274841437632136,1.0,1.1042988019732205,1.018322762508809
LongerDependency,Stride,0,train_test,0.05,0.25,3,109,0.9357798165137615,0.0,0.0,0.06422018348623854,1567,1458,13.376146788990825,14.376146788990825,0.0,0.0,0,0,0,0,0,0,0,0,0,0.0,0.0,0,0,0,109,0,0,0,0,1,1,1,1,0,16,16.0,0.9304403318442884,0.9055520102105935,1.0,0.9221442246330568
LongerDependency,Markov-1,0,train_test,0.05,0.25,3,109,1.0,0.0,0.0,0.0,1445,436,4.0,13.256880733944953,0.8990825688073395,1.0,109,131,7,7,0,7,6,0,124,1.0,1.0,56,0,0,109,0,7,146,146,8,7,8,8,8,192,24.0,1.0089965397923875,0.9820069204152249,1.0844290657439446,1.0
LongerDependency,WAM depth=1,0,train_test,0.05,0.25,3,109,1.0,0.0,0.0,0.0,1445,436,4.0,13.256880733944953,0.8990825688073395,1.0,109,131,7,7,0,7,6,0,124,1.0,1.0,56,0,0,109,0,7,146,146,7,8,7,7,7,168,24.0,1.0089965397923875,0.9820069204152249,1.0844290657439446,1.0
LongerDependency,WAM depth=2,0,train_test,0.05,0.25,3,109,1.0,0.0,0.0,0.0,1554,436,4.0,14.256880733944953,0.8990825688073395,1.0,109,131,7,7,0,7,6,0,124,1.0,1.0,56,0,0,218,0,7,146,146,15,16,15,15,15,360,24.0,0.9382239382239382,0.9131274131274131,1.0083655083655083,0.9298584298584298
LongerDependency,WAM depth=3,0,train_test,0.05,0.25,3,109,1.0,0.0,0.0,0.0,1663,436,4.0,15.256880733944953,0.8990825688073395,1.0,109,131,7,7,0,7,6,0,124,1.0,1.0,56,0,0,327,0,7,146,146,24,25,24,24,24,576,24.0,0.8767288033674083,0.8532772098616958,0.9422730006013229,0.8689116055321707
LongerDependency,WAM depth=4,0,train_test,0.05,0.25,3,109,1.0,0.0,0.0,0.0,1922,436,4.0,17.63302752293578,1.0,1.0,109,109,7,7,0,7,7,0,102,1.0,1.0,56,0,0,436,0,7,0,0,34,35,34,34,34,816,24.0,0.7585848074921956,0.7382934443288242,0.8152965660770031,0.7518210197710719
LongerDependency,WAM depth=8,0,train_test,0.05,0.25,3,109,1.0,0.0,0.0,0.0,2358,436,4.0,21.63302752293578,1.0,1.0,109,109,7,7,0,7,7,0,102,1.0,1.0,56,0,0,872,0,7,0,0,74,75,74,74,74,1776,24.0,0.6183206106870229,0.6017811704834606,0.6645462256149279,0.6128074639525021
Probabilistic,None,0,train_test,0.05,0.25,3,109,0.963302752293578,0.0,0.0,0.03669724770642202,1020,1020,9.357798165137615,9.357798165137615,0.0,0.0,0,0,0,0,0,0,0,0,0,0.0,0.0,0,0,0,0,0,0,0,0,0,0,0,0,0,0,0.0,1.0,0.9735294117647059,1.1068627450980393,0.9754901960784313
Probabilistic,NextLine,0,train_test,0.05,0.25,3,109,0.9908256880733946,0.0,0.0,0.009174311926605505,993,582,5.339449541284404,9.110091743119266,0.5688073394495413,0.5688073394495413,109,109,4,4,0,3,2,1,105,0.75,0.75,32,0,0,109,0,4,146,145,0,0,0,0,0,0,0.0,1.027190332326284,1.0,1.1369587109768378,1.002014098690836
Probabilistic,Stride,0,train_test,0.05,0.25,3,109,0.963302752293578,0.0,0.0,0.03669724770642202,1129,1020,9.357798165137615,10.357798165137615,0.0,0.0,0,0,0,0,0,0,0,0,0,0.0,0.0,0,0,0,109,0,0,0,0,1,1,1,1,0,16,16.0,0.9034543844109831,0.8795394154118689,1.0,0.8813108945969885
Probabilistic,Markov-1,0,train_test,0.05,0.25,3,109,1.0,0.0,0.0,0.0,995,436,4.0,9.128440366972477,0.8990825688073395,1.0,109,146,4,4,0,4,3,0,142,1.0,1.0,32,0,0,109,0,4,146,146,5,4,5,5,5,120,24.0,1.0251256281407035,0.9979899497487437,1.1346733668341709,1.0
Probabilistic,WAM depth=1,0,train_test,0.05,0.25,3,109,1.0,0.0,0.0,0.0,995,436,4.0,9.128440366972477,0.8990825688073395,1.0,109,146,4,4,0,4,3,0,142,1.0,1.0,32,0,0,109,0,4,146,146,4,5,4,4,4,96,24.0,1.0251256281407035,0.9979899497487437,1.1346733668341709,1.0
Probabilistic,WAM depth=2,0,train_test,0.05,0.25,3,109,1.0,0.0,0.0,0.0,1104,436,4.0,10.128440366972477,0.8990825688073395,1.0,109,146,4,4,0,4,3,0,142,1.0,1.0,32,0,0,218,0,4,146,146,9,10,9,9,9,216,24.0,0.9239130434782609,0.8994565217391305,1.022644927536232,0.9012681159420289
Probabilistic,WAM depth=3,0,train_test,0.05,0.25,3,109,1.0,0.0,0.0,0.0,1213,436,4.0,11.128440366972477,0.8990825688073395,1.0,109,146,4,4,0,4,3,0,142,1.0,1.0,32,0,0,327,0,4,146,146,15,16,15,15,15,360,24.0,0.8408903544929925,0.8186314921681781,0.9307502061005771,0.8202802967848309
Probabilistic,WAM depth=4,0,train_test,0.05,0.25,3,109,1.0,0.0,0.0,0.0,1322,436,4.0,12.128440366972477,0.8990825688073395,1.0,109,146,4,4,0,4,3,0,142,1.0,1.0,32,0,0,436,0,4,146,146,23,24,23,23,23,552,24.0,0.7715582450832073,0.7511346444780636,0.8540090771558245,0.7526475037821483
Probabilistic,WAM depth=8,0,train_test,0.05,0.25,3,109,1.0,0.0,0.0,0.0,1758,436,4.0,16.128440366972477,0.8990825688073395,1.0,109,146,4,4,0,4,3,0,142,1.0,1.0,32,0,0,872,0,4,146,146,81,82,81,81,81,1944,24.0,0.5802047781569966,0.5648464163822525,0.6422070534698521,0.5659840728100114
PhaseChanging,None,0,train_test,0.05,0.25,3,109,0.9724770642201835,0.0,0.0,0.027522935779816515,874,874,8.01834862385321,8.01834862385321,0.0,0.0,0,0,0,0,0,0,0,0,0,0.0,0.0,0,0,0,0,0,0,0,0,0,0,0,0,0,0,0.0,1.0,1.131578947368421,1.1247139588100687,1.139588100686499
PhaseChanging,NextLine,0,train_test,0.05,0.25,3,109,0.981651376146789,0.0,0.0,0.01834862385321101,989,728,6.678899082568807,9.073394495412844,0.3394495412844037,0.3394495412844037,109,109,3,3,0,1,1,2,106,0.3333333333333333,0.3333333333333333,24,0,0,109,0,3,0,-2,0,0,0,0,0,0,0.0,0.8837209302325582,1.0,0.993933265925177,1.0070778564206269
PhaseChanging,Stride,0,train_test,0.05,0.25,3,109,0.9724770642201835,0.0,0.0,0.027522935779816515,983,874,8.01834862385321,9.01834862385321,0.0,0.0,0,0,0,0,0,0,0,0,0,0.0,0.0,0,0,0,109,0,0,0,0,1,1,1,1,0,16,16.0,0.8891149542217701,1.0061037639877926,1.0,1.0132248219735505
PhaseChanging,Markov-1,0,train_test,0.05,0.25,3,109,1.0,0.0,0.0,0.0,996,436,4.0,9.137614678899082,0.6697247706422018,1.0,109,145,4,4,0,3,3,1,141,0.75,1.0,32,0,0,109,0,4,0,-1,6,5,6,6,6,144,24.0,0.8775100401606426,0.9929718875502008,0.9869477911646586,1.0
PhaseChanging,WAM depth=1,0,train_test,0.05,0.25,3,109,1.0,0.0,0.0,0.0,996,436,4.0,9.137614678899082,0.6697247706422018,1.0,109,145,4,4,0,3,3,1,141,0.75,1.0,32,0,0,109,0,4,0,-1,5,6,5,5,5,120,24.0,0.8775100401606426,0.9929718875502008,0.9869477911646586,1.0
PhaseChanging,WAM depth=2,0,train_test,0.05,0.25,3,109,1.0,0.0,0.0,0.0,1104,436,4.0,10.128440366972477,1.0,1.0,109,109,3,3,0,3,3,0,106,1.0,1.0,24,0,0,218,0,3,0,0,11,12,11,11,11,264,24.0,0.7916666666666666,0.8958333333333334,0.8903985507246377,0.9021739130434783
PhaseChanging,WAM depth=3,0,train_test,0.05,0.25,3,109,1.0,0.0,0.0,0.0,1213,436,4.0,11.128440366972477,1.0,1.0,109,109,3,3,0,3,3,0,106,1.0,1.0,24,0,0,327,0,3,0,0,18,19,18,18,18,432,24.0,0.720527617477329,0.8153338829348722,0.8103874690849134,0.8211046990931574
PhaseChanging,WAM depth=4,0,train_test,0.05,0.25,3,109,1.0,0.0,0.0,0.0,1322,436,4.0,12.128440366972477,1.0,1.0,109,109,3,3,0,3,3,0,106,1.0,1.0,24,0,0,436,0,3,0,0,26,27,26,26,26,624,24.0,0.6611195158850227,0.7481089258698941,0.74357034795764,0.7534039334341907
PhaseChanging,WAM depth=8,0,train_test,0.05,0.25,3,109,1.0,0.0,0.0,0.0,1758,436,4.0,16.128440366972477,1.0,1.0,109,109,3,3,0,3,3,0,106,1.0,1.0,24,0,0,872,0,3,0,0,68,69,68,68,68,1632,24.0,0.49715585893060293,0.5625711035267349,0.5591581342434585,0.5665529010238908
Random,None,0,train_test,0.05,0.25,3,109,0.06422018348623854,0.009174311926605505,0.0,0.926605504587156,15190,15190,139.3577981651376,139.3577981651376,0.0,0.0,0,0,0,0,0,0,0,0,0,0.0,0.0,0,0,38,0,0,0,0,0,0,0,0,0,0,0,0.0,1.0,0.9955892034233048,1.0071757735352205,0.990388413429888
Random,NextLine,0,train_test,0.05,0.25,3,109,0.07339449541284404,0.027522935779816515,0.0,0.8990825688073395,15123,14768,135.4862385321101,138.74311926605503,0.009174311926605505,0.009174311926605505,109,109,97,96,0,3,1,94,12,0.030927835051546393,0.0297029702970297,776,5,68,109,0,97,292,263,0,0,0,0,0,0,0.0,1.00443033789592,1.0,1.0116379025325664,0.9947761687495867
Random,Stride,0,train_test,0.05,0.25,3,109,0.06422018348623854,0.009174311926605505,0.0,0.926605504587156,15299,15190,139.3577981651376,140.3577981651376,0.0,0.0,0,0,0,0,0,0,0,0,0,0.0,0.0,0,0,38,109,0,0,0,0,1,1,1,1,0,16,16.0,0.9928753513301523,0.9884959801294202,1.0,0.9833322439375123
Random,Markov-1,0,train_test,0.05,0.25,3,109,0.07339449541284404,0.01834862385321101,0.0,0.908256880733945,15044,14906,136.75229357798165,138.0183486238532,0.0,0.0,25,29,29,29,0,2,0,27,0,0.06896551724137931,0.019801980198019802,232,0,52,109,0,29,292,279,250,219,250,250,250,6000,24.0,1.0097048657272003,1.005251262961978,1.016950279181069,1.0
Random,WAM depth=1,0,train_test,0.05,0.25,3,109,0.07339449541284404,0.01834862385321101,0.0,0.908256880733945,15044,14906,136.75229357798165,138.0183486238532,0.0,0.0,25,29,29,29,0,2,0,27,0,0.06896551724137931,0.019801980198019802,232,0,52,109,0,29,292,279,219,220,219,219,219,5256,24.0,1.0097048657272003,1.005251262961978,1.016950279181069,1.0
Random,WAM depth=2,0,train_test,0.05,0.25,3,109,0.06422018348623854,0.009174311926605505,0.0,0.926605504587156,15409,15190,139.3577981651376,141.36697247706422,0.0,0.0,1,1,1,1,0,0,0,1,0,0.0,0.0,8,0,39,218,0,1,0,-1,468,469,468,468,468,11232,24.0,0.9857875267700694,0.9814394185216432,0.9928613148160166,0.9763125446167824
Random,WAM depth=3,0,train_test,0.05,0.25,3,109,0.06422018348623854,0.009174311926605505,0.0,0.926605504587156,15518,15190,139.3577981651376,142.36697247706422,0.0,0.0,1,1,1,1,0,0,0,1,0,0.0,0.0,8,0,39,327,0,1,0,-1,714,715,714,714,714,17136,24.0,0.978863255574172,0.9745456888774326,0.9858873566181209,0.9694548266529192
Random,WAM depth=4,0,train_test,0.05,0.25,3,109,0.06422018348623854,0.009174311926605505,0.0,0.926605504587156,15627,15190,139.3577981651376,143.36697247706422,0.0,0.0,1,1,1,1,0,0,0,1,0,0.0,0.0,8,0,39,436,0,1,0,-1,958,959,958,958,958,22992,24.0,0.972035579445831,0.9677481282395853,0.9790106866321111,0.9626927753247584
Random,WAM depth=8,0,train_test,0.05,0.25,3,109,0.06422018348623854,0.009174311926605505,0.0,0.926605504587156,16063,15190,139.3577981651376,147.36697247706422,0.0,0.0,1,1,1,1,0,0,0,1,0,0.0,0.0,8,0,39,872,0,1,0,-1,1914,1915,1914,1914,1914,45936,24.0,0.9456514972296582,0.9414804208429309,0.9524372782170205,0.9365622859988794
Sequential,None,1,train_test,0.05,0.25,3,109,0.0,0.0,0.0,1.0,16350,16350,150.0,150.0,0.0,0.0,0,0,0,0,0,0,0,0,0,0.0,0.0,0,0,45,0,0,0,0,0,0,0,0,0,0,0,0.0,1.0,1.0333333333333334,1.0333333333333334,1.0066666666666666
Sequential,NextLine,1,train_test,0.05,0.25,3,109,1.0,0.0,0.0,0.0,16895,436,4.0,155.0,1.0,1.0,109,109,109,109,0,109,109,0,0,1.0,1.0,872,0,45,109,0,109,0,0,0,0,0,0,0,0,0.0,0.967741935483871,1.0,1.0,0.9741935483870968
Sequential,Stride,1,train_test,0.05,0.25,3,109,1.0,0.0,0.0,0.0,16895,436,4.0,155.0,1.0,1.0,109,109,109,109,0,109,109,0,0,1.0,1.0,872,0,45,109,0,109,0,0,1,1,1,1,0,16,16.0,0.967741935483871,1.0,1.0,0.9741935483870968
Sequential,Markov-1,1,train_test,0.05,0.25,3,109,0.0,0.0,0.0,1.0,16459,16350,150.0,151.0,0.0,0.0,0,0,0,0,0,0,0,0,0,0.0,0.0,0,0,45,109,0,0,0,0,250,250,250,250,250,6000,24.0,0.9933774834437086,1.0264900662251655,1.0264900662251655,1.0
Sequential,WAM depth=1,1,train_test,0.05,0.25,3,109,0.0,0.0,0.0,1.0,16459,16350,150.0,151.0,0.0,0.0,0,0,0,0,0,0,0,0,0,0.0,0.0,0,0,45,109,0,0,0,0,250,251,250,250,250,6000,24.0,0.9933774834437086,1.0264900662251655,1.0264900662251655,1.0
Sequential,WAM depth=2,1,train_test,0.05,0.25,3,109,0.0,0.0,0.0,1.0,16568,16350,150.0,152.0,0.0,0.0,0,0,0,0,0,0,0,0,0,0.0,0.0,0,0,45,218,0,0,0,0,498,499,498,498,498,11952,24.0,0.9868421052631579,1.019736842105263,1.019736842105263,0.993421052631579
Sequential,WAM depth=3,1,train_test,0.05,0.25,3,109,0.0,0.0,0.0,1.0,16677,16350,150.0,153.0,0.0,0.0,0,0,0,0,0,0,0,0,0,0.0,0.0,0,0,45,327,0,0,0,0,744,745,744,744,744,17856,24.0,0.9803921568627451,1.0130718954248366,1.0130718954248366,0.9869281045751634
Sequential,WAM depth=4,1,train_test,0.05,0.25,3,109,0.0,0.0,0.0,1.0,16786,16350,150.0,154.0,0.0,0.0,0,0,0,0,0,0,0,0,0,0.0,0.0,0,0,45,436,0,0,0,0,988,989,988,988,988,23712,24.0,0.974025974025974,1.0064935064935066,1.0064935064935066,0.9805194805194806
Sequential,WAM depth=8,1,train_test,0.05,0.25,3,109,0.0,0.0,0.0,1.0,17222,16350,150.0,158.0,0.0,0.0,0,0,0,0,0,0,0,0,0,0.0,0.0,0,0,45,872,0,0,0,0,1944,1945,1944,1944,1944,46656,24.0,0.9493670886075949,0.9810126582278481,0.9810126582278481,0.9556962025316456
Stride,None,1,train_test,0.05,0.25,3,109,0.0,0.0,0.0,1.0,16350,16350,150.0,150.0,0.0,0.0,0,0,0,0,0,0,0,0,0,0.0,0.0,0,0,45,0,0,0,0,0,0,0,0,0,0,0,0.0,1.0,1.0133333333333334,1.0333333333333334,1.0066666666666666
Stride,NextLine,1,train_test,0.05,0.25,3,109,0.0,0.0,0.0,1.0,16568,16350,150.0,152.0,0.0,0.0,109,109,109,108,0,0,0,109,0,0.0,0.0,872,0,77,109,0,109,0,-33,0,0,0,0,0,0,0.0,0.9868421052631579,1.0,1.019736842105263,0.993421052631579
Stride,Stride,1,train_test,0.05,0.25,3,109,1.0,0.0,0.0,0.0,16895,436,4.0,155.0,1.0,1.0,109,109,109,109,0,109,109,0,0,1.0,1.0,872,0,45,109,0,109,0,0,1,1,1,1,0,16,16.0,0.967741935483871,0.9806451612903225,1.0,0.9741935483870968
Stride,Markov-1,1,train_test,0.05,0.25,3,109,0.0,0.0,0.0,1.0,16459,16350,150.0,151.0,0.0,0.0,0,0,0,0,0,0,0,0,0,0.0,0.0,0,0,45,109,0,0,0,0,250,250,250,250,250,6000,24.0,0.9933774834437086,1.0066225165562914,1.0264900662251655,1.0
Stride,WAM depth=1,1,train_test,0.05,0.25,3,109,0.0,0.0,0.0,1.0,16459,16350,150.0,151.0,0.0,0.0,0,0,0,0,0,0,0,0,0,0.0,0.0,0,0,45,109,0,0,0,0,250,251,250,250,250,6000,24.0,0.9933774834437086,1.0066225165562914,1.0264900662251655,1.0
Stride,WAM depth=2,1,train_test,0.05,0.25,3,109,0.0,0.0,0.0,1.0,16568,16350,150.0,152.0,0.0,0.0,0,0,0,0,0,0,0,0,0,0.0,0.0,0,0,45,218,0,0,0,0,498,499,498,498,498,11952,24.0,0.9868421052631579,1.0,1.019736842105263,0.993421052631579
Stride,WAM depth=3,1,train_test,0.05,0.25,3,109,0.0,0.0,0.0,1.0,16677,16350,150.0,153.0,0.0,0.0,0,0,0,0,0,0,0,0,0,0.0,0.0,0,0,45,327,0,0,0,0,744,745,744,744,744,17856,24.0,0.9803921568627451,0.9934640522875817,1.0130718954248366,0.9869281045751634
Stride,WAM depth=4,1,train_test,0.05,0.25,3,109,0.0,0.0,0.0,1.0,16786,16350,150.0,154.0,0.0,0.0,0,0,0,0,0,0,0,0,0,0.0,0.0,0,0,45,436,0,0,0,0,988,989,988,988,988,23712,24.0,0.974025974025974,0.987012987012987,1.0064935064935066,0.9805194805194806
Stride,WAM depth=8,1,train_test,0.05,0.25,3,109,0.0,0.0,0.0,1.0,17222,16350,150.0,158.0,0.0,0.0,0,0,0,0,0,0,0,0,0,0.0,0.0,0,0,45,872,0,0,0,0,1944,1945,1944,1944,1944,46656,24.0,0.9493670886075949,0.9620253164556962,0.9810126582278481,0.9556962025316456
Repeating,None,1,train_test,0.05,0.25,3,109,0.963302752293578,0.0,0.0,0.03669724770642202,1020,1020,9.357798165137615,9.357798165137615,0.0,0.0,0,0,0,0,0,0,0,0,0,0.0,0.0,0,0,0,0,0,0,0,0,0,0,0,0,0,0,0.0,1.0,1.119607843137255,1.119607843137255,1.1225490196078431
Repeating,NextLine,1,train_test,0.05,0.25,3,109,0.9908256880733946,0.0,0.0,0.009174311926605505,1142,582,5.339449541284404,10.477064220183486,0.7522935779816514,0.7522935779816514,109,109,4,4,0,3,3,1,105,0.75,0.75,32,0,0,109,0,4,0,-1,0,0,0,0,0,0,0.0,0.8931698774080561,1.0,1.0,1.0026269702276707
Repeating,Stride,1,train_test,0.05,0.25,3,109,0.9908256880733946,0.0,0.0,0.009174311926605505,1142,582,5.339449541284404,10.477064220183486,0.7522935779816514,0.7522935779816514,109,109,4,4,0,3,3,1,105,0.75,0.75,32,0,0,109,0,4,0,-1,1,1,1,1,0,16,16.0,0.8931698774080561,1.0,1.0,1.0026269702276707
Repeating,Markov-1,1,train_test,0.05,0.25,3,109,1.0,0.0,0.0,0.0,1145,436,4.0,10.504587155963304,1.0,1.0,109,109,4,4,0,4,4,0,105,1.0,1.0,32,0,0,109,0,4,0,0,4,4,4,4,4,96,24.0,0.8908296943231441,0.9973799126637555,0.9973799126637555,1.0
Repeating,WAM depth=1,1,train_test,0.05,0.25,3,109,1.0,0.0,0.0,0.0,1145,436,4.0,10.504587155963304,1.0,1.0,109,109,4,4,0,4,4,0,105,1.0,1.0,32,0,0,109,0,4,0,0,4,5,4,4,4,96,24.0,0.8908296943231441,0.9973799126637555,0.9973799126637555,1.0
Repeating,WAM depth=2,1,train_test,0.05,0.25,3,109,1.0,0.0,0.0,0.0,1254,436,4.0,11.504587155963304,1.0,1.0,109,109,4,4,0,4,4,0,105,1.0,1.0,32,0,0,218,0,4,0,0,8,9,8,8,8,192,24.0,0.8133971291866029,0.9106858054226475,0.9106858054226475,0.9130781499202552
Repeating,WAM depth=3,1,train_test,0.05,0.25,3,109,1.0,0.0,0.0,0.0,1363,436,4.0,12.504587155963304,1.0,1.0,109,109,4,4,0,4,4,0,105,1.0,1.0,32,0,0,327,0,4,0,0,12,13,12,12,12,288,24.0,0.7483492296404989,0.8378576669112252,0.8378576669112252,0.8400586940572267
Repeating,WAM depth=4,1,train_test,0.05,0.25,3,109,1.0,0.0,0.0,0.0,1472,436,4.0,13.504587155963304,1.0,1.0,109,109,4,4,0,4,4,0,105,1.0,1.0,32,0,0,436,0,4,0,0,16,17,16,16,16,384,24.0,0.6929347826086957,0.7758152173913043,0.7758152173913043,0.7778532608695652
Repeating,WAM depth=8,1,train_test,0.05,0.25,3,109,1.0,0.0,0.0,0.0,1908,436,4.0,17.504587155963304,1.0,1.0,109,109,4,4,0,4,4,0,105,1.0,1.0,32,0,0,872,0,4,0,0,32,33,32,32,32,768,24.0,0.5345911949685535,0.5985324947589099,0.5985324947589099,0.600104821802935
Contextual,None,1,train_test,0.05,0.25,3,109,0.9541284403669725,0.0,0.0,0.045871559633027525,1166,1166,10.697247706422019,10.697247706422019,0.0,0.0,0,0,0,0,0,0,0,0,0,0.0,0.0,0,0,0,0,0,0,0,0,0,0,0,0,0,0,0.0,1.0,0.9742710120068611,1.0934819897084047,0.9828473413379074
Contextual,NextLine,1,train_test,0.05,0.25,3,109,0.9724770642201835,0.0,0.0,0.027522935779816515,1136,874,8.01834862385321,10.422018348623853,0.1651376146788991,0.1651376146788991,109,109,4,4,0,2,1,2,105,0.5,0.4,32,0,0,109,0,4,146,144,0,0,0,0,0,0,0.0,1.0264084507042253,1.0,1.1223591549295775,1.0088028169014085
Contextual,Stride,1,train_test,0.05,0.25,3,109,0.9541284403669725,0.0,0.0,0.045871559633027525,1275,1166,10.697247706422019,11.697247706422019,0.0,0.0,0,0,0,0,0,0,0,0,0,0.0,0.0,0,0,0,109,0,0,0,0,1,1,1,1,0,16,16.0,0.9145098039215687,0.8909803921568628,1.0,0.8988235294117647
Contextual,Markov-1,1,train_test,0.05,0.25,3,109,1.0,0.0,0.0,0.0,1146,436,4.0,10.513761467889909,0.8256880733944955,1.0,109,146,5,5,0,5,4,0,141,1.0,1.0,40,0,0,109,0,5,146,146,6,5,6,6,6,144,24.0,1.0174520069808028,0.9912739965095986,1.112565445026178,1.0
Contextual,WAM depth=1,1,train_test,0.05,0.25,3,109,1.0,0.0,0.0,0.0,1146,436,4.0,10.513761467889909,0.8256880733944955,1.0,109,146,5,5,0,5,4,0,141,1.0,1.0,40,0,0,109,0,5,146,146,5,6,5,5,5,120,24.0,1.0174520069808028,0.9912739965095986,1.112565445026178,1.0
Contextual,WAM depth=2,1,train_test,0.05,0.25,3,109,1.0,0.0,0.0,0.0,1404,436,4.0,12.880733944954128,1.0,1.0,109,109,5,5,0,5,5,0,104,1.0,1.0,40,0,0,218,0,5,0,0,11,12,11,11,11,264,24.0,0.8304843304843305,0.8091168091168092,0.9081196581196581,0.8162393162393162
Contextual,WAM depth=3,1,train_test,0.05,0.25,3,109,1.0,0.0,0.0,0.0,1513,436,4.0,13.880733944954128,1.0,1.0,109,109,5,5,0,5,5,0,104,1.0,1.0,40,0,0,327,0,5,0,0,17,18,17,17,17,408,24.0,0.7706543291473893,0.7508261731658956,0.8426966292134831,0.7574355584930601
Contextual,WAM depth=4,1,train_test,0.05,0.25,3,109,1.0,0.0,0.0,0.0,1622,436,4.0,14.880733944954128,1.0,1.0,109,109,5,5,0,5,5,0,104,1.0,1.0,40,0,0,436,0,5,0,0,23,24,23,23,23,552,24.0,0.718865598027127,0.7003699136868065,0.7860665844636252,0.7065351418002466
Contextual,WAM depth=8,1,train_test,0.05,0.25,3,109,1.0,0.0,0.0,0.0,2058,436,4.0,18.880733944954127,1.0,1.0,109,109,5,5,0,5,5,0,104,1.0,1.0,40,0,0,872,0,5,0,0,47,48,47,47,47,1128,24.0,0.5665694849368319,0.5519922254616132,0.619533527696793,0.5568513119533528
LongerDependency,None,1,train_test,0.05,0.25,3,109,0.9357798165137615,0.0,0.0,0.06422018348623854,1458,1458,13.376146788990825,13.376146788990825,0.0,0.0,0,0,0,0,0,0,0,0,0,0.0,0.0,0,0,0,0,0,0,0,0,0,0,0,0,0,0,0.0,1.0,0.9732510288065843,1.0747599451303156,0.9910836762688614
LongerDependency,NextLine,1,train_test,0.05,0.25,3,109,0.981651376146789,0.0,0.0,0.01834862385321101,1419,728,6.678899082568807,13.01834862385321,0.5045871559633027,0.5045871559633027,109,109,7,7,0,5,4,2,102,0.7142857142857143,0.7142857142857143,56,0,0,109,0,7,164,162,0,0,0,0,0,0,0.0,1.0274841437632136,1.0,1.1042988019732205,1.018322762508809
LongerDependency,Stride,1,train_test,0.05,0.25,3,109,0.9357798165137615,0.0,0.0,0.06422018348623854,1567,1458,13.376146788990825,14.376146788990825,0.0,0.0,0,0,0,0,0,0,0,0,0,0.0,0.0,0,0,0,109,0,0,0,0,1,1,1,1,0,16,16.0,0.9304403318442884,0.9055520102105935,1.0,0.9221442246330568
LongerDependency,Markov-1,1,train_test,0.05,0.25,3,109,1.0,0.0,0.0,0.0,1445,436,4.0,13.256880733944953,0.8990825688073395,1.0,109,131,7,7,0,7,6,0,124,1.0,1.0,56,0,0,109,0,7,146,146,8,7,8,8,8,192,24.0,1.0089965397923875,0.9820069204152249,1.0844290657439446,1.0
LongerDependency,WAM depth=1,1,train_test,0.05,0.25,3,109,1.0,0.0,0.0,0.0,1445,436,4.0,13.256880733944953,0.8990825688073395,1.0,109,131,7,7,0,7,6,0,124,1.0,1.0,56,0,0,109,0,7,146,146,7,8,7,7,7,168,24.0,1.0089965397923875,0.9820069204152249,1.0844290657439446,1.0
LongerDependency,WAM depth=2,1,train_test,0.05,0.25,3,109,1.0,0.0,0.0,0.0,1554,436,4.0,14.256880733944953,0.8990825688073395,1.0,109,131,7,7,0,7,6,0,124,1.0,1.0,56,0,0,218,0,7,146,146,15,16,15,15,15,360,24.0,0.9382239382239382,0.9131274131274131,1.0083655083655083,0.9298584298584298
LongerDependency,WAM depth=3,1,train_test,0.05,0.25,3,109,1.0,0.0,0.0,0.0,1663,436,4.0,15.256880733944953,0.8990825688073395,1.0,109,131,7,7,0,7,6,0,124,1.0,1.0,56,0,0,327,0,7,146,146,24,25,24,24,24,576,24.0,0.8767288033674083,0.8532772098616958,0.9422730006013229,0.8689116055321707
LongerDependency,WAM depth=4,1,train_test,0.05,0.25,3,109,1.0,0.0,0.0,0.0,1922,436,4.0,17.63302752293578,1.0,1.0,109,109,7,7,0,7,7,0,102,1.0,1.0,56,0,0,436,0,7,0,0,34,35,34,34,34,816,24.0,0.7585848074921956,0.7382934443288242,0.8152965660770031,0.7518210197710719
LongerDependency,WAM depth=8,1,train_test,0.05,0.25,3,109,1.0,0.0,0.0,0.0,2358,436,4.0,21.63302752293578,1.0,1.0,109,109,7,7,0,7,7,0,102,1.0,1.0,56,0,0,872,0,7,0,0,74,75,74,74,74,1776,24.0,0.6183206106870229,0.6017811704834606,0.6645462256149279,0.6128074639525021
Probabilistic,None,1,train_test,0.05,0.25,3,109,0.963302752293578,0.0,0.0,0.03669724770642202,1020,1020,9.357798165137615,9.357798165137615,0.0,0.0,0,0,0,0,0,0,0,0,0,0.0,0.0,0,0,0,0,0,0,0,0,0,0,0,0,0,0,0.0,1.0,0.9735294117647059,1.1068627450980393,0.9754901960784313
Probabilistic,NextLine,1,train_test,0.05,0.25,3,109,0.9908256880733946,0.0,0.0,0.009174311926605505,993,582,5.339449541284404,9.110091743119266,0.5688073394495413,0.5688073394495413,109,109,4,4,0,3,2,1,105,0.75,0.75,32,0,0,109,0,4,146,145,0,0,0,0,0,0,0.0,1.027190332326284,1.0,1.1369587109768378,1.002014098690836
Probabilistic,Stride,1,train_test,0.05,0.25,3,109,0.963302752293578,0.0,0.0,0.03669724770642202,1129,1020,9.357798165137615,10.357798165137615,0.0,0.0,0,0,0,0,0,0,0,0,0,0.0,0.0,0,0,0,109,0,0,0,0,1,1,1,1,0,16,16.0,0.9034543844109831,0.8795394154118689,1.0,0.8813108945969885
Probabilistic,Markov-1,1,train_test,0.05,0.25,3,109,1.0,0.0,0.0,0.0,995,436,4.0,9.128440366972477,0.8990825688073395,1.0,109,146,4,4,0,4,3,0,142,1.0,1.0,32,0,0,109,0,4,146,146,5,4,5,5,5,120,24.0,1.0251256281407035,0.9979899497487437,1.1346733668341709,1.0
Probabilistic,WAM depth=1,1,train_test,0.05,0.25,3,109,1.0,0.0,0.0,0.0,995,436,4.0,9.128440366972477,0.8990825688073395,1.0,109,146,4,4,0,4,3,0,142,1.0,1.0,32,0,0,109,0,4,146,146,4,5,4,4,4,96,24.0,1.0251256281407035,0.9979899497487437,1.1346733668341709,1.0
Probabilistic,WAM depth=2,1,train_test,0.05,0.25,3,109,1.0,0.0,0.0,0.0,1104,436,4.0,10.128440366972477,0.8990825688073395,1.0,109,146,4,4,0,4,3,0,142,1.0,1.0,32,0,0,218,0,4,146,146,9,10,9,9,9,216,24.0,0.9239130434782609,0.8994565217391305,1.022644927536232,0.9012681159420289
Probabilistic,WAM depth=3,1,train_test,0.05,0.25,3,109,1.0,0.0,0.0,0.0,1213,436,4.0,11.128440366972477,0.8990825688073395,1.0,109,146,4,4,0,4,3,0,142,1.0,1.0,32,0,0,327,0,4,146,146,15,16,15,15,15,360,24.0,0.8408903544929925,0.8186314921681781,0.9307502061005771,0.8202802967848309
Probabilistic,WAM depth=4,1,train_test,0.05,0.25,3,109,1.0,0.0,0.0,0.0,1322,436,4.0,12.128440366972477,0.8990825688073395,1.0,109,146,4,4,0,4,3,0,142,1.0,1.0,32,0,0,436,0,4,146,146,23,24,23,23,23,552,24.0,0.7715582450832073,0.7511346444780636,0.8540090771558245,0.7526475037821483
Probabilistic,WAM depth=8,1,train_test,0.05,0.25,3,109,1.0,0.0,0.0,0.0,1758,436,4.0,16.128440366972477,0.897196261682243,0.9719626168224299,107,140,4,4,0,4,3,0,136,1.0,1.0,32,0,0,872,0,4,146,146,78,79,78,78,78,1872,24.0,0.5802047781569966,0.5648464163822525,0.6422070534698521,0.5659840728100114
PhaseChanging,None,1,train_test,0.05,0.25,3,109,0.9724770642201835,0.0,0.0,0.027522935779816515,874,874,8.01834862385321,8.01834862385321,0.0,0.0,0,0,0,0,0,0,0,0,0,0.0,0.0,0,0,0,0,0,0,0,0,0,0,0,0,0,0,0.0,1.0,1.131578947368421,1.1247139588100687,1.139588100686499
PhaseChanging,NextLine,1,train_test,0.05,0.25,3,109,0.981651376146789,0.0,0.0,0.01834862385321101,989,728,6.678899082568807,9.073394495412844,0.3394495412844037,0.3394495412844037,109,109,3,3,0,1,1,2,106,0.3333333333333333,0.3333333333333333,24,0,0,109,0,3,0,-2,0,0,0,0,0,0,0.0,0.8837209302325582,1.0,0.993933265925177,1.0070778564206269
PhaseChanging,Stride,1,train_test,0.05,0.25,3,109,0.9724770642201835,0.0,0.0,0.027522935779816515,983,874,8.01834862385321,9.01834862385321,0.0,0.0,0,0,0,0,0,0,0,0,0,0.0,0.0,0,0,0,109,0,0,0,0,1,1,1,1,0,16,16.0,0.8891149542217701,1.0061037639877926,1.0,1.0132248219735505
PhaseChanging,Markov-1,1,train_test,0.05,0.25,3,109,1.0,0.0,0.0,0.0,996,436,4.0,9.137614678899082,0.6697247706422018,1.0,109,145,4,4,0,3,3,1,141,0.75,1.0,32,0,0,109,0,4,0,-1,6,5,6,6,6,144,24.0,0.8775100401606426,0.9929718875502008,0.9869477911646586,1.0
PhaseChanging,WAM depth=1,1,train_test,0.05,0.25,3,109,1.0,0.0,0.0,0.0,996,436,4.0,9.137614678899082,0.6697247706422018,1.0,109,145,4,4,0,3,3,1,141,0.75,1.0,32,0,0,109,0,4,0,-1,5,6,5,5,5,120,24.0,0.8775100401606426,0.9929718875502008,0.9869477911646586,1.0
PhaseChanging,WAM depth=2,1,train_test,0.05,0.25,3,109,1.0,0.0,0.0,0.0,1104,436,4.0,10.128440366972477,1.0,1.0,109,109,3,3,0,3,3,0,106,1.0,1.0,24,0,0,218,0,3,0,0,11,12,11,11,11,264,24.0,0.7916666666666666,0.8958333333333334,0.8903985507246377,0.9021739130434783
PhaseChanging,WAM depth=3,1,train_test,0.05,0.25,3,109,1.0,0.0,0.0,0.0,1213,436,4.0,11.128440366972477,1.0,1.0,109,109,3,3,0,3,3,0,106,1.0,1.0,24,0,0,327,0,3,0,0,18,19,18,18,18,432,24.0,0.720527617477329,0.8153338829348722,0.8103874690849134,0.8211046990931574
PhaseChanging,WAM depth=4,1,train_test,0.05,0.25,3,109,1.0,0.0,0.0,0.0,1322,436,4.0,12.128440366972477,1.0,1.0,109,109,3,3,0,3,3,0,106,1.0,1.0,24,0,0,436,0,3,0,0,26,27,26,26,26,624,24.0,0.6611195158850227,0.7481089258698941,0.74357034795764,0.7534039334341907
PhaseChanging,WAM depth=8,1,train_test,0.05,0.25,3,109,1.0,0.0,0.0,0.0,1758,436,4.0,16.128440366972477,1.0,1.0,109,109,3,3,0,3,3,0,106,1.0,1.0,24,0,0,872,0,3,0,0,68,69,68,68,68,1632,24.0,0.49715585893060293,0.5625711035267349,0.5591581342434585,0.5665529010238908
Random,None,1,train_test,0.05,0.25,3,109,0.03669724770642202,0.01834862385321101,0.0,0.944954128440367,15490,15490,142.11009174311926,142.11009174311926,0.0,0.0,0,0,0,0,0,0,0,0,0,0.0,0.0,0,0,41,0,0,0,0,0,0,0,0,0,0,0,0.0,1.0,0.9855390574564235,1.007036797934151,1.0081988379599742
Random,NextLine,1,train_test,0.05,0.25,3,109,0.05504587155963303,0.027522935779816515,0.0,0.9174311926605505,15266,15060,138.1651376146789,140.05504587155963,0.0,0.0,109,109,97,95,0,3,0,94,12,0.030927835051546393,0.02912621359223301,776,1,70,109,0,97,438,408,0,0,0,0,0,0,0.0,1.014673129830997,1.0,1.0218131796148304,1.022992270404821
Random,Stride,1,train_test,0.05,0.25,3,109,0.03669724770642202,0.01834862385321101,0.0,0.944954128440367,15599,15490,142.11009174311926,143.11009174311926,0.0,0.0,0,0,0,0,0,0,0,0,0,0.0,0.0,0,0,41,109,0,0,0,0,1,1,1,1,0,16,16.0,0.9930123725879864,0.978652477722931,1.0,1.0011539201230848
Random,Markov-1,1,train_test,0.05,0.25,3,109,0.03669724770642202,0.01834862385321101,0.0,0.944954128440367,15617,15490,142.11009174311926,143.27522935779817,0.0,0.0,15,18,18,18,0,0,0,18,0,0.0,0.0,144,0,49,109,0,18,0,-8,250,225,250,250,250,6000,24.0,0.9918678363322021,0.9775244925401806,0.9988474098738555,1.0
Random,WAM depth=1,1,train_test,0.05,0.25,3,109,0.03669724770642202,0.01834862385321101,0.0,0.944954128440367,15617,15490,142.11009174311926,143.27522935779817,0.0,0.0,15,18,18,18,0,0,0,18,0,0.0,0.0,144,0,49,109,0,18,0,-8,225,226,225,225,225,5400,24.0,0.9918678363322021,0.9775244925401806,0.9988474098738555,1.0
Random,WAM depth=2,1,train_test,0.05,0.25,3,109,0.03669724770642202,0.01834862385321101,0.0,0.944954128440367,15708,15490,142.11009174311926,144.11009174311926,0.0,0.0,0,0,0,0,0,0,0,0,0,0.0,0.0,0,0,41,218,0,0,0,0,474,475,474,474,474,11376,24.0,0.9861217214158391,0.9718614718614719,0.9930608607079195,0.9942067736185384
Random,WAM depth=3,1,train_test,0.05,0.25,3,109,0.03669724770642202,0.01834862385321101,0.0,0.944954128440367,15817,15490,142.11009174311926,145.11009174311926,0.0,0.0,0,0,0,0,0,0,0,0,0,0.0,0.0,0,0,41,327,0,0,0,0,721,722,721,721,721,17304,24.0,0.9793260416008093,0.9651640639817918,0.9862173610672061,0.9873553771258772
Random,WAM depth=4,1,train_test,0.05,0.25,3,109,0.03669724770642202,0.01834862385321101,0.0,0.944954128440367,15926,15490,142.11009174311926,146.11009174311926,0.0,0.0,0,0,0,0,0,0,0,0,0,0.0,0.0,0,0,41,436,0,0,0,0,966,967,966,966,966,23184,24.0,0.9726233831470551,0.9585583322868265,0.9794675373602914,0.9805977646615597
Random,WAM depth=8,1,train_test,0.05,0.25,3,109,0.03669724770642202,0.01834862385321101,0.0,0.944954128440367,16362,15490,142.11009174311926,150.11009174311926,0.0,0.0,0,0,0,0,0,0,0,0,0,0.0,0.0,0,0,41,872,0,0,0,0,1923,1924,1923,1923,1923,46152,24.0,0.94670578168928,0.9330155237745997,0.9533675589781201,0.9544676689891212
Sequential,None,2,train_test,0.05,0.25,3,109,0.0,0.0,0.0,1.0,16350,16350,150.0,150.0,0.0,0.0,0,0,0,0,0,0,0,0,0,0.0,0.0,0,0,45,0,0,0,0,0,0,0,0,0,0,0,0.0,1.0,1.0333333333333334,1.0333333333333334,1.0066666666666666
Sequential,NextLine,2,train_test,0.05,0.25,3,109,1.0,0.0,0.0,0.0,16895,436,4.0,155.0,1.0,1.0,109,109,109,109,0,109,109,0,0,1.0,1.0,872,0,45,109,0,109,0,0,0,0,0,0,0,0,0.0,0.967741935483871,1.0,1.0,0.9741935483870968
Sequential,Stride,2,train_test,0.05,0.25,3,109,1.0,0.0,0.0,0.0,16895,436,4.0,155.0,1.0,1.0,109,109,109,109,0,109,109,0,0,1.0,1.0,872,0,45,109,0,109,0,0,1,1,1,1,0,16,16.0,0.967741935483871,1.0,1.0,0.9741935483870968
Sequential,Markov-1,2,train_test,0.05,0.25,3,109,0.0,0.0,0.0,1.0,16459,16350,150.0,151.0,0.0,0.0,0,0,0,0,0,0,0,0,0,0.0,0.0,0,0,45,109,0,0,0,0,250,250,250,250,250,6000,24.0,0.9933774834437086,1.0264900662251655,1.0264900662251655,1.0
Sequential,WAM depth=1,2,train_test,0.05,0.25,3,109,0.0,0.0,0.0,1.0,16459,16350,150.0,151.0,0.0,0.0,0,0,0,0,0,0,0,0,0,0.0,0.0,0,0,45,109,0,0,0,0,250,251,250,250,250,6000,24.0,0.9933774834437086,1.0264900662251655,1.0264900662251655,1.0
Sequential,WAM depth=2,2,train_test,0.05,0.25,3,109,0.0,0.0,0.0,1.0,16568,16350,150.0,152.0,0.0,0.0,0,0,0,0,0,0,0,0,0,0.0,0.0,0,0,45,218,0,0,0,0,498,499,498,498,498,11952,24.0,0.9868421052631579,1.019736842105263,1.019736842105263,0.993421052631579
Sequential,WAM depth=3,2,train_test,0.05,0.25,3,109,0.0,0.0,0.0,1.0,16677,16350,150.0,153.0,0.0,0.0,0,0,0,0,0,0,0,0,0,0.0,0.0,0,0,45,327,0,0,0,0,744,745,744,744,744,17856,24.0,0.9803921568627451,1.0130718954248366,1.0130718954248366,0.9869281045751634
Sequential,WAM depth=4,2,train_test,0.05,0.25,3,109,0.0,0.0,0.0,1.0,16786,16350,150.0,154.0,0.0,0.0,0,0,0,0,0,0,0,0,0,0.0,0.0,0,0,45,436,0,0,0,0,988,989,988,988,988,23712,24.0,0.974025974025974,1.0064935064935066,1.0064935064935066,0.9805194805194806
Sequential,WAM depth=8,2,train_test,0.05,0.25,3,109,0.0,0.0,0.0,1.0,17222,16350,150.0,158.0,0.0,0.0,0,0,0,0,0,0,0,0,0,0.0,0.0,0,0,45,872,0,0,0,0,1944,1945,1944,1944,1944,46656,24.0,0.9493670886075949,0.9810126582278481,0.9810126582278481,0.9556962025316456
Stride,None,2,train_test,0.05,0.25,3,109,0.0,0.0,0.0,1.0,16350,16350,150.0,150.0,0.0,0.0,0,0,0,0,0,0,0,0,0,0.0,0.0,0,0,45,0,0,0,0,0,0,0,0,0,0,0,0.0,1.0,1.0133333333333334,1.0333333333333334,1.0066666666666666
Stride,NextLine,2,train_test,0.05,0.25,3,109,0.0,0.0,0.0,1.0,16568,16350,150.0,152.0,0.0,0.0,109,109,109,108,0,0,0,109,0,0.0,0.0,872,0,77,109,0,109,0,-33,0,0,0,0,0,0,0.0,0.9868421052631579,1.0,1.019736842105263,0.993421052631579
Stride,Stride,2,train_test,0.05,0.25,3,109,1.0,0.0,0.0,0.0,16895,436,4.0,155.0,1.0,1.0,109,109,109,109,0,109,109,0,0,1.0,1.0,872,0,45,109,0,109,0,0,1,1,1,1,0,16,16.0,0.967741935483871,0.9806451612903225,1.0,0.9741935483870968
Stride,Markov-1,2,train_test,0.05,0.25,3,109,0.0,0.0,0.0,1.0,16459,16350,150.0,151.0,0.0,0.0,0,0,0,0,0,0,0,0,0,0.0,0.0,0,0,45,109,0,0,0,0,250,250,250,250,250,6000,24.0,0.9933774834437086,1.0066225165562914,1.0264900662251655,1.0
Stride,WAM depth=1,2,train_test,0.05,0.25,3,109,0.0,0.0,0.0,1.0,16459,16350,150.0,151.0,0.0,0.0,0,0,0,0,0,0,0,0,0,0.0,0.0,0,0,45,109,0,0,0,0,250,251,250,250,250,6000,24.0,0.9933774834437086,1.0066225165562914,1.0264900662251655,1.0
Stride,WAM depth=2,2,train_test,0.05,0.25,3,109,0.0,0.0,0.0,1.0,16568,16350,150.0,152.0,0.0,0.0,0,0,0,0,0,0,0,0,0,0.0,0.0,0,0,45,218,0,0,0,0,498,499,498,498,498,11952,24.0,0.9868421052631579,1.0,1.019736842105263,0.993421052631579
Stride,WAM depth=3,2,train_test,0.05,0.25,3,109,0.0,0.0,0.0,1.0,16677,16350,150.0,153.0,0.0,0.0,0,0,0,0,0,0,0,0,0,0.0,0.0,0,0,45,327,0,0,0,0,744,745,744,744,744,17856,24.0,0.9803921568627451,0.9934640522875817,1.0130718954248366,0.9869281045751634
Stride,WAM depth=4,2,train_test,0.05,0.25,3,109,0.0,0.0,0.0,1.0,16786,16350,150.0,154.0,0.0,0.0,0,0,0,0,0,0,0,0,0,0.0,0.0,0,0,45,436,0,0,0,0,988,989,988,988,988,23712,24.0,0.974025974025974,0.987012987012987,1.0064935064935066,0.9805194805194806
Stride,WAM depth=8,2,train_test,0.05,0.25,3,109,0.0,0.0,0.0,1.0,17222,16350,150.0,158.0,0.0,0.0,0,0,0,0,0,0,0,0,0,0.0,0.0,0,0,45,872,0,0,0,0,1944,1945,1944,1944,1944,46656,24.0,0.9493670886075949,0.9620253164556962,0.9810126582278481,0.9556962025316456
Repeating,None,2,train_test,0.05,0.25,3,109,0.963302752293578,0.0,0.0,0.03669724770642202,1020,1020,9.357798165137615,9.357798165137615,0.0,0.0,0,0,0,0,0,0,0,0,0,0.0,0.0,0,0,0,0,0,0,0,0,0,0,0,0,0,0,0.0,1.0,1.119607843137255,1.119607843137255,1.1225490196078431
Repeating,NextLine,2,train_test,0.05,0.25,3,109,0.9908256880733946,0.0,0.0,0.009174311926605505,1142,582,5.339449541284404,10.477064220183486,0.7522935779816514,0.7522935779816514,109,109,4,4,0,3,3,1,105,0.75,0.75,32,0,0,109,0,4,0,-1,0,0,0,0,0,0,0.0,0.8931698774080561,1.0,1.0,1.0026269702276707
Repeating,Stride,2,train_test,0.05,0.25,3,109,0.9908256880733946,0.0,0.0,0.009174311926605505,1142,582,5.339449541284404,10.477064220183486,0.7522935779816514,0.7522935779816514,109,109,4,4,0,3,3,1,105,0.75,0.75,32,0,0,109,0,4,0,-1,1,1,1,1,0,16,16.0,0.8931698774080561,1.0,1.0,1.0026269702276707
Repeating,Markov-1,2,train_test,0.05,0.25,3,109,1.0,0.0,0.0,0.0,1145,436,4.0,10.504587155963304,1.0,1.0,109,109,4,4,0,4,4,0,105,1.0,1.0,32,0,0,109,0,4,0,0,4,4,4,4,4,96,24.0,0.8908296943231441,0.9973799126637555,0.9973799126637555,1.0
Repeating,WAM depth=1,2,train_test,0.05,0.25,3,109,1.0,0.0,0.0,0.0,1145,436,4.0,10.504587155963304,1.0,1.0,109,109,4,4,0,4,4,0,105,1.0,1.0,32,0,0,109,0,4,0,0,4,5,4,4,4,96,24.0,0.8908296943231441,0.9973799126637555,0.9973799126637555,1.0
Repeating,WAM depth=2,2,train_test,0.05,0.25,3,109,1.0,0.0,0.0,0.0,1254,436,4.0,11.504587155963304,1.0,1.0,109,109,4,4,0,4,4,0,105,1.0,1.0,32,0,0,218,0,4,0,0,8,9,8,8,8,192,24.0,0.8133971291866029,0.9106858054226475,0.9106858054226475,0.9130781499202552
Repeating,WAM depth=3,2,train_test,0.05,0.25,3,109,1.0,0.0,0.0,0.0,1363,436,4.0,12.504587155963304,1.0,1.0,109,109,4,4,0,4,4,0,105,1.0,1.0,32,0,0,327,0,4,0,0,12,13,12,12,12,288,24.0,0.7483492296404989,0.8378576669112252,0.8378576669112252,0.8400586940572267
Repeating,WAM depth=4,2,train_test,0.05,0.25,3,109,1.0,0.0,0.0,0.0,1472,436,4.0,13.504587155963304,1.0,1.0,109,109,4,4,0,4,4,0,105,1.0,1.0,32,0,0,436,0,4,0,0,16,17,16,16,16,384,24.0,0.6929347826086957,0.7758152173913043,0.7758152173913043,0.7778532608695652
Repeating,WAM depth=8,2,train_test,0.05,0.25,3,109,1.0,0.0,0.0,0.0,1908,436,4.0,17.504587155963304,1.0,1.0,109,109,4,4,0,4,4,0,105,1.0,1.0,32,0,0,872,0,4,0,0,32,33,32,32,32,768,24.0,0.5345911949685535,0.5985324947589099,0.5985324947589099,0.600104821802935
Contextual,None,2,train_test,0.05,0.25,3,109,0.9541284403669725,0.0,0.0,0.045871559633027525,1166,1166,10.697247706422019,10.697247706422019,0.0,0.0,0,0,0,0,0,0,0,0,0,0.0,0.0,0,0,0,0,0,0,0,0,0,0,0,0,0,0,0.0,1.0,0.9742710120068611,1.0934819897084047,0.9828473413379074
Contextual,NextLine,2,train_test,0.05,0.25,3,109,0.9724770642201835,0.0,0.0,0.027522935779816515,1136,874,8.01834862385321,10.422018348623853,0.1651376146788991,0.1651376146788991,109,109,4,4,0,2,1,2,105,0.5,0.4,32,0,0,109,0,4,146,144,0,0,0,0,0,0,0.0,1.0264084507042253,1.0,1.1223591549295775,1.0088028169014085
Contextual,Stride,2,train_test,0.05,0.25,3,109,0.9541284403669725,0.0,0.0,0.045871559633027525,1275,1166,10.697247706422019,11.697247706422019,0.0,0.0,0,0,0,0,0,0,0,0,0,0.0,0.0,0,0,0,109,0,0,0,0,1,1,1,1,0,16,16.0,0.9145098039215687,0.8909803921568628,1.0,0.8988235294117647
Contextual,Markov-1,2,train_test,0.05,0.25,3,109,1.0,0.0,0.0,0.0,1146,436,4.0,10.513761467889909,0.8256880733944955,1.0,109,146,5,5,0,5,4,0,141,1.0,1.0,40,0,0,109,0,5,146,146,6,5,6,6,6,144,24.0,1.0174520069808028,0.9912739965095986,1.112565445026178,1.0
Contextual,WAM depth=1,2,train_test,0.05,0.25,3,109,1.0,0.0,0.0,0.0,1146,436,4.0,10.513761467889909,0.8256880733944955,1.0,109,146,5,5,0,5,4,0,141,1.0,1.0,40,0,0,109,0,5,146,146,5,6,5,5,5,120,24.0,1.0174520069808028,0.9912739965095986,1.112565445026178,1.0
Contextual,WAM depth=2,2,train_test,0.05,0.25,3,109,1.0,0.0,0.0,0.0,1404,436,4.0,12.880733944954128,1.0,1.0,109,109,5,5,0,5,5,0,104,1.0,1.0,40,0,0,218,0,5,0,0,11,12,11,11,11,264,24.0,0.8304843304843305,0.8091168091168092,0.9081196581196581,0.8162393162393162
Contextual,WAM depth=3,2,train_test,0.05,0.25,3,109,1.0,0.0,0.0,0.0,1513,436,4.0,13.880733944954128,1.0,1.0,109,109,5,5,0,5,5,0,104,1.0,1.0,40,0,0,327,0,5,0,0,17,18,17,17,17,408,24.0,0.7706543291473893,0.7508261731658956,0.8426966292134831,0.7574355584930601
Contextual,WAM depth=4,2,train_test,0.05,0.25,3,109,1.0,0.0,0.0,0.0,1622,436,4.0,14.880733944954128,1.0,1.0,109,109,5,5,0,5,5,0,104,1.0,1.0,40,0,0,436,0,5,0,0,23,24,23,23,23,552,24.0,0.718865598027127,0.7003699136868065,0.7860665844636252,0.7065351418002466
Contextual,WAM depth=8,2,train_test,0.05,0.25,3,109,1.0,0.0,0.0,0.0,2058,436,4.0,18.880733944954127,1.0,1.0,109,109,5,5,0,5,5,0,104,1.0,1.0,40,0,0,872,0,5,0,0,47,48,47,47,47,1128,24.0,0.5665694849368319,0.5519922254616132,0.619533527696793,0.5568513119533528
LongerDependency,None,2,train_test,0.05,0.25,3,109,0.9357798165137615,0.0,0.0,0.06422018348623854,1458,1458,13.376146788990825,13.376146788990825,0.0,0.0,0,0,0,0,0,0,0,0,0,0.0,0.0,0,0,0,0,0,0,0,0,0,0,0,0,0,0,0.0,1.0,0.9732510288065843,1.0747599451303156,0.9910836762688614
LongerDependency,NextLine,2,train_test,0.05,0.25,3,109,0.981651376146789,0.0,0.0,0.01834862385321101,1419,728,6.678899082568807,13.01834862385321,0.5045871559633027,0.5045871559633027,109,109,7,7,0,5,4,2,102,0.7142857142857143,0.7142857142857143,56,0,0,109,0,7,164,162,0,0,0,0,0,0,0.0,1.0274841437632136,1.0,1.1042988019732205,1.018322762508809
LongerDependency,Stride,2,train_test,0.05,0.25,3,109,0.9357798165137615,0.0,0.0,0.06422018348623854,1567,1458,13.376146788990825,14.376146788990825,0.0,0.0,0,0,0,0,0,0,0,0,0,0.0,0.0,0,0,0,109,0,0,0,0,1,1,1,1,0,16,16.0,0.9304403318442884,0.9055520102105935,1.0,0.9221442246330568
LongerDependency,Markov-1,2,train_test,0.05,0.25,3,109,1.0,0.0,0.0,0.0,1445,436,4.0,13.256880733944953,0.8990825688073395,1.0,109,131,7,7,0,7,6,0,124,1.0,1.0,56,0,0,109,0,7,146,146,8,7,8,8,8,192,24.0,1.0089965397923875,0.9820069204152249,1.0844290657439446,1.0
LongerDependency,WAM depth=1,2,train_test,0.05,0.25,3,109,1.0,0.0,0.0,0.0,1445,436,4.0,13.256880733944953,0.8990825688073395,1.0,109,131,7,7,0,7,6,0,124,1.0,1.0,56,0,0,109,0,7,146,146,7,8,7,7,7,168,24.0,1.0089965397923875,0.9820069204152249,1.0844290657439446,1.0
LongerDependency,WAM depth=2,2,train_test,0.05,0.25,3,109,1.0,0.0,0.0,0.0,1554,436,4.0,14.256880733944953,0.8990825688073395,1.0,109,131,7,7,0,7,6,0,124,1.0,1.0,56,0,0,218,0,7,146,146,15,16,15,15,15,360,24.0,0.9382239382239382,0.9131274131274131,1.0083655083655083,0.9298584298584298
LongerDependency,WAM depth=3,2,train_test,0.05,0.25,3,109,1.0,0.0,0.0,0.0,1663,436,4.0,15.256880733944953,0.8990825688073395,1.0,109,131,7,7,0,7,6,0,124,1.0,1.0,56,0,0,327,0,7,146,146,24,25,24,24,24,576,24.0,0.8767288033674083,0.8532772098616958,0.9422730006013229,0.8689116055321707
LongerDependency,WAM depth=4,2,train_test,0.05,0.25,3,109,1.0,0.0,0.0,0.0,1922,436,4.0,17.63302752293578,1.0,1.0,109,109,7,7,0,7,7,0,102,1.0,1.0,56,0,0,436,0,7,0,0,34,35,34,34,34,816,24.0,0.7585848074921956,0.7382934443288242,0.8152965660770031,0.7518210197710719
LongerDependency,WAM depth=8,2,train_test,0.05,0.25,3,109,1.0,0.0,0.0,0.0,2358,436,4.0,21.63302752293578,1.0,1.0,109,109,7,7,0,7,7,0,102,1.0,1.0,56,0,0,872,0,7,0,0,74,75,74,74,74,1776,24.0,0.6183206106870229,0.6017811704834606,0.6645462256149279,0.6128074639525021
Probabilistic,None,2,train_test,0.05,0.25,3,109,0.963302752293578,0.0,0.0,0.03669724770642202,1020,1020,9.357798165137615,9.357798165137615,0.0,0.0,0,0,0,0,0,0,0,0,0,0.0,0.0,0,0,0,0,0,0,0,0,0,0,0,0,0,0,0.0,1.0,0.9735294117647059,1.1068627450980393,0.9754901960784313
Probabilistic,NextLine,2,train_test,0.05,0.25,3,109,0.9908256880733946,0.0,0.0,0.009174311926605505,993,582,5.339449541284404,9.110091743119266,0.6055045871559633,0.6055045871559633,109,109,4,4,0,3,2,1,105,0.75,0.75,32,0,0,109,0,4,146,145,0,0,0,0,0,0,0.0,1.027190332326284,1.0,1.1369587109768378,1.002014098690836
Probabilistic,Stride,2,train_test,0.05,0.25,3,109,0.963302752293578,0.0,0.0,0.03669724770642202,1129,1020,9.357798165137615,10.357798165137615,0.0,0.0,0,0,0,0,0,0,0,0,0,0.0,0.0,0,0,0,109,0,0,0,0,1,1,1,1,0,16,16.0,0.9034543844109831,0.8795394154118689,1.0,0.8813108945969885
Probabilistic,Markov-1,2,train_test,0.05,0.25,3,109,1.0,0.0,0.0,0.0,995,436,4.0,9.128440366972477,0.9357798165137615,1.0,109,146,4,4,0,4,3,0,142,1.0,1.0,32,0,0,109,0,4,146,146,5,4,5,5,5,120,24.0,1.0251256281407035,0.9979899497487437,1.1346733668341709,1.0
Probabilistic,WAM depth=1,2,train_test,0.05,0.25,3,109,1.0,0.0,0.0,0.0,995,436,4.0,9.128440366972477,0.9357798165137615,1.0,109,146,4,4,0,4,3,0,142,1.0,1.0,32,0,0,109,0,4,146,146,4,5,4,4,4,96,24.0,1.0251256281407035,0.9979899497487437,1.1346733668341709,1.0
Probabilistic,WAM depth=2,2,train_test,0.05,0.25,3,109,1.0,0.0,0.0,0.0,1104,436,4.0,10.128440366972477,0.9357798165137615,1.0,109,146,4,4,0,4,3,0,142,1.0,1.0,32,0,0,218,0,4,146,146,9,10,9,9,9,216,24.0,0.9239130434782609,0.8994565217391305,1.022644927536232,0.9012681159420289
Probabilistic,WAM depth=3,2,train_test,0.05,0.25,3,109,1.0,0.0,0.0,0.0,1213,436,4.0,11.128440366972477,0.9357798165137615,1.0,109,146,4,4,0,4,3,0,142,1.0,1.0,32,0,0,327,0,4,146,146,15,16,15,15,15,360,24.0,0.8408903544929925,0.8186314921681781,0.9307502061005771,0.8202802967848309
Probabilistic,WAM depth=4,2,train_test,0.05,0.25,3,109,1.0,0.0,0.0,0.0,1322,436,4.0,12.128440366972477,0.9357798165137615,1.0,109,146,4,4,0,4,3,0,142,1.0,1.0,32,0,0,436,0,4,146,146,23,24,23,23,23,552,24.0,0.7715582450832073,0.7511346444780636,0.8540090771558245,0.7526475037821483
Probabilistic,WAM depth=8,2,train_test,0.05,0.25,3,109,1.0,0.0,0.0,0.0,1758,436,4.0,16.128440366972477,0.9357798165137615,1.0,109,146,4,4,0,4,3,0,142,1.0,1.0,32,0,0,872,0,4,146,146,81,82,81,81,81,1944,24.0,0.5802047781569966,0.5648464163822525,0.6422070534698521,0.5659840728100114
PhaseChanging,None,2,train_test,0.05,0.25,3,109,0.9724770642201835,0.0,0.0,0.027522935779816515,874,874,8.01834862385321,8.01834862385321,0.0,0.0,0,0,0,0,0,0,0,0,0,0.0,0.0,0,0,0,0,0,0,0,0,0,0,0,0,0,0,0.0,1.0,1.131578947368421,1.1247139588100687,1.139588100686499
PhaseChanging,NextLine,2,train_test,0.05,0.25,3,109,0.981651376146789,0.0,0.0,0.01834862385321101,989,728,6.678899082568807,9.073394495412844,0.3394495412844037,0.3394495412844037,109,109,3,3,0,1,1,2,106,0.3333333333333333,0.3333333333333333,24,0,0,109,0,3,0,-2,0,0,0,0,0,0,0.0,0.8837209302325582,1.0,0.993933265925177,1.0070778564206269
PhaseChanging,Stride,2,train_test,0.05,0.25,3,109,0.9724770642201835,0.0,0.0,0.027522935779816515,983,874,8.01834862385321,9.01834862385321,0.0,0.0,0,0,0,0,0,0,0,0,0,0.0,0.0,0,0,0,109,0,0,0,0,1,1,1,1,0,16,16.0,0.8891149542217701,1.0061037639877926,1.0,1.0132248219735505
PhaseChanging,Markov-1,2,train_test,0.05,0.25,3,109,1.0,0.0,0.0,0.0,996,436,4.0,9.137614678899082,0.6697247706422018,1.0,109,145,4,4,0,3,3,1,141,0.75,1.0,32,0,0,109,0,4,0,-1,6,5,6,6,6,144,24.0,0.8775100401606426,0.9929718875502008,0.9869477911646586,1.0
PhaseChanging,WAM depth=1,2,train_test,0.05,0.25,3,109,1.0,0.0,0.0,0.0,996,436,4.0,9.137614678899082,0.6697247706422018,1.0,109,145,4,4,0,3,3,1,141,0.75,1.0,32,0,0,109,0,4,0,-1,5,6,5,5,5,120,24.0,0.8775100401606426,0.9929718875502008,0.9869477911646586,1.0
PhaseChanging,WAM depth=2,2,train_test,0.05,0.25,3,109,1.0,0.0,0.0,0.0,1104,436,4.0,10.128440366972477,1.0,1.0,109,109,3,3,0,3,3,0,106,1.0,1.0,24,0,0,218,0,3,0,0,11,12,11,11,11,264,24.0,0.7916666666666666,0.8958333333333334,0.8903985507246377,0.9021739130434783
PhaseChanging,WAM depth=3,2,train_test,0.05,0.25,3,109,1.0,0.0,0.0,0.0,1213,436,4.0,11.128440366972477,1.0,1.0,109,109,3,3,0,3,3,0,106,1.0,1.0,24,0,0,327,0,3,0,0,18,19,18,18,18,432,24.0,0.720527617477329,0.8153338829348722,0.8103874690849134,0.8211046990931574
PhaseChanging,WAM depth=4,2,train_test,0.05,0.25,3,109,1.0,0.0,0.0,0.0,1322,436,4.0,12.128440366972477,1.0,1.0,109,109,3,3,0,3,3,0,106,1.0,1.0,24,0,0,436,0,3,0,0,26,27,26,26,26,624,24.0,0.6611195158850227,0.7481089258698941,0.74357034795764,0.7534039334341907
PhaseChanging,WAM depth=8,2,train_test,0.05,0.25,3,109,1.0,0.0,0.0,0.0,1758,436,4.0,16.128440366972477,1.0,1.0,109,109,3,3,0,3,3,0,106,1.0,1.0,24,0,0,872,0,3,0,0,68,69,68,68,68,1632,24.0,0.49715585893060293,0.5625711035267349,0.5591581342434585,0.5665529010238908
Random,None,2,train_test,0.05,0.25,3,109,0.045871559633027525,0.009174311926605505,0.0,0.944954128440367,15482,15482,142.03669724770643,142.03669724770643,0.0,0.0,0,0,0,0,0,0,0,0,0,0.0,0.0,0,0,40,0,0,0,0,0,0,0,0,0,0,0,0.0,1.0,0.9950264823666193,1.007040434052448,1.0082676656762692
Random,NextLine,2,train_test,0.05,0.25,3,109,0.05504587155963303,0.01834862385321101,0.0,0.926605504587156,15405,15198,139.43119266055047,141.3302752293578,0.0,0.0,109,109,98,97,0,2,0,96,11,0.02040816326530612,0.019417475728155338,784,3,70,109,0,98,292,262,0,0,0,0,0,0,0.0,1.004998377150276,1.0,1.0120740019474197,1.0133073677377475
Random,Stride,2,train_test,0.05,0.25,3,109,0.045871559633027525,0.009174311926605505,0.0,0.944954128440367,15591,15482,142.03669724770643,143.03669724770643,0.0,0.0,0,0,0,0,0,0,0,0,0,0.0,0.0,0,0,40,109,0,0,0,0,1,1,1,1,0,16,16.0,0.9930087871207748,0.9880700404079277,1.0,1.0012186517862869
Random,Markov-1,2,train_test,0.05,0.25,3,109,0.045871559633027525,0.009174311926605505,0.0,0.944954128440367,15610,15482,142.03669724770643,143.21100917431193,0.0,0.0,19,22,19,18,0,0,0,19,3,0.0,0.0,152,1,47,109,0,19,0,-8,250,214,250,250,250,6000,24.0,0.9918001281229981,0.9868673926969891,0.9987828315182575,1.0
Random,WAM depth=1,2,train_test,0.05,0.25,3,109,0.045871559633027525,0.009174311926605505,0.0,0.944954128440367,15610,15482,142.03669724770643,143.21100917431193,0.0,0.0,19,22,19,18,0,0,0,19,3,0.0,0.0,152,1,47,109,0,19,0,-8,214,215,214,214,214,5136,24.0,0.9918001281229981,0.9868673926969891,0.9987828315182575,1.0
Random,WAM depth=2,2,train_test,0.05,0.25,3,109,0.045871559633027525,0.009174311926605505,0.0,0.944954128440367,15700,15482,142.03669724770643,144.03669724770643,0.0,0.0,0,0,0,0,0,0,0,0,0,0.0,0.0,0,0,40,218,0,0,0,0,463,464,463,463,463,11112,24.0,0.9861146496815286,0.9812101910828025,0.9930573248407644,0.9942675159235669
Random,WAM depth=3,2,train_test,0.05,0.25,3,109,0.045871559633027525,0.009174311926605505,0.0,0.944954128440367,15809,15482,142.03669724770643,145.03669724770643,0.0,0.0,0,0,0,0,0,0,0,0,0,0.0,0.0,0,0,40,327,0,0,0,0,709,710,709,709,709,17016,24.0,0.9793155797330635,0.9744449364286166,0.986210386488709,0.9874122335378582
Random,WAM depth=4,2,train_test,0.05,0.25,3,109,0.045871559633027525,0.009174311926605505,0.0,0.944954128440367,15918,15482,142.03669724770643,146.03669724770643,0.0,0.0,0,0,0,0,0,0,0,0,0,0.0,0.0,0,0,40,436,0,0,0,0,953,954,953,953,953,22872,24.0,0.9726096243246639,0.9677723332076894,0.979457218243498,0.980650835532102
Random,WAM depth=8,2,train_test,0.05,0.25,3,109,0.045871559633027525,0.009174311926605505,0.0,0.944954128440367,16354,15482,142.03669724770643,150.03669724770643,0.0,0.0,0,0,0,0,0,0,0,0,0,0.0,0.0,0,0,40,872,0,0,0,0,1909,1910,1909,1909,1909,45816,24.0,0.9466797113855937,0.9419713831478538,0.9533447474623945,0.9545065427418369
Sequential,None,3,train_test,0.05,0.25,3,109,0.0,0.0,0.0,1.0,16350,16350,150.0,150.0,0.0,0.0,0,0,0,0,0,0,0,0,0,0.0,0.0,0,0,45,0,0,0,0,0,0,0,0,0,0,0,0.0,1.0,1.0333333333333334,1.0333333333333334,1.0066666666666666
Sequential,NextLine,3,train_test,0.05,0.25,3,109,1.0,0.0,0.0,0.0,16895,436,4.0,155.0,1.0,1.0,109,109,109,109,0,109,109,0,0,1.0,1.0,872,0,45,109,0,109,0,0,0,0,0,0,0,0,0.0,0.967741935483871,1.0,1.0,0.9741935483870968
Sequential,Stride,3,train_test,0.05,0.25,3,109,1.0,0.0,0.0,0.0,16895,436,4.0,155.0,1.0,1.0,109,109,109,109,0,109,109,0,0,1.0,1.0,872,0,45,109,0,109,0,0,1,1,1,1,0,16,16.0,0.967741935483871,1.0,1.0,0.9741935483870968
Sequential,Markov-1,3,train_test,0.05,0.25,3,109,0.0,0.0,0.0,1.0,16459,16350,150.0,151.0,0.0,0.0,0,0,0,0,0,0,0,0,0,0.0,0.0,0,0,45,109,0,0,0,0,250,250,250,250,250,6000,24.0,0.9933774834437086,1.0264900662251655,1.0264900662251655,1.0
Sequential,WAM depth=1,3,train_test,0.05,0.25,3,109,0.0,0.0,0.0,1.0,16459,16350,150.0,151.0,0.0,0.0,0,0,0,0,0,0,0,0,0,0.0,0.0,0,0,45,109,0,0,0,0,250,251,250,250,250,6000,24.0,0.9933774834437086,1.0264900662251655,1.0264900662251655,1.0
Sequential,WAM depth=2,3,train_test,0.05,0.25,3,109,0.0,0.0,0.0,1.0,16568,16350,150.0,152.0,0.0,0.0,0,0,0,0,0,0,0,0,0,0.0,0.0,0,0,45,218,0,0,0,0,498,499,498,498,498,11952,24.0,0.9868421052631579,1.019736842105263,1.019736842105263,0.993421052631579
Sequential,WAM depth=3,3,train_test,0.05,0.25,3,109,0.0,0.0,0.0,1.0,16677,16350,150.0,153.0,0.0,0.0,0,0,0,0,0,0,0,0,0,0.0,0.0,0,0,45,327,0,0,0,0,744,745,744,744,744,17856,24.0,0.9803921568627451,1.0130718954248366,1.0130718954248366,0.9869281045751634
Sequential,WAM depth=4,3,train_test,0.05,0.25,3,109,0.0,0.0,0.0,1.0,16786,16350,150.0,154.0,0.0,0.0,0,0,0,0,0,0,0,0,0,0.0,0.0,0,0,45,436,0,0,0,0,988,989,988,988,988,23712,24.0,0.974025974025974,1.0064935064935066,1.0064935064935066,0.9805194805194806
Sequential,WAM depth=8,3,train_test,0.05,0.25,3,109,0.0,0.0,0.0,1.0,17222,16350,150.0,158.0,0.0,0.0,0,0,0,0,0,0,0,0,0,0.0,0.0,0,0,45,872,0,0,0,0,1944,1945,1944,1944,1944,46656,24.0,0.9493670886075949,0.9810126582278481,0.9810126582278481,0.9556962025316456
Stride,None,3,train_test,0.05,0.25,3,109,0.0,0.0,0.0,1.0,16350,16350,150.0,150.0,0.0,0.0,0,0,0,0,0,0,0,0,0,0.0,0.0,0,0,45,0,0,0,0,0,0,0,0,0,0,0,0.0,1.0,1.0133333333333334,1.0333333333333334,1.0066666666666666
Stride,NextLine,3,train_test,0.05,0.25,3,109,0.0,0.0,0.0,1.0,16568,16350,150.0,152.0,0.0,0.0,109,109,109,108,0,0,0,109,0,0.0,0.0,872,0,77,109,0,109,0,-33,0,0,0,0,0,0,0.0,0.9868421052631579,1.0,1.019736842105263,0.993421052631579
Stride,Stride,3,train_test,0.05,0.25,3,109,1.0,0.0,0.0,0.0,16895,436,4.0,155.0,1.0,1.0,109,109,109,109,0,109,109,0,0,1.0,1.0,872,0,45,109,0,109,0,0,1,1,1,1,0,16,16.0,0.967741935483871,0.9806451612903225,1.0,0.9741935483870968
Stride,Markov-1,3,train_test,0.05,0.25,3,109,0.0,0.0,0.0,1.0,16459,16350,150.0,151.0,0.0,0.0,0,0,0,0,0,0,0,0,0,0.0,0.0,0,0,45,109,0,0,0,0,250,250,250,250,250,6000,24.0,0.9933774834437086,1.0066225165562914,1.0264900662251655,1.0
Stride,WAM depth=1,3,train_test,0.05,0.25,3,109,0.0,0.0,0.0,1.0,16459,16350,150.0,151.0,0.0,0.0,0,0,0,0,0,0,0,0,0,0.0,0.0,0,0,45,109,0,0,0,0,250,251,250,250,250,6000,24.0,0.9933774834437086,1.0066225165562914,1.0264900662251655,1.0
Stride,WAM depth=2,3,train_test,0.05,0.25,3,109,0.0,0.0,0.0,1.0,16568,16350,150.0,152.0,0.0,0.0,0,0,0,0,0,0,0,0,0,0.0,0.0,0,0,45,218,0,0,0,0,498,499,498,498,498,11952,24.0,0.9868421052631579,1.0,1.019736842105263,0.993421052631579
Stride,WAM depth=3,3,train_test,0.05,0.25,3,109,0.0,0.0,0.0,1.0,16677,16350,150.0,153.0,0.0,0.0,0,0,0,0,0,0,0,0,0,0.0,0.0,0,0,45,327,0,0,0,0,744,745,744,744,744,17856,24.0,0.9803921568627451,0.9934640522875817,1.0130718954248366,0.9869281045751634
Stride,WAM depth=4,3,train_test,0.05,0.25,3,109,0.0,0.0,0.0,1.0,16786,16350,150.0,154.0,0.0,0.0,0,0,0,0,0,0,0,0,0,0.0,0.0,0,0,45,436,0,0,0,0,988,989,988,988,988,23712,24.0,0.974025974025974,0.987012987012987,1.0064935064935066,0.9805194805194806
Stride,WAM depth=8,3,train_test,0.05,0.25,3,109,0.0,0.0,0.0,1.0,17222,16350,150.0,158.0,0.0,0.0,0,0,0,0,0,0,0,0,0,0.0,0.0,0,0,45,872,0,0,0,0,1944,1945,1944,1944,1944,46656,24.0,0.9493670886075949,0.9620253164556962,0.9810126582278481,0.9556962025316456
Repeating,None,3,train_test,0.05,0.25,3,109,0.963302752293578,0.0,0.0,0.03669724770642202,1020,1020,9.357798165137615,9.357798165137615,0.0,0.0,0,0,0,0,0,0,0,0,0,0.0,0.0,0,0,0,0,0,0,0,0,0,0,0,0,0,0,0.0,1.0,1.119607843137255,1.119607843137255,1.1225490196078431
Repeating,NextLine,3,train_test,0.05,0.25,3,109,0.9908256880733946,0.0,0.0,0.009174311926605505,1142,582,5.339449541284404,10.477064220183486,0.7522935779816514,0.7522935779816514,109,109,4,4,0,3,3,1,105,0.75,0.75,32,0,0,109,0,4,0,-1,0,0,0,0,0,0,0.0,0.8931698774080561,1.0,1.0,1.0026269702276707
Repeating,Stride,3,train_test,0.05,0.25,3,109,0.9908256880733946,0.0,0.0,0.009174311926605505,1142,582,5.339449541284404,10.477064220183486,0.7522935779816514,0.7522935779816514,109,109,4,4,0,3,3,1,105,0.75,0.75,32,0,0,109,0,4,0,-1,1,1,1,1,0,16,16.0,0.8931698774080561,1.0,1.0,1.0026269702276707
Repeating,Markov-1,3,train_test,0.05,0.25,3,109,1.0,0.0,0.0,0.0,1145,436,4.0,10.504587155963304,1.0,1.0,109,109,4,4,0,4,4,0,105,1.0,1.0,32,0,0,109,0,4,0,0,4,4,4,4,4,96,24.0,0.8908296943231441,0.9973799126637555,0.9973799126637555,1.0
Repeating,WAM depth=1,3,train_test,0.05,0.25,3,109,1.0,0.0,0.0,0.0,1145,436,4.0,10.504587155963304,1.0,1.0,109,109,4,4,0,4,4,0,105,1.0,1.0,32,0,0,109,0,4,0,0,4,5,4,4,4,96,24.0,0.8908296943231441,0.9973799126637555,0.9973799126637555,1.0
Repeating,WAM depth=2,3,train_test,0.05,0.25,3,109,1.0,0.0,0.0,0.0,1254,436,4.0,11.504587155963304,1.0,1.0,109,109,4,4,0,4,4,0,105,1.0,1.0,32,0,0,218,0,4,0,0,8,9,8,8,8,192,24.0,0.8133971291866029,0.9106858054226475,0.9106858054226475,0.9130781499202552
Repeating,WAM depth=3,3,train_test,0.05,0.25,3,109,1.0,0.0,0.0,0.0,1363,436,4.0,12.504587155963304,1.0,1.0,109,109,4,4,0,4,4,0,105,1.0,1.0,32,0,0,327,0,4,0,0,12,13,12,12,12,288,24.0,0.7483492296404989,0.8378576669112252,0.8378576669112252,0.8400586940572267
Repeating,WAM depth=4,3,train_test,0.05,0.25,3,109,1.0,0.0,0.0,0.0,1472,436,4.0,13.504587155963304,1.0,1.0,109,109,4,4,0,4,4,0,105,1.0,1.0,32,0,0,436,0,4,0,0,16,17,16,16,16,384,24.0,0.6929347826086957,0.7758152173913043,0.7758152173913043,0.7778532608695652
Repeating,WAM depth=8,3,train_test,0.05,0.25,3,109,1.0,0.0,0.0,0.0,1908,436,4.0,17.504587155963304,1.0,1.0,109,109,4,4,0,4,4,0,105,1.0,1.0,32,0,0,872,0,4,0,0,32,33,32,32,32,768,24.0,0.5345911949685535,0.5985324947589099,0.5985324947589099,0.600104821802935
Contextual,None,3,train_test,0.05,0.25,3,109,0.9541284403669725,0.0,0.0,0.045871559633027525,1166,1166,10.697247706422019,10.697247706422019,0.0,0.0,0,0,0,0,0,0,0,0,0,0.0,0.0,0,0,0,0,0,0,0,0,0,0,0,0,0,0,0.0,1.0,0.9742710120068611,1.0934819897084047,0.9828473413379074
Contextual,NextLine,3,train_test,0.05,0.25,3,109,0.9724770642201835,0.0,0.0,0.027522935779816515,1136,874,8.01834862385321,10.422018348623853,0.1651376146788991,0.1651376146788991,109,109,4,4,0,2,1,2,105,0.5,0.4,32,0,0,109,0,4,146,144,0,0,0,0,0,0,0.0,1.0264084507042253,1.0,1.1223591549295775,1.0088028169014085
Contextual,Stride,3,train_test,0.05,0.25,3,109,0.9541284403669725,0.0,0.0,0.045871559633027525,1275,1166,10.697247706422019,11.697247706422019,0.0,0.0,0,0,0,0,0,0,0,0,0,0.0,0.0,0,0,0,109,0,0,0,0,1,1,1,1,0,16,16.0,0.9145098039215687,0.8909803921568628,1.0,0.8988235294117647
Contextual,Markov-1,3,train_test,0.05,0.25,3,109,1.0,0.0,0.0,0.0,1146,436,4.0,10.513761467889909,0.8256880733944955,1.0,109,146,5,5,0,5,4,0,141,1.0,1.0,40,0,0,109,0,5,146,146,6,5,6,6,6,144,24.0,1.0174520069808028,0.9912739965095986,1.112565445026178,1.0
Contextual,WAM depth=1,3,train_test,0.05,0.25,3,109,1.0,0.0,0.0,0.0,1146,436,4.0,10.513761467889909,0.8256880733944955,1.0,109,146,5,5,0,5,4,0,141,1.0,1.0,40,0,0,109,0,5,146,146,5,6,5,5,5,120,24.0,1.0174520069808028,0.9912739965095986,1.112565445026178,1.0
Contextual,WAM depth=2,3,train_test,0.05,0.25,3,109,1.0,0.0,0.0,0.0,1404,436,4.0,12.880733944954128,1.0,1.0,109,109,5,5,0,5,5,0,104,1.0,1.0,40,0,0,218,0,5,0,0,11,12,11,11,11,264,24.0,0.8304843304843305,0.8091168091168092,0.9081196581196581,0.8162393162393162
Contextual,WAM depth=3,3,train_test,0.05,0.25,3,109,1.0,0.0,0.0,0.0,1513,436,4.0,13.880733944954128,1.0,1.0,109,109,5,5,0,5,5,0,104,1.0,1.0,40,0,0,327,0,5,0,0,17,18,17,17,17,408,24.0,0.7706543291473893,0.7508261731658956,0.8426966292134831,0.7574355584930601
Contextual,WAM depth=4,3,train_test,0.05,0.25,3,109,1.0,0.0,0.0,0.0,1622,436,4.0,14.880733944954128,1.0,1.0,109,109,5,5,0,5,5,0,104,1.0,1.0,40,0,0,436,0,5,0,0,23,24,23,23,23,552,24.0,0.718865598027127,0.7003699136868065,0.7860665844636252,0.7065351418002466
Contextual,WAM depth=8,3,train_test,0.05,0.25,3,109,1.0,0.0,0.0,0.0,2058,436,4.0,18.880733944954127,1.0,1.0,109,109,5,5,0,5,5,0,104,1.0,1.0,40,0,0,872,0,5,0,0,47,48,47,47,47,1128,24.0,0.5665694849368319,0.5519922254616132,0.619533527696793,0.5568513119533528
LongerDependency,None,3,train_test,0.05,0.25,3,109,0.9357798165137615,0.0,0.0,0.06422018348623854,1458,1458,13.376146788990825,13.376146788990825,0.0,0.0,0,0,0,0,0,0,0,0,0,0.0,0.0,0,0,0,0,0,0,0,0,0,0,0,0,0,0,0.0,1.0,0.9732510288065843,1.0747599451303156,0.9910836762688614
LongerDependency,NextLine,3,train_test,0.05,0.25,3,109,0.981651376146789,0.0,0.0,0.01834862385321101,1419,728,6.678899082568807,13.01834862385321,0.5045871559633027,0.5045871559633027,109,109,7,7,0,5,4,2,102,0.7142857142857143,0.7142857142857143,56,0,0,109,0,7,164,162,0,0,0,0,0,0,0.0,1.0274841437632136,1.0,1.1042988019732205,1.018322762508809
LongerDependency,Stride,3,train_test,0.05,0.25,3,109,0.9357798165137615,0.0,0.0,0.06422018348623854,1567,1458,13.376146788990825,14.376146788990825,0.0,0.0,0,0,0,0,0,0,0,0,0,0.0,0.0,0,0,0,109,0,0,0,0,1,1,1,1,0,16,16.0,0.9304403318442884,0.9055520102105935,1.0,0.9221442246330568
LongerDependency,Markov-1,3,train_test,0.05,0.25,3,109,1.0,0.0,0.0,0.0,1445,436,4.0,13.256880733944953,0.8990825688073395,1.0,109,131,7,7,0,7,6,0,124,1.0,1.0,56,0,0,109,0,7,146,146,8,7,8,8,8,192,24.0,1.0089965397923875,0.9820069204152249,1.0844290657439446,1.0
LongerDependency,WAM depth=1,3,train_test,0.05,0.25,3,109,1.0,0.0,0.0,0.0,1445,436,4.0,13.256880733944953,0.8990825688073395,1.0,109,131,7,7,0,7,6,0,124,1.0,1.0,56,0,0,109,0,7,146,146,7,8,7,7,7,168,24.0,1.0089965397923875,0.9820069204152249,1.0844290657439446,1.0
LongerDependency,WAM depth=2,3,train_test,0.05,0.25,3,109,1.0,0.0,0.0,0.0,1554,436,4.0,14.256880733944953,0.8990825688073395,1.0,109,131,7,7,0,7,6,0,124,1.0,1.0,56,0,0,218,0,7,146,146,15,16,15,15,15,360,24.0,0.9382239382239382,0.9131274131274131,1.0083655083655083,0.9298584298584298
LongerDependency,WAM depth=3,3,train_test,0.05,0.25,3,109,1.0,0.0,0.0,0.0,1663,436,4.0,15.256880733944953,0.8990825688073395,1.0,109,131,7,7,0,7,6,0,124,1.0,1.0,56,0,0,327,0,7,146,146,24,25,24,24,24,576,24.0,0.8767288033674083,0.8532772098616958,0.9422730006013229,0.8689116055321707
LongerDependency,WAM depth=4,3,train_test,0.05,0.25,3,109,1.0,0.0,0.0,0.0,1922,436,4.0,17.63302752293578,1.0,1.0,109,109,7,7,0,7,7,0,102,1.0,1.0,56,0,0,436,0,7,0,0,34,35,34,34,34,816,24.0,0.7585848074921956,0.7382934443288242,0.8152965660770031,0.7518210197710719
LongerDependency,WAM depth=8,3,train_test,0.05,0.25,3,109,1.0,0.0,0.0,0.0,2358,436,4.0,21.63302752293578,1.0,1.0,109,109,7,7,0,7,7,0,102,1.0,1.0,56,0,0,872,0,7,0,0,74,75,74,74,74,1776,24.0,0.6183206106870229,0.6017811704834606,0.6645462256149279,0.6128074639525021
Probabilistic,None,3,train_test,0.05,0.25,3,109,0.963302752293578,0.0,0.0,0.03669724770642202,1020,1020,9.357798165137615,9.357798165137615,0.0,0.0,0,0,0,0,0,0,0,0,0,0.0,0.0,0,0,0,0,0,0,0,0,0,0,0,0,0,0,0.0,1.0,0.9696078431372549,1.1068627450980393,0.9764705882352941
Probabilistic,NextLine,3,train_test,0.05,0.25,3,109,0.981651376146789,0.0,0.0,0.01834862385321101,989,728,6.678899082568807,9.073394495412844,0.6146788990825688,0.6146788990825688,109,109,3,3,0,2,1,1,106,0.6666666666666666,0.5,24,0,0,109,0,3,146,145,0,0,0,0,0,0,0.0,1.031344792719919,1.0,1.1415571284125379,1.0070778564206269
Probabilistic,Stride,3,train_test,0.05,0.25,3,109,0.963302752293578,0.0,0.0,0.03669724770642202,1129,1020,9.357798165137615,10.357798165137615,0.0,0.0,0,0,0,0,0,0,0,0,0,0.0,0.0,0,0,0,109,0,0,0,0,1,1,1,1,0,16,16.0,0.9034543844109831,0.8759964570416298,1.0,0.8821966341895483
Probabilistic,Markov-1,3,train_test,0.05,0.25,3,109,1.0,0.0,0.0,0.0,996,436,4.0,9.137614678899082,0.944954128440367,1.0,109,146,4,4,0,4,3,0,142,1.0,1.0,32,0,0,109,0,4,146,146,5,4,5,5,5,120,24.0,1.0240963855421688,0.9929718875502008,1.1335341365461848,1.0
Probabilistic,WAM depth=1,3,train_test,0.05,0.25,3,109,1.0,0.0,0.0,0.0,996,436,4.0,9.137614678899082,0.944954128440367,1.0,109,146,4,4,0,4,3,0,142,1.0,1.0,32,0,0,109,0,4,146,146,4,5,4,4,4,96,24.0,1.0240963855421688,0.9929718875502008,1.1335341365461848,1.0
Probabilistic,WAM depth=2,3,train_test,0.05,0.25,3,109,1.0,0.0,0.0,0.0,1105,436,4.0,10.137614678899082,0.944954128440367,1.0,109,146,4,4,0,4,3,0,142,1.0,1.0,32,0,0,218,0,4,146,146,9,10,9,9,9,216,24.0,0.9230769230769231,0.8950226244343892,1.0217194570135746,0.9013574660633484
Probabilistic,WAM depth=3,3,train_test,0.05,0.25,3,109,1.0,0.0,0.0,0.0,1214,436,4.0,11.137614678899082,0.944954128440367,1.0,109,146,4,4,0,4,3,0,142,1.0,1.0,32,0,0,327,0,4,146,146,15,16,15,15,15,360,24.0,0.8401976935749588,0.814662273476112,0.9299835255354201,0.8204283360790774
Probabilistic,WAM depth=4,3,train_test,0.05,0.25,3,109,1.0,0.0,0.0,0.0,1323,436,4.0,12.137614678899082,0.944954128440367,1.0,109,146,4,4,0,4,3,0,142,1.0,1.0,32,0,0,436,0,4,146,146,23,24,23,23,23,552,24.0,0.7709750566893424,0.7475434618291761,0.8533635676492819,0.7528344671201814
Probabilistic,WAM depth=8,3,train_test,0.05,0.25,3,109,1.0,0.0,0.0,0.0,1759,436,4.0,16.137614678899084,0.944954128440367,1.0,109,146,4,4,0,4,3,0,142,1.0,1.0,32,0,0,872,0,4,146,146,81,82,81,81,81,1944,24.0,0.579874928936896,0.5622512791358727,0.641841955656623,0.5662308129619101
PhaseChanging,None,3,train_test,0.05,0.25,3,109,0.9724770642201835,0.0,0.0,0.027522935779816515,874,874,8.01834862385321,8.01834862385321,0.0,0.0,0,0,0,0,0,0,0,0,0,0.0,0.0,0,0,0,0,0,0,0,0,0,0,0,0,0,0,0.0,1.0,1.131578947368421,1.1247139588100687,1.139588100686499
PhaseChanging,NextLine,3,train_test,0.05,0.25,3,109,0.981651376146789,0.0,0.0,0.01834862385321101,989,728,6.678899082568807,9.073394495412844,0.3394495412844037,0.3394495412844037,109,109,3,3,0,1,1,2,106,0.3333333333333333,0.3333333333333333,24,0,0,109,0,3,0,-2,0,0,0,0,0,0,0.0,0.8837209302325582,1.0,0.993933265925177,1.0070778564206269
PhaseChanging,Stride,3,train_test,0.05,0.25,3,109,0.9724770642201835,0.0,0.0,0.027522935779816515,983,874,8.01834862385321,9.01834862385321,0.0,0.0,0,0,0,0,0,0,0,0,0,0.0,0.0,0,0,0,109,0,0,0,0,1,1,1,1,0,16,16.0,0.8891149542217701,1.0061037639877926,1.0,1.0132248219735505
PhaseChanging,Markov-1,3,train_test,0.05,0.25,3,109,1.0,0.0,0.0,0.0,996,436,4.0,9.137614678899082,0.6697247706422018,1.0,109,145,4,4,0,3,3,1,141,0.75,1.0,32,0,0,109,0,4,0,-1,6,5,6,6,6,144,24.0,0.8775100401606426,0.9929718875502008,0.9869477911646586,1.0
PhaseChanging,WAM depth=1,3,train_test,0.05,0.25,3,109,1.0,0.0,0.0,0.0,996,436,4.0,9.137614678899082,0.6697247706422018,1.0,109,145,4,4,0,3,3,1,141,0.75,1.0,32,0,0,109,0,4,0,-1,5,6,5,5,5,120,24.0,0.8775100401606426,0.9929718875502008,0.9869477911646586,1.0
PhaseChanging,WAM depth=2,3,train_test,0.05,0.25,3,109,1.0,0.0,0.0,0.0,1104,436,4.0,10.128440366972477,1.0,1.0,109,109,3,3,0,3,3,0,106,1.0,1.0,24,0,0,218,0,3,0,0,11,12,11,11,11,264,24.0,0.7916666666666666,0.8958333333333334,0.8903985507246377,0.9021739130434783
PhaseChanging,WAM depth=3,3,train_test,0.05,0.25,3,109,1.0,0.0,0.0,0.0,1213,436,4.0,11.128440366972477,1.0,1.0,109,109,3,3,0,3,3,0,106,1.0,1.0,24,0,0,327,0,3,0,0,18,19,18,18,18,432,24.0,0.720527617477329,0.8153338829348722,0.8103874690849134,0.8211046990931574
PhaseChanging,WAM depth=4,3,train_test,0.05,0.25,3,109,1.0,0.0,0.0,0.0,1322,436,4.0,12.128440366972477,1.0,1.0,109,109,3,3,0,3,3,0,106,1.0,1.0,24,0,0,436,0,3,0,0,26,27,26,26,26,624,24.0,0.6611195158850227,0.7481089258698941,0.74357034795764,0.7534039334341907
PhaseChanging,WAM depth=8,3,train_test,0.05,0.25,3,109,1.0,0.0,0.0,0.0,1758,436,4.0,16.128440366972477,1.0,1.0,109,109,3,3,0,3,3,0,106,1.0,1.0,24,0,0,872,0,3,0,0,68,69,68,68,68,1632,24.0,0.49715585893060293,0.5625711035267349,0.5591581342434585,0.5665529010238908
Random,None,3,train_test,0.05,0.25,3,109,0.05504587155963303,0.0,0.0,0.944954128440367,15474,15474,141.96330275229357,141.96330275229357,0.0,0.0,0,0,0,0,0,0,0,0,0,0.0,0.0,0,0,39,0,0,0,0,0,0,0,0,0,0,0,0.0,1.0,0.9855887294817113,1.007044073930464,0.9993537546852785
Random,NextLine,3,train_test,0.05,0.25,3,109,0.07339449541284404,0.009174311926605505,0.0,0.9174311926605505,15251,15044,138.0183486238532,139.91743119266056,0.0,0.0,109,109,98,97,0,3,0,95,11,0.030612244897959183,0.02912621359223301,784,1,70,109,0,98,438,407,0,0,0,0,0,0,0.0,1.0146219920005246,1.0,1.021769064323651,1.013966297291981
Random,Stride,3,train_test,0.05,0.25,3,109,0.05504587155963303,0.0,0.0,0.944954128440367,15583,15474,141.96330275229357,142.96330275229357,0.0,0.0,0,0,0,0,0,0,0,0,0,0.0,0.0,0,0,39,109,0,0,0,0,1,1,1,1,0,16,16.0,0.9930051979721491,0.9786947314381056,1.0,0.9923634730154656
Random,Markov-1,3,train_test,0.05,0.25,3,109,0.05504587155963303,0.009174311926605505,0.0,0.9357798165137615,15464,15336,140.69724770642202,141.87155963302752,0.0,0.0,20,23,19,19,0,1,0,18,4,0.05263157894736842,0.009708737864077669,152,0,50,109,0,19,146,136,250,219,250,250,250,6000,24.0,1.0006466632177962,0.9862260734609415,1.0076952922917743,1.0
Random,WAM depth=1,3,train_test,0.05,0.25,3,109,0.05504587155963303,0.009174311926605505,0.0,0.9357798165137615,15464,15336,140.69724770642202,141.87155963302752,0.0,0.0,20,23,19,19,0,1,0,18,4,0.05263157894736842,0.009708737864077669,152,0,50,109,0,19,146,136,219,220,219,219,219,5256,24.0,1.0006466632177962,0.9862260734609415,1.0076952922917743,1.0
Random,WAM depth=2,3,train_test,0.05,0.25,3,109,0.05504587155963303,0.0,0.0,0.944954128440367,15692,15474,141.96330275229357,143.96330275229357,0.0,0.0,0,0,0,0,0,0,0,0,0,0.0,0.0,0,0,39,218,0,0,0,0,467,468,467,467,467,11208,24.0,0.9861075707366811,0.9718965077746623,0.9930537853683405,0.9854703033392812
Random,WAM depth=3,3,train_test,0.05,0.25,3,109,0.05504587155963303,0.0,0.0,0.944954128440367,15801,15474,141.96330275229357,144.96330275229357,0.0,0.0,0,0,0,0,0,0,0,0,0,0.0,0.0,0,0,39,327,0,0,0,0,713,714,713,713,713,17112,24.0,0.9793051072716916,0.9651920764508576,0.9862034048477945,0.9786722359344345
Random,WAM depth=4,3,train_test,0.05,0.25,3,109,0.05504587155963303,0.0,0.0,0.944954128440367,15910,15474,141.96330275229357,145.96330275229357,0.0,0.0,0,0,0,0,0,0,0,0,0,0.0,0.0,0,0,39,436,0,0,0,0,957,958,957,957,957,22968,24.0,0.9725958516656191,0.9585795097423004,0.9794468887492144,0.9719673161533626
Random,WAM depth=8,3,train_test,0.05,0.25,3,109,0.05504587155963303,0.0,0.0,0.944954128440367,16346,15474,141.96330275229357,149.96330275229357,0.0,0.0,0,0,0,0,0,0,0,0,0,0.0,0.0,0,0,39,872,0,0,0,0,1915,1916,1915,1915,1915,45960,24.0,0.9466536155634406,0.9330111342224398,0.9533219136180106,0.9460418450997186
Sequential,None,4,train_test,0.05,0.25,3,109,0.0,0.0,0.0,1.0,16350,16350,150.0,150.0,0.0,0.0,0,0,0,0,0,0,0,0,0,0.0,0.0,0,0,45,0,0,0,0,0,0,0,0,0,0,0,0.0,1.0,1.0333333333333334,1.0333333333333334,1.0066666666666666
Sequential,NextLine,4,train_test,0.05,0.25,3,109,1.0,0.0,0.0,0.0,16895,436,4.0,155.0,1.0,1.0,109,109,109,109,0,109,109,0,0,1.0,1.0,872,0,45,109,0,109,0,0,0,0,0,0,0,0,0.0,0.967741935483871,1.0,1.0,0.9741935483870968
Sequential,Stride,4,train_test,0.05,0.25,3,109,1.0,0.0,0.0,0.0,16895,436,4.0,155.0,1.0,1.0,109,109,109,109,0,109,109,0,0,1.0,1.0,872,0,45,109,0,109,0,0,1,1,1,1,0,16,16.0,0.967741935483871,1.0,1.0,0.9741935483870968
Sequential,Markov-1,4,train_test,0.05,0.25,3,109,0.0,0.0,0.0,1.0,16459,16350,150.0,151.0,0.0,0.0,0,0,0,0,0,0,0,0,0,0.0,0.0,0,0,45,109,0,0,0,0,250,250,250,250,250,6000,24.0,0.9933774834437086,1.0264900662251655,1.0264900662251655,1.0
Sequential,WAM depth=1,4,train_test,0.05,0.25,3,109,0.0,0.0,0.0,1.0,16459,16350,150.0,151.0,0.0,0.0,0,0,0,0,0,0,0,0,0,0.0,0.0,0,0,45,109,0,0,0,0,250,251,250,250,250,6000,24.0,0.9933774834437086,1.0264900662251655,1.0264900662251655,1.0
Sequential,WAM depth=2,4,train_test,0.05,0.25,3,109,0.0,0.0,0.0,1.0,16568,16350,150.0,152.0,0.0,0.0,0,0,0,0,0,0,0,0,0,0.0,0.0,0,0,45,218,0,0,0,0,498,499,498,498,498,11952,24.0,0.9868421052631579,1.019736842105263,1.019736842105263,0.993421052631579
Sequential,WAM depth=3,4,train_test,0.05,0.25,3,109,0.0,0.0,0.0,1.0,16677,16350,150.0,153.0,0.0,0.0,0,0,0,0,0,0,0,0,0,0.0,0.0,0,0,45,327,0,0,0,0,744,745,744,744,744,17856,24.0,0.9803921568627451,1.0130718954248366,1.0130718954248366,0.9869281045751634
Sequential,WAM depth=4,4,train_test,0.05,0.25,3,109,0.0,0.0,0.0,1.0,16786,16350,150.0,154.0,0.0,0.0,0,0,0,0,0,0,0,0,0,0.0,0.0,0,0,45,436,0,0,0,0,988,989,988,988,988,23712,24.0,0.974025974025974,1.0064935064935066,1.0064935064935066,0.9805194805194806
Sequential,WAM depth=8,4,train_test,0.05,0.25,3,109,0.0,0.0,0.0,1.0,17222,16350,150.0,158.0,0.0,0.0,0,0,0,0,0,0,0,0,0,0.0,0.0,0,0,45,872,0,0,0,0,1944,1945,1944,1944,1944,46656,24.0,0.9493670886075949,0.9810126582278481,0.9810126582278481,0.9556962025316456
Stride,None,4,train_test,0.05,0.25,3,109,0.0,0.0,0.0,1.0,16350,16350,150.0,150.0,0.0,0.0,0,0,0,0,0,0,0,0,0,0.0,0.0,0,0,45,0,0,0,0,0,0,0,0,0,0,0,0.0,1.0,1.0133333333333334,1.0333333333333334,1.0066666666666666
Stride,NextLine,4,train_test,0.05,0.25,3,109,0.0,0.0,0.0,1.0,16568,16350,150.0,152.0,0.0,0.0,109,109,109,108,0,0,0,109,0,0.0,0.0,872,0,77,109,0,109,0,-33,0,0,0,0,0,0,0.0,0.9868421052631579,1.0,1.019736842105263,0.993421052631579
Stride,Stride,4,train_test,0.05,0.25,3,109,1.0,0.0,0.0,0.0,16895,436,4.0,155.0,1.0,1.0,109,109,109,109,0,109,109,0,0,1.0,1.0,872,0,45,109,0,109,0,0,1,1,1,1,0,16,16.0,0.967741935483871,0.9806451612903225,1.0,0.9741935483870968
Stride,Markov-1,4,train_test,0.05,0.25,3,109,0.0,0.0,0.0,1.0,16459,16350,150.0,151.0,0.0,0.0,0,0,0,0,0,0,0,0,0,0.0,0.0,0,0,45,109,0,0,0,0,250,250,250,250,250,6000,24.0,0.9933774834437086,1.0066225165562914,1.0264900662251655,1.0
Stride,WAM depth=1,4,train_test,0.05,0.25,3,109,0.0,0.0,0.0,1.0,16459,16350,150.0,151.0,0.0,0.0,0,0,0,0,0,0,0,0,0,0.0,0.0,0,0,45,109,0,0,0,0,250,251,250,250,250,6000,24.0,0.9933774834437086,1.0066225165562914,1.0264900662251655,1.0
Stride,WAM depth=2,4,train_test,0.05,0.25,3,109,0.0,0.0,0.0,1.0,16568,16350,150.0,152.0,0.0,0.0,0,0,0,0,0,0,0,0,0,0.0,0.0,0,0,45,218,0,0,0,0,498,499,498,498,498,11952,24.0,0.9868421052631579,1.0,1.019736842105263,0.993421052631579
Stride,WAM depth=3,4,train_test,0.05,0.25,3,109,0.0,0.0,0.0,1.0,16677,16350,150.0,153.0,0.0,0.0,0,0,0,0,0,0,0,0,0,0.0,0.0,0,0,45,327,0,0,0,0,744,745,744,744,744,17856,24.0,0.9803921568627451,0.9934640522875817,1.0130718954248366,0.9869281045751634
Stride,WAM depth=4,4,train_test,0.05,0.25,3,109,0.0,0.0,0.0,1.0,16786,16350,150.0,154.0,0.0,0.0,0,0,0,0,0,0,0,0,0,0.0,0.0,0,0,45,436,0,0,0,0,988,989,988,988,988,23712,24.0,0.974025974025974,0.987012987012987,1.0064935064935066,0.9805194805194806
Stride,WAM depth=8,4,train_test,0.05,0.25,3,109,0.0,0.0,0.0,1.0,17222,16350,150.0,158.0,0.0,0.0,0,0,0,0,0,0,0,0,0,0.0,0.0,0,0,45,872,0,0,0,0,1944,1945,1944,1944,1944,46656,24.0,0.9493670886075949,0.9620253164556962,0.9810126582278481,0.9556962025316456
Repeating,None,4,train_test,0.05,0.25,3,109,0.963302752293578,0.0,0.0,0.03669724770642202,1020,1020,9.357798165137615,9.357798165137615,0.0,0.0,0,0,0,0,0,0,0,0,0,0.0,0.0,0,0,0,0,0,0,0,0,0,0,0,0,0,0,0.0,1.0,1.119607843137255,1.119607843137255,1.1225490196078431
Repeating,NextLine,4,train_test,0.05,0.25,3,109,0.9908256880733946,0.0,0.0,0.009174311926605505,1142,582,5.339449541284404,10.477064220183486,0.7522935779816514,0.7522935779816514,109,109,4,4,0,3,3,1,105,0.75,0.75,32,0,0,109,0,4,0,-1,0,0,0,0,0,0,0.0,0.8931698774080561,1.0,1.0,1.0026269702276707
Repeating,Stride,4,train_test,0.05,0.25,3,109,0.9908256880733946,0.0,0.0,0.009174311926605505,1142,582,5.339449541284404,10.477064220183486,0.7522935779816514,0.7522935779816514,109,109,4,4,0,3,3,1,105,0.75,0.75,32,0,0,109,0,4,0,-1,1,1,1,1,0,16,16.0,0.8931698774080561,1.0,1.0,1.0026269702276707
Repeating,Markov-1,4,train_test,0.05,0.25,3,109,1.0,0.0,0.0,0.0,1145,436,4.0,10.504587155963304,1.0,1.0,109,109,4,4,0,4,4,0,105,1.0,1.0,32,0,0,109,0,4,0,0,4,4,4,4,4,96,24.0,0.8908296943231441,0.9973799126637555,0.9973799126637555,1.0
Repeating,WAM depth=1,4,train_test,0.05,0.25,3,109,1.0,0.0,0.0,0.0,1145,436,4.0,10.504587155963304,1.0,1.0,109,109,4,4,0,4,4,0,105,1.0,1.0,32,0,0,109,0,4,0,0,4,5,4,4,4,96,24.0,0.8908296943231441,0.9973799126637555,0.9973799126637555,1.0
Repeating,WAM depth=2,4,train_test,0.05,0.25,3,109,1.0,0.0,0.0,0.0,1254,436,4.0,11.504587155963304,1.0,1.0,109,109,4,4,0,4,4,0,105,1.0,1.0,32,0,0,218,0,4,0,0,8,9,8,8,8,192,24.0,0.8133971291866029,0.9106858054226475,0.9106858054226475,0.9130781499202552
Repeating,WAM depth=3,4,train_test,0.05,0.25,3,109,1.0,0.0,0.0,0.0,1363,436,4.0,12.504587155963304,1.0,1.0,109,109,4,4,0,4,4,0,105,1.0,1.0,32,0,0,327,0,4,0,0,12,13,12,12,12,288,24.0,0.7483492296404989,0.8378576669112252,0.8378576669112252,0.8400586940572267
Repeating,WAM depth=4,4,train_test,0.05,0.25,3,109,1.0,0.0,0.0,0.0,1472,436,4.0,13.504587155963304,1.0,1.0,109,109,4,4,0,4,4,0,105,1.0,1.0,32,0,0,436,0,4,0,0,16,17,16,16,16,384,24.0,0.6929347826086957,0.7758152173913043,0.7758152173913043,0.7778532608695652
Repeating,WAM depth=8,4,train_test,0.05,0.25,3,109,1.0,0.0,0.0,0.0,1908,436,4.0,17.504587155963304,1.0,1.0,109,109,4,4,0,4,4,0,105,1.0,1.0,32,0,0,872,0,4,0,0,32,33,32,32,32,768,24.0,0.5345911949685535,0.5985324947589099,0.5985324947589099,0.600104821802935
Contextual,None,4,train_test,0.05,0.25,3,109,0.9541284403669725,0.0,0.0,0.045871559633027525,1166,1166,10.697247706422019,10.697247706422019,0.0,0.0,0,0,0,0,0,0,0,0,0,0.0,0.0,0,0,0,0,0,0,0,0,0,0,0,0,0,0,0.0,1.0,0.9742710120068611,1.0934819897084047,0.9828473413379074
Contextual,NextLine,4,train_test,0.05,0.25,3,109,0.9724770642201835,0.0,0.0,0.027522935779816515,1136,874,8.01834862385321,10.422018348623853,0.1651376146788991,0.1651376146788991,109,109,4,4,0,2,1,2,105,0.5,0.4,32,0,0,109,0,4,146,144,0,0,0,0,0,0,0.0,1.0264084507042253,1.0,1.1223591549295775,1.0088028169014085
Contextual,Stride,4,train_test,0.05,0.25,3,109,0.9541284403669725,0.0,0.0,0.045871559633027525,1275,1166,10.697247706422019,11.697247706422019,0.0,0.0,0,0,0,0,0,0,0,0,0,0.0,0.0,0,0,0,109,0,0,0,0,1,1,1,1,0,16,16.0,0.9145098039215687,0.8909803921568628,1.0,0.8988235294117647
Contextual,Markov-1,4,train_test,0.05,0.25,3,109,1.0,0.0,0.0,0.0,1146,436,4.0,10.513761467889909,0.8256880733944955,1.0,109,146,5,5,0,5,4,0,141,1.0,1.0,40,0,0,109,0,5,146,146,6,5,6,6,6,144,24.0,1.0174520069808028,0.9912739965095986,1.112565445026178,1.0
Contextual,WAM depth=1,4,train_test,0.05,0.25,3,109,1.0,0.0,0.0,0.0,1146,436,4.0,10.513761467889909,0.8256880733944955,1.0,109,146,5,5,0,5,4,0,141,1.0,1.0,40,0,0,109,0,5,146,146,5,6,5,5,5,120,24.0,1.0174520069808028,0.9912739965095986,1.112565445026178,1.0
Contextual,WAM depth=2,4,train_test,0.05,0.25,3,109,1.0,0.0,0.0,0.0,1404,436,4.0,12.880733944954128,1.0,1.0,109,109,5,5,0,5,5,0,104,1.0,1.0,40,0,0,218,0,5,0,0,11,12,11,11,11,264,24.0,0.8304843304843305,0.8091168091168092,0.9081196581196581,0.8162393162393162
Contextual,WAM depth=3,4,train_test,0.05,0.25,3,109,1.0,0.0,0.0,0.0,1513,436,4.0,13.880733944954128,1.0,1.0,109,109,5,5,0,5,5,0,104,1.0,1.0,40,0,0,327,0,5,0,0,17,18,17,17,17,408,24.0,0.7706543291473893,0.7508261731658956,0.8426966292134831,0.7574355584930601
Contextual,WAM depth=4,4,train_test,0.05,0.25,3,109,1.0,0.0,0.0,0.0,1622,436,4.0,14.880733944954128,1.0,1.0,109,109,5,5,0,5,5,0,104,1.0,1.0,40,0,0,436,0,5,0,0,23,24,23,23,23,552,24.0,0.718865598027127,0.7003699136868065,0.7860665844636252,0.7065351418002466
Contextual,WAM depth=8,4,train_test,0.05,0.25,3,109,1.0,0.0,0.0,0.0,2058,436,4.0,18.880733944954127,1.0,1.0,109,109,5,5,0,5,5,0,104,1.0,1.0,40,0,0,872,0,5,0,0,47,48,47,47,47,1128,24.0,0.5665694849368319,0.5519922254616132,0.619533527696793,0.5568513119533528
LongerDependency,None,4,train_test,0.05,0.25,3,109,0.9357798165137615,0.0,0.0,0.06422018348623854,1458,1458,13.376146788990825,13.376146788990825,0.0,0.0,0,0,0,0,0,0,0,0,0,0.0,0.0,0,0,0,0,0,0,0,0,0,0,0,0,0,0,0.0,1.0,0.9732510288065843,1.0747599451303156,0.9910836762688614
LongerDependency,NextLine,4,train_test,0.05,0.25,3,109,0.981651376146789,0.0,0.0,0.01834862385321101,1419,728,6.678899082568807,13.01834862385321,0.5045871559633027,0.5045871559633027,109,109,7,7,0,5,4,2,102,0.7142857142857143,0.7142857142857143,56,0,0,109,0,7,164,162,0,0,0,0,0,0,0.0,1.0274841437632136,1.0,1.1042988019732205,1.018322762508809
LongerDependency,Stride,4,train_test,0.05,0.25,3,109,0.9357798165137615,0.0,0.0,0.06422018348623854,1567,1458,13.376146788990825,14.376146788990825,0.0,0.0,0,0,0,0,0,0,0,0,0,0.0,0.0,0,0,0,109,0,0,0,0,1,1,1,1,0,16,16.0,0.9304403318442884,0.9055520102105935,1.0,0.9221442246330568
LongerDependency,Markov-1,4,train_test,0.05,0.25,3,109,1.0,0.0,0.0,0.0,1445,436,4.0,13.256880733944953,0.8990825688073395,1.0,109,131,7,7,0,7,6,0,124,1.0,1.0,56,0,0,109,0,7,146,146,8,7,8,8,8,192,24.0,1.0089965397923875,0.9820069204152249,1.0844290657439446,1.0
LongerDependency,WAM depth=1,4,train_test,0.05,0.25,3,109,1.0,0.0,0.0,0.0,1445,436,4.0,13.256880733944953,0.8990825688073395,1.0,109,131,7,7,0,7,6,0,124,1.0,1.0,56,0,0,109,0,7,146,146,7,8,7,7,7,168,24.0,1.0089965397923875,0.9820069204152249,1.0844290657439446,1.0
LongerDependency,WAM depth=2,4,train_test,0.05,0.25,3,109,1.0,0.0,0.0,0.0,1554,436,4.0,14.256880733944953,0.8990825688073395,1.0,109,131,7,7,0,7,6,0,124,1.0,1.0,56,0,0,218,0,7,146,146,15,16,15,15,15,360,24.0,0.9382239382239382,0.9131274131274131,1.0083655083655083,0.9298584298584298
LongerDependency,WAM depth=3,4,train_test,0.05,0.25,3,109,1.0,0.0,0.0,0.0,1663,436,4.0,15.256880733944953,0.8990825688073395,1.0,109,131,7,7,0,7,6,0,124,1.0,1.0,56,0,0,327,0,7,146,146,24,25,24,24,24,576,24.0,0.8767288033674083,0.8532772098616958,0.9422730006013229,0.8689116055321707
LongerDependency,WAM depth=4,4,train_test,0.05,0.25,3,109,1.0,0.0,0.0,0.0,1922,436,4.0,17.63302752293578,1.0,1.0,109,109,7,7,0,7,7,0,102,1.0,1.0,56,0,0,436,0,7,0,0,34,35,34,34,34,816,24.0,0.7585848074921956,0.7382934443288242,0.8152965660770031,0.7518210197710719
LongerDependency,WAM depth=8,4,train_test,0.05,0.25,3,109,1.0,0.0,0.0,0.0,2358,436,4.0,21.63302752293578,1.0,1.0,109,109,7,7,0,7,7,0,102,1.0,1.0,56,0,0,872,0,7,0,0,74,75,74,74,74,1776,24.0,0.6183206106870229,0.6017811704834606,0.6645462256149279,0.6128074639525021
Probabilistic,None,4,train_test,0.05,0.25,3,109,0.963302752293578,0.0,0.0,0.03669724770642202,1020,1020,9.357798165137615,9.357798165137615,0.0,0.0,0,0,0,0,0,0,0,0,0,0.0,0.0,0,0,0,0,0,0,0,0,0,0,0,0,0,0,0.0,1.0,0.9696078431372549,1.1068627450980393,0.9764705882352941
Probabilistic,NextLine,4,train_test,0.05,0.25,3,109,0.981651376146789,0.0,0.0,0.01834862385321101,989,728,6.678899082568807,9.073394495412844,0.5871559633027523,0.5871559633027523,109,109,3,3,0,2,1,1,106,0.6666666666666666,0.5,24,0,0,109,0,3,146,145,0,0,0,0,0,0,0.0,1.031344792719919,1.0,1.1415571284125379,1.0070778564206269
Probabilistic,Stride,4,train_test,0.05,0.25,3,109,0.963302752293578,0.0,0.0,0.03669724770642202,1129,1020,9.357798165137615,10.357798165137615,0.0,0.0,0,0,0,0,0,0,0,0,0,0.0,0.0,0,0,0,109,0,0,0,0,1,1,1,1,0,16,16.0,0.9034543844109831,0.8759964570416298,1.0,0.8821966341895483
Probabilistic,Markov-1,4,train_test,0.05,0.25,3,109,1.0,0.0,0.0,0.0,996,436,4.0,9.137614678899082,0.9174311926605505,1.0,109,146,4,4,0,4,3,0,142,1.0,1.0,32,0,0,109,0,4,146,146,5,4,5,5,5,120,24.0,1.0240963855421688,0.9929718875502008,1.1335341365461848,1.0
Probabilistic,WAM depth=1,4,train_test,0.05,0.25,3,109,1.0,0.0,0.0,0.0,996,436,4.0,9.137614678899082,0.9174311926605505,1.0,109,146,4,4,0,4,3,0,142,1.0,1.0,32,0,0,109,0,4,146,146,4,5,4,4,4,96,24.0,1.0240963855421688,0.9929718875502008,1.1335341365461848,1.0
Probabilistic,WAM depth=2,4,train_test,0.05,0.25,3,109,1.0,0.0,0.0,0.0,1105,436,4.0,10.137614678899082,0.9174311926605505,1.0,109,146,4,4,0,4,3,0,142,1.0,1.0,32,0,0,218,0,4,146,146,9,10,9,9,9,216,24.0,0.9230769230769231,0.8950226244343892,1.0217194570135746,0.9013574660633484
Probabilistic,WAM depth=3,4,train_test,0.05,0.25,3,109,1.0,0.0,0.0,0.0,1214,436,4.0,11.137614678899082,0.9174311926605505,1.0,109,146,4,4,0,4,3,0,142,1.0,1.0,32,0,0,327,0,4,146,146,15,16,15,15,15,360,24.0,0.8401976935749588,0.814662273476112,0.9299835255354201,0.8204283360790774
Probabilistic,WAM depth=4,4,train_test,0.05,0.25,3,109,1.0,0.0,0.0,0.0,1323,436,4.0,12.137614678899082,0.9174311926605505,1.0,109,146,4,4,0,4,3,0,142,1.0,1.0,32,0,0,436,0,4,146,146,23,24,23,23,23,552,24.0,0.7709750566893424,0.7475434618291761,0.8533635676492819,0.7528344671201814
Probabilistic,WAM depth=8,4,train_test,0.05,0.25,3,109,1.0,0.0,0.0,0.0,1759,436,4.0,16.137614678899084,0.9174311926605505,1.0,109,146,4,4,0,4,3,0,142,1.0,1.0,32,0,0,872,0,4,146,146,81,82,81,81,81,1944,24.0,0.579874928936896,0.5622512791358727,0.641841955656623,0.5662308129619101
PhaseChanging,None,4,train_test,0.05,0.25,3,109,0.9724770642201835,0.0,0.0,0.027522935779816515,874,874,8.01834862385321,8.01834862385321,0.0,0.0,0,0,0,0,0,0,0,0,0,0.0,0.0,0,0,0,0,0,0,0,0,0,0,0,0,0,0,0.0,1.0,1.131578947368421,1.1247139588100687,1.139588100686499
PhaseChanging,NextLine,4,train_test,0.05,0.25,3,109,0.981651376146789,0.0,0.0,0.01834862385321101,989,728,6.678899082568807,9.073394495412844,0.3394495412844037,0.3394495412844037,109,109,3,3,0,1,1,2,106,0.3333333333333333,0.3333333333333333,24,0,0,109,0,3,0,-2,0,0,0,0,0,0,0.0,0.8837209302325582,1.0,0.993933265925177,1.0070778564206269
PhaseChanging,Stride,4,train_test,0.05,0.25,3,109,0.9724770642201835,0.0,0.0,0.027522935779816515,983,874,8.01834862385321,9.01834862385321,0.0,0.0,0,0,0,0,0,0,0,0,0,0.0,0.0,0,0,0,109,0,0,0,0,1,1,1,1,0,16,16.0,0.8891149542217701,1.0061037639877926,1.0,1.0132248219735505
PhaseChanging,Markov-1,4,train_test,0.05,0.25,3,109,1.0,0.0,0.0,0.0,996,436,4.0,9.137614678899082,0.6697247706422018,1.0,109,145,4,4,0,3,3,1,141,0.75,1.0,32,0,0,109,0,4,0,-1,6,5,6,6,6,144,24.0,0.8775100401606426,0.9929718875502008,0.9869477911646586,1.0
PhaseChanging,WAM depth=1,4,train_test,0.05,0.25,3,109,1.0,0.0,0.0,0.0,996,436,4.0,9.137614678899082,0.6697247706422018,1.0,109,145,4,4,0,3,3,1,141,0.75,1.0,32,0,0,109,0,4,0,-1,5,6,5,5,5,120,24.0,0.8775100401606426,0.9929718875502008,0.9869477911646586,1.0
PhaseChanging,WAM depth=2,4,train_test,0.05,0.25,3,109,1.0,0.0,0.0,0.0,1104,436,4.0,10.128440366972477,1.0,1.0,109,109,3,3,0,3,3,0,106,1.0,1.0,24,0,0,218,0,3,0,0,11,12,11,11,11,264,24.0,0.7916666666666666,0.8958333333333334,0.8903985507246377,0.9021739130434783
PhaseChanging,WAM depth=3,4,train_test,0.05,0.25,3,109,1.0,0.0,0.0,0.0,1213,436,4.0,11.128440366972477,1.0,1.0,109,109,3,3,0,3,3,0,106,1.0,1.0,24,0,0,327,0,3,0,0,18,19,18,18,18,432,24.0,0.720527617477329,0.8153338829348722,0.8103874690849134,0.8211046990931574
PhaseChanging,WAM depth=4,4,train_test,0.05,0.25,3,109,1.0,0.0,0.0,0.0,1322,436,4.0,12.128440366972477,1.0,1.0,109,109,3,3,0,3,3,0,106,1.0,1.0,24,0,0,436,0,3,0,0,26,27,26,26,26,624,24.0,0.6611195158850227,0.7481089258698941,0.74357034795764,0.7534039334341907
PhaseChanging,WAM depth=8,4,train_test,0.05,0.25,3,109,1.0,0.0,0.0,0.0,1758,436,4.0,16.128440366972477,1.0,1.0,109,109,3,3,0,3,3,0,106,1.0,1.0,24,0,0,872,0,3,0,0,68,69,68,68,68,1632,24.0,0.49715585893060293,0.5625711035267349,0.5591581342434585,0.5665529010238908
Random,None,4,train_test,0.05,0.25,3,109,0.03669724770642202,0.009174311926605505,0.0,0.9541284403669725,15628,15628,143.37614678899084,143.37614678899084,0.0,0.0,0,0,0,0,0,0,0,0,0,0.0,0.0,0,0,41,0,0,0,0,0,0,0,0,0,0,0,0.0,1.0,1.0146531865881752,1.006974660865114,1.0088303045815203
Random,NextLine,4,train_test,0.05,0.25,3,109,0.027522935779816515,0.027522935779816515,0.0,0.944954128440367,15857,15498,142.1834862385321,145.47706422018348,0.009174311926605505,0.009174311926605505,109,109,101,100,0,1,1,100,8,0.009900990099009901,0.009615384615384616,808,1,73,109,0,101,0,-31,0,0,0,0,0,0,0.0,0.9855584284543104,1.0,0.9924323642555338,0.9942612095604465
Random,Stride,4,train_test,0.05,0.25,3,109,0.03669724770642202,0.009174311926605505,0.0,0.9541284403669725,15737,15628,143.37614678899084,144.37614678899084,0.0,0.0,0,0,0,0,0,0,0,0,0,0.0,0.0,0,0,41,109,0,0,0,0,1,1,1,1,0,16,16.0,0.9930736480904874,1.007625341551757,1.0,1.001842790875008
Random,Markov-1,4,train_test,0.05,0.25,3,109,0.027522935779816515,0.01834862385321101,0.0,0.9541284403669725,15766,15636,143.44954128440367,144.6422018348624,0.0,0.0,22,22,21,21,0,0,0,21,1,0.0,0.0,168,2,54,109,0,21,0,-12,250,230,250,250,250,6000,24.0,0.9912469871876189,1.0057719142458454,0.9981605987568185,1.0
Random,WAM depth=1,4,train_test,0.05,0.25,3,109,0.027522935779816515,0.01834862385321101,0.0,0.9541284403669725,15766,15636,143.44954128440367,144.6422018348624,0.0,0.0,22,22,21,21,0,0,0,21,1,0.0,0.0,168,2,54,109,0,21,0,-12,230,231,230,230,230,5520,24.0,0.9912469871876189,1.0057719142458454,0.9981605987568185,1.0
Random,WAM depth=2,4,train_test,0.05,0.25,3,109,0.03669724770642202,0.009174311926605505,0.0,0.9541284403669725,15846,15628,143.37614678899084,145.37614678899084,0.0,0.0,0,0,0,0,0,0,0,0,0,0.0,0.0,0,0,41,218,0,0,0,0,479,480,479,479,479,11496,24.0,0.9862425848794648,1.0006941814969077,0.9931212924397325,0.9949514072952165
Random,WAM depth=3,4,train_test,0.05,0.25,3,109,0.03669724770642202,0.009174311926605505,0.0,0.9541284403669725,15955,15628,143.37614678899084,146.37614678899084,0.0,0.0,0,0,0,0,0,0,0,0,0,0.0,0.0,0,0,41,327,0,0,0,0,726,727,726,726,726,17424,24.0,0.9795048574114698,0.9938577248511439,0.9863365716076465,0.9881541836414917
Random,WAM depth=4,4,train_test,0.05,0.25,3,109,0.03669724770642202,0.009174311926605505,0.0,0.9541284403669725,16064,15628,143.37614678899084,147.37614678899084,0.0,0.0,0,0,0,0,0,0,0,0,0,0.0,0.0,0,0,41,436,0,0,0,0,970,971,970,970,970,23280,24.0,0.9728585657370518,0.9871140438247012,0.9796439243027888,0.981449203187251
Random,WAM depth=8,4,train_test,0.05,0.25,3,109,0.03669724770642202,0.009174311926605505,0.0,0.9541284403669725,16500,15628,143.37614678899084,151.37614678899084,0.0,0.0,0,0,0,0,0,0,0,0,0,0.0,0.0,0,0,41,872,0,0,0,0,1926,1927,1926,1926,1926,46224,24.0,0.9471515151515152,0.961030303030303,0.9537575757575758,0.9555151515151515
Sequential,None,5,train_test,0.05,0.25,3,109,0.0,0.0,0.0,1.0,16350,16350,150.0,150.0,0.0,0.0,0,0,0,0,0,0,0,0,0,0.0,0.0,0,0,45,0,0,0,0,0,0,0,0,0,0,0,0.0,1.0,1.0333333333333334,1.0333333333333334,1.0066666666666666
Sequential,NextLine,5,train_test,0.05,0.25,3,109,1.0,0.0,0.0,0.0,16895,436,4.0,155.0,1.0,1.0,109,109,109,109,0,109,109,0,0,1.0,1.0,872,0,45,109,0,109,0,0,0,0,0,0,0,0,0.0,0.967741935483871,1.0,1.0,0.9741935483870968
Sequential,Stride,5,train_test,0.05,0.25,3,109,1.0,0.0,0.0,0.0,16895,436,4.0,155.0,1.0,1.0,109,109,109,109,0,109,109,0,0,1.0,1.0,872,0,45,109,0,109,0,0,1,1,1,1,0,16,16.0,0.967741935483871,1.0,1.0,0.9741935483870968
Sequential,Markov-1,5,train_test,0.05,0.25,3,109,0.0,0.0,0.0,1.0,16459,16350,150.0,151.0,0.0,0.0,0,0,0,0,0,0,0,0,0,0.0,0.0,0,0,45,109,0,0,0,0,250,250,250,250,250,6000,24.0,0.9933774834437086,1.0264900662251655,1.0264900662251655,1.0
Sequential,WAM depth=1,5,train_test,0.05,0.25,3,109,0.0,0.0,0.0,1.0,16459,16350,150.0,151.0,0.0,0.0,0,0,0,0,0,0,0,0,0,0.0,0.0,0,0,45,109,0,0,0,0,250,251,250,250,250,6000,24.0,0.9933774834437086,1.0264900662251655,1.0264900662251655,1.0
Sequential,WAM depth=2,5,train_test,0.05,0.25,3,109,0.0,0.0,0.0,1.0,16568,16350,150.0,152.0,0.0,0.0,0,0,0,0,0,0,0,0,0,0.0,0.0,0,0,45,218,0,0,0,0,498,499,498,498,498,11952,24.0,0.9868421052631579,1.019736842105263,1.019736842105263,0.993421052631579
Sequential,WAM depth=3,5,train_test,0.05,0.25,3,109,0.0,0.0,0.0,1.0,16677,16350,150.0,153.0,0.0,0.0,0,0,0,0,0,0,0,0,0,0.0,0.0,0,0,45,327,0,0,0,0,744,745,744,744,744,17856,24.0,0.9803921568627451,1.0130718954248366,1.0130718954248366,0.9869281045751634
Sequential,WAM depth=4,5,train_test,0.05,0.25,3,109,0.0,0.0,0.0,1.0,16786,16350,150.0,154.0,0.0,0.0,0,0,0,0,0,0,0,0,0,0.0,0.0,0,0,45,436,0,0,0,0,988,989,988,988,988,23712,24.0,0.974025974025974,1.0064935064935066,1.0064935064935066,0.9805194805194806
Sequential,WAM depth=8,5,train_test,0.05,0.25,3,109,0.0,0.0,0.0,1.0,17222,16350,150.0,158.0,0.0,0.0,0,0,0,0,0,0,0,0,0,0.0,0.0,0,0,45,872,0,0,0,0,1944,1945,1944,1944,1944,46656,24.0,0.9493670886075949,0.9810126582278481,0.9810126582278481,0.9556962025316456
Stride,None,5,train_test,0.05,0.25,3,109,0.0,0.0,0.0,1.0,16350,16350,150.0,150.0,0.0,0.0,0,0,0,0,0,0,0,0,0,0.0,0.0,0,0,45,0,0,0,0,0,0,0,0,0,0,0,0.0,1.0,1.0133333333333334,1.0333333333333334,1.0066666666666666
Stride,NextLine,5,train_test,0.05,0.25,3,109,0.0,0.0,0.0,1.0,16568,16350,150.0,152.0,0.0,0.0,109,109,109,108,0,0,0,109,0,0.0,0.0,872,0,77,109,0,109,0,-33,0,0,0,0,0,0,0.0,0.9868421052631579,1.0,1.019736842105263,0.993421052631579
Stride,Stride,5,train_test,0.05,0.25,3,109,1.0,0.0,0.0,0.0,16895,436,4.0,155.0,1.0,1.0,109,109,109,109,0,109,109,0,0,1.0,1.0,872,0,45,109,0,109,0,0,1,1,1,1,0,16,16.0,0.967741935483871,0.9806451612903225,1.0,0.9741935483870968
Stride,Markov-1,5,train_test,0.05,0.25,3,109,0.0,0.0,0.0,1.0,16459,16350,150.0,151.0,0.0,0.0,0,0,0,0,0,0,0,0,0,0.0,0.0,0,0,45,109,0,0,0,0,250,250,250,250,250,6000,24.0,0.9933774834437086,1.0066225165562914,1.0264900662251655,1.0
Stride,WAM depth=1,5,train_test,0.05,0.25,3,109,0.0,0.0,0.0,1.0,16459,16350,150.0,151.0,0.0,0.0,0,0,0,0,0,0,0,0,0,0.0,0.0,0,0,45,109,0,0,0,0,250,251,250,250,250,6000,24.0,0.9933774834437086,1.0066225165562914,1.0264900662251655,1.0
Stride,WAM depth=2,5,train_test,0.05,0.25,3,109,0.0,0.0,0.0,1.0,16568,16350,150.0,152.0,0.0,0.0,0,0,0,0,0,0,0,0,0,0.0,0.0,0,0,45,218,0,0,0,0,498,499,498,498,498,11952,24.0,0.9868421052631579,1.0,1.019736842105263,0.993421052631579
Stride,WAM depth=3,5,train_test,0.05,0.25,3,109,0.0,0.0,0.0,1.0,16677,16350,150.0,153.0,0.0,0.0,0,0,0,0,0,0,0,0,0,0.0,0.0,0,0,45,327,0,0,0,0,744,745,744,744,744,17856,24.0,0.9803921568627451,0.9934640522875817,1.0130718954248366,0.9869281045751634
Stride,WAM depth=4,5,train_test,0.05,0.25,3,109,0.0,0.0,0.0,1.0,16786,16350,150.0,154.0,0.0,0.0,0,0,0,0,0,0,0,0,0,0.0,0.0,0,0,45,436,0,0,0,0,988,989,988,988,988,23712,24.0,0.974025974025974,0.987012987012987,1.0064935064935066,0.9805194805194806
Stride,WAM depth=8,5,train_test,0.05,0.25,3,109,0.0,0.0,0.0,1.0,17222,16350,150.0,158.0,0.0,0.0,0,0,0,0,0,0,0,0,0,0.0,0.0,0,0,45,872,0,0,0,0,1944,1945,1944,1944,1944,46656,24.0,0.9493670886075949,0.9620253164556962,0.9810126582278481,0.9556962025316456
Repeating,None,5,train_test,0.05,0.25,3,109,0.963302752293578,0.0,0.0,0.03669724770642202,1020,1020,9.357798165137615,9.357798165137615,0.0,0.0,0,0,0,0,0,0,0,0,0,0.0,0.0,0,0,0,0,0,0,0,0,0,0,0,0,0,0,0.0,1.0,1.119607843137255,1.119607843137255,1.1225490196078431
Repeating,NextLine,5,train_test,0.05,0.25,3,109,0.9908256880733946,0.0,0.0,0.009174311926605505,1142,582,5.339449541284404,10.477064220183486,0.7522935779816514,0.7522935779816514,109,109,4,4,0,3,3,1,105,0.75,0.75,32,0,0,109,0,4,0,-1,0,0,0,0,0,0,0.0,0.8931698774080561,1.0,1.0,1.0026269702276707
Repeating,Stride,5,train_test,0.05,0.25,3,109,0.9908256880733946,0.0,0.0,0.009174311926605505,1142,582,5.339449541284404,10.477064220183486,0.7522935779816514,0.7522935779816514,109,109,4,4,0,3,3,1,105,0.75,0.75,32,0,0,109,0,4,0,-1,1,1,1,1,0,16,16.0,0.8931698774080561,1.0,1.0,1.0026269702276707
Repeating,Markov-1,5,train_test,0.05,0.25,3,109,1.0,0.0,0.0,0.0,1145,436,4.0,10.504587155963304,1.0,1.0,109,109,4,4,0,4,4,0,105,1.0,1.0,32,0,0,109,0,4,0,0,4,4,4,4,4,96,24.0,0.8908296943231441,0.9973799126637555,0.9973799126637555,1.0
Repeating,WAM depth=1,5,train_test,0.05,0.25,3,109,1.0,0.0,0.0,0.0,1145,436,4.0,10.504587155963304,1.0,1.0,109,109,4,4,0,4,4,0,105,1.0,1.0,32,0,0,109,0,4,0,0,4,5,4,4,4,96,24.0,0.8908296943231441,0.9973799126637555,0.9973799126637555,1.0
Repeating,WAM depth=2,5,train_test,0.05,0.25,3,109,1.0,0.0,0.0,0.0,1254,436,4.0,11.504587155963304,1.0,1.0,109,109,4,4,0,4,4,0,105,1.0,1.0,32,0,0,218,0,4,0,0,8,9,8,8,8,192,24.0,0.8133971291866029,0.9106858054226475,0.9106858054226475,0.9130781499202552
Repeating,WAM depth=3,5,train_test,0.05,0.25,3,109,1.0,0.0,0.0,0.0,1363,436,4.0,12.504587155963304,1.0,1.0,109,109,4,4,0,4,4,0,105,1.0,1.0,32,0,0,327,0,4,0,0,12,13,12,12,12,288,24.0,0.7483492296404989,0.8378576669112252,0.8378576669112252,0.8400586940572267
Repeating,WAM depth=4,5,train_test,0.05,0.25,3,109,1.0,0.0,0.0,0.0,1472,436,4.0,13.504587155963304,1.0,1.0,109,109,4,4,0,4,4,0,105,1.0,1.0,32,0,0,436,0,4,0,0,16,17,16,16,16,384,24.0,0.6929347826086957,0.7758152173913043,0.7758152173913043,0.7778532608695652
Repeating,WAM depth=8,5,train_test,0.05,0.25,3,109,1.0,0.0,0.0,0.0,1908,436,4.0,17.504587155963304,1.0,1.0,109,109,4,4,0,4,4,0,105,1.0,1.0,32,0,0,872,0,4,0,0,32,33,32,32,32,768,24.0,0.5345911949685535,0.5985324947589099,0.5985324947589099,0.600104821802935
Contextual,None,5,train_test,0.05,0.25,3,109,0.9541284403669725,0.0,0.0,0.045871559633027525,1166,1166,10.697247706422019,10.697247706422019,0.0,0.0,0,0,0,0,0,0,0,0,0,0.0,0.0,0,0,0,0,0,0,0,0,0,0,0,0,0,0,0.0,1.0,0.9742710120068611,1.0934819897084047,0.9828473413379074
Contextual,NextLine,5,train_test,0.05,0.25,3,109,0.9724770642201835,0.0,0.0,0.027522935779816515,1136,874,8.01834862385321,10.422018348623853,0.1651376146788991,0.1651376146788991,109,109,4,4,0,2,1,2,105,0.5,0.4,32,0,0,109,0,4,146,144,0,0,0,0,0,0,0.0,1.0264084507042253,1.0,1.1223591549295775,1.0088028169014085
Contextual,Stride,5,train_test,0.05,0.25,3,109,0.9541284403669725,0.0,0.0,0.045871559633027525,1275,1166,10.697247706422019,11.697247706422019,0.0,0.0,0,0,0,0,0,0,0,0,0,0.0,0.0,0,0,0,109,0,0,0,0,1,1,1,1,0,16,16.0,0.9145098039215687,0.8909803921568628,1.0,0.8988235294117647
Contextual,Markov-1,5,train_test,0.05,0.25,3,109,1.0,0.0,0.0,0.0,1146,436,4.0,10.513761467889909,0.8256880733944955,1.0,109,146,5,5,0,5,4,0,141,1.0,1.0,40,0,0,109,0,5,146,146,6,5,6,6,6,144,24.0,1.0174520069808028,0.9912739965095986,1.112565445026178,1.0
Contextual,WAM depth=1,5,train_test,0.05,0.25,3,109,1.0,0.0,0.0,0.0,1146,436,4.0,10.513761467889909,0.8256880733944955,1.0,109,146,5,5,0,5,4,0,141,1.0,1.0,40,0,0,109,0,5,146,146,5,6,5,5,5,120,24.0,1.0174520069808028,0.9912739965095986,1.112565445026178,1.0
Contextual,WAM depth=2,5,train_test,0.05,0.25,3,109,1.0,0.0,0.0,0.0,1404,436,4.0,12.880733944954128,1.0,1.0,109,109,5,5,0,5,5,0,104,1.0,1.0,40,0,0,218,0,5,0,0,11,12,11,11,11,264,24.0,0.8304843304843305,0.8091168091168092,0.9081196581196581,0.8162393162393162
Contextual,WAM depth=3,5,train_test,0.05,0.25,3,109,1.0,0.0,0.0,0.0,1513,436,4.0,13.880733944954128,1.0,1.0,109,109,5,5,0,5,5,0,104,1.0,1.0,40,0,0,327,0,5,0,0,17,18,17,17,17,408,24.0,0.7706543291473893,0.7508261731658956,0.8426966292134831,0.7574355584930601
Contextual,WAM depth=4,5,train_test,0.05,0.25,3,109,1.0,0.0,0.0,0.0,1622,436,4.0,14.880733944954128,1.0,1.0,109,109,5,5,0,5,5,0,104,1.0,1.0,40,0,0,436,0,5,0,0,23,24,23,23,23,552,24.0,0.718865598027127,0.7003699136868065,0.7860665844636252,0.7065351418002466
Contextual,WAM depth=8,5,train_test,0.05,0.25,3,109,1.0,0.0,0.0,0.0,2058,436,4.0,18.880733944954127,1.0,1.0,109,109,5,5,0,5,5,0,104,1.0,1.0,40,0,0,872,0,5,0,0,47,48,47,47,47,1128,24.0,0.5665694849368319,0.5519922254616132,0.619533527696793,0.5568513119533528
LongerDependency,None,5,train_test,0.05,0.25,3,109,0.9357798165137615,0.0,0.0,0.06422018348623854,1458,1458,13.376146788990825,13.376146788990825,0.0,0.0,0,0,0,0,0,0,0,0,0,0.0,0.0,0,0,0,0,0,0,0,0,0,0,0,0,0,0,0.0,1.0,0.9732510288065843,1.0747599451303156,0.9910836762688614
LongerDependency,NextLine,5,train_test,0.05,0.25,3,109,0.981651376146789,0.0,0.0,0.01834862385321101,1419,728,6.678899082568807,13.01834862385321,0.5045871559633027,0.5045871559633027,109,109,7,7,0,5,4,2,102,0.7142857142857143,0.7142857142857143,56,0,0,109,0,7,164,162,0,0,0,0,0,0,0.0,1.0274841437632136,1.0,1.1042988019732205,1.018322762508809
LongerDependency,Stride,5,train_test,0.05,0.25,3,109,0.9357798165137615,0.0,0.0,0.06422018348623854,1567,1458,13.376146788990825,14.376146788990825,0.0,0.0,0,0,0,0,0,0,0,0,0,0.0,0.0,0,0,0,109,0,0,0,0,1,1,1,1,0,16,16.0,0.9304403318442884,0.9055520102105935,1.0,0.9221442246330568
LongerDependency,Markov-1,5,train_test,0.05,0.25,3,109,1.0,0.0,0.0,0.0,1445,436,4.0,13.256880733944953,0.8990825688073395,1.0,109,131,7,7,0,7,6,0,124,1.0,1.0,56,0,0,109,0,7,146,146,8,7,8,8,8,192,24.0,1.0089965397923875,0.9820069204152249,1.0844290657439446,1.0
LongerDependency,WAM depth=1,5,train_test,0.05,0.25,3,109,1.0,0.0,0.0,0.0,1445,436,4.0,13.256880733944953,0.8990825688073395,1.0,109,131,7,7,0,7,6,0,124,1.0,1.0,56,0,0,109,0,7,146,146,7,8,7,7,7,168,24.0,1.0089965397923875,0.9820069204152249,1.0844290657439446,1.0
LongerDependency,WAM depth=2,5,train_test,0.05,0.25,3,109,1.0,0.0,0.0,0.0,1554,436,4.0,14.256880733944953,0.8990825688073395,1.0,109,131,7,7,0,7,6,0,124,1.0,1.0,56,0,0,218,0,7,146,146,15,16,15,15,15,360,24.0,0.9382239382239382,0.9131274131274131,1.0083655083655083,0.9298584298584298
LongerDependency,WAM depth=3,5,train_test,0.05,0.25,3,109,1.0,0.0,0.0,0.0,1663,436,4.0,15.256880733944953,0.8990825688073395,1.0,109,131,7,7,0,7,6,0,124,1.0,1.0,56,0,0,327,0,7,146,146,24,25,24,24,24,576,24.0,0.8767288033674083,0.8532772098616958,0.9422730006013229,0.8689116055321707
LongerDependency,WAM depth=4,5,train_test,0.05,0.25,3,109,1.0,0.0,0.0,0.0,1922,436,4.0,17.63302752293578,1.0,1.0,109,109,7,7,0,7,7,0,102,1.0,1.0,56,0,0,436,0,7,0,0,34,35,34,34,34,816,24.0,0.7585848074921956,0.7382934443288242,0.8152965660770031,0.7518210197710719
LongerDependency,WAM depth=8,5,train_test,0.05,0.25,3,109,1.0,0.0,0.0,0.0,2358,436,4.0,21.63302752293578,1.0,1.0,109,109,7,7,0,7,7,0,102,1.0,1.0,56,0,0,872,0,7,0,0,74,75,74,74,74,1776,24.0,0.6183206106870229,0.6017811704834606,0.6645462256149279,0.6128074639525021
Probabilistic,None,5,train_test,0.05,0.25,3,109,0.963302752293578,0.0,0.0,0.03669724770642202,1020,1020,9.357798165137615,9.357798165137615,0.0,0.0,0,0,0,0,0,0,0,0,0,0.0,0.0,0,0,0,0,0,0,0,0,0,0,0,0,0,0,0.0,1.0,0.9696078431372549,1.1068627450980393,0.9764705882352941
Probabilistic,NextLine,5,train_test,0.05,0.25,3,109,0.981651376146789,0.0,0.0,0.01834862385321101,989,728,6.678899082568807,9.073394495412844,0.5779816513761468,0.5779816513761468,109,109,3,3,0,2,1,1,106,0.6666666666666666,0.5,24,0,0,109,0,3,146,145,0,0,0,0,0,0,0.0,1.031344792719919,1.0,1.1415571284125379,1.0070778564206269
Probabilistic,Stride,5,train_test,0.05,0.25,3,109,0.963302752293578,0.0,0.0,0.03669724770642202,1129,1020,9.357798165137615,10.357798165137615,0.0,0.0,0,0,0,0,0,0,0,0,0,0.0,0.0,0,0,0,109,0,0,0,0,1,1,1,1,0,16,16.0,0.9034543844109831,0.8759964570416298,1.0,0.8821966341895483
Probabilistic,Markov-1,5,train_test,0.05,0.25,3,109,1.0,0.0,0.0,0.0,996,436,4.0,9.137614678899082,0.908256880733945,1.0,109,146,4,4,0,4,3,0,142,1.0,1.0,32,0,0,109,0,4,146,146,5,4,5,5,5,120,24.0,1.0240963855421688,0.9929718875502008,1.1335341365461848,1.0
Probabilistic,WAM depth=1,5,train_test,0.05,0.25,3,109,1.0,0.0,0.0,0.0,996,436,4.0,9.137614678899082,0.908256880733945,1.0,109,146,4,4,0,4,3,0,142,1.0,1.0,32,0,0,109,0,4,146,146,4,5,4,4,4,96,24.0,1.0240963855421688,0.9929718875502008,1.1335341365461848,1.0
Probabilistic,WAM depth=2,5,train_test,0.05,0.25,3,109,1.0,0.0,0.0,0.0,1105,436,4.0,10.137614678899082,0.908256880733945,1.0,109,146,4,4,0,4,3,0,142,1.0,1.0,32,0,0,218,0,4,146,146,9,10,9,9,9,216,24.0,0.9230769230769231,0.8950226244343892,1.0217194570135746,0.9013574660633484
Probabilistic,WAM depth=3,5,train_test,0.05,0.25,3,109,1.0,0.0,0.0,0.0,1214,436,4.0,11.137614678899082,0.908256880733945,1.0,109,146,4,4,0,4,3,0,142,1.0,1.0,32,0,0,327,0,4,146,146,15,16,15,15,15,360,24.0,0.8401976935749588,0.814662273476112,0.9299835255354201,0.8204283360790774
Probabilistic,WAM depth=4,5,train_test,0.05,0.25,3,109,1.0,0.0,0.0,0.0,1323,436,4.0,12.137614678899082,0.908256880733945,1.0,109,146,4,4,0,4,3,0,142,1.0,1.0,32,0,0,436,0,4,146,146,23,24,23,23,23,552,24.0,0.7709750566893424,0.7475434618291761,0.8533635676492819,0.7528344671201814
Probabilistic,WAM depth=8,5,train_test,0.05,0.25,3,109,1.0,0.0,0.0,0.0,1759,436,4.0,16.137614678899084,0.908256880733945,1.0,109,146,4,4,0,4,3,0,142,1.0,1.0,32,0,0,872,0,4,146,146,81,82,81,81,81,1944,24.0,0.579874928936896,0.5622512791358727,0.641841955656623,0.5662308129619101
PhaseChanging,None,5,train_test,0.05,0.25,3,109,0.9724770642201835,0.0,0.0,0.027522935779816515,874,874,8.01834862385321,8.01834862385321,0.0,0.0,0,0,0,0,0,0,0,0,0,0.0,0.0,0,0,0,0,0,0,0,0,0,0,0,0,0,0,0.0,1.0,1.131578947368421,1.1247139588100687,1.139588100686499
PhaseChanging,NextLine,5,train_test,0.05,0.25,3,109,0.981651376146789,0.0,0.0,0.01834862385321101,989,728,6.678899082568807,9.073394495412844,0.3394495412844037,0.3394495412844037,109,109,3,3,0,1,1,2,106,0.3333333333333333,0.3333333333333333,24,0,0,109,0,3,0,-2,0,0,0,0,0,0,0.0,0.8837209302325582,1.0,0.993933265925177,1.0070778564206269
PhaseChanging,Stride,5,train_test,0.05,0.25,3,109,0.9724770642201835,0.0,0.0,0.027522935779816515,983,874,8.01834862385321,9.01834862385321,0.0,0.0,0,0,0,0,0,0,0,0,0,0.0,0.0,0,0,0,109,0,0,0,0,1,1,1,1,0,16,16.0,0.8891149542217701,1.0061037639877926,1.0,1.0132248219735505
PhaseChanging,Markov-1,5,train_test,0.05,0.25,3,109,1.0,0.0,0.0,0.0,996,436,4.0,9.137614678899082,0.6697247706422018,1.0,109,145,4,4,0,3,3,1,141,0.75,1.0,32,0,0,109,0,4,0,-1,6,5,6,6,6,144,24.0,0.8775100401606426,0.9929718875502008,0.9869477911646586,1.0
PhaseChanging,WAM depth=1,5,train_test,0.05,0.25,3,109,1.0,0.0,0.0,0.0,996,436,4.0,9.137614678899082,0.6697247706422018,1.0,109,145,4,4,0,3,3,1,141,0.75,1.0,32,0,0,109,0,4,0,-1,5,6,5,5,5,120,24.0,0.8775100401606426,0.9929718875502008,0.9869477911646586,1.0
PhaseChanging,WAM depth=2,5,train_test,0.05,0.25,3,109,1.0,0.0,0.0,0.0,1104,436,4.0,10.128440366972477,1.0,1.0,109,109,3,3,0,3,3,0,106,1.0,1.0,24,0,0,218,0,3,0,0,11,12,11,11,11,264,24.0,0.7916666666666666,0.8958333333333334,0.8903985507246377,0.9021739130434783
PhaseChanging,WAM depth=3,5,train_test,0.05,0.25,3,109,1.0,0.0,0.0,0.0,1213,436,4.0,11.128440366972477,1.0,1.0,109,109,3,3,0,3,3,0,106,1.0,1.0,24,0,0,327,0,3,0,0,18,19,18,18,18,432,24.0,0.720527617477329,0.8153338829348722,0.8103874690849134,0.8211046990931574
PhaseChanging,WAM depth=4,5,train_test,0.05,0.25,3,109,1.0,0.0,0.0,0.0,1322,436,4.0,12.128440366972477,1.0,1.0,109,109,3,3,0,3,3,0,106,1.0,1.0,24,0,0,436,0,3,0,0,26,27,26,26,26,624,24.0,0.6611195158850227,0.7481089258698941,0.74357034795764,0.7534039334341907
PhaseChanging,WAM depth=8,5,train_test,0.05,0.25,3,109,1.0,0.0,0.0,0.0,1758,436,4.0,16.128440366972477,1.0,1.0,109,109,3,3,0,3,3,0,106,1.0,1.0,24,0,0,872,0,3,0,0,68,69,68,68,68,1632,24.0,0.49715585893060293,0.5625711035267349,0.5591581342434585,0.5665529010238908
Random,None,5,train_test,0.05,0.25,3,109,0.05504587155963303,0.0,0.0,0.944954128440367,15474,15474,141.96330275229357,141.96330275229357,0.0,0.0,0,0,0,0,0,0,0,0,0,0.0,0.0,0,0,39,0,0,0,0,0,0,0,0,0,0,0,0.0,1.0,0.9578001809486881,1.007044073930464,1.0002584981258886
Random,NextLine,5,train_test,0.05,0.25,3,109,0.09174311926605505,0.01834862385321101,0.0,0.8899082568807339,14821,14614,134.07339449541286,135.9724770642202,0.0,0.0,109,109,98,97,0,6,0,92,11,0.061224489795918366,0.05825242718446602,784,1,70,109,0,98,876,846,0,0,0,0,0,0,0.0,1.0440591053235275,1.0,1.0514135348492004,1.0443289926455706
Random,Stride,5,train_test,0.05,0.25,3,109,0.05504587155963303,0.0,0.0,0.944954128440367,15583,15474,141.96330275229357,142.96330275229357,0.0,0.0,0,0,0,0,0,0,0,0,0,0.0,0.0,0,0,39,109,0,0,0,0,1,1,1,1,0,16,16.0,0.9930051979721491,0.9511005583007123,1.0,0.9932618879548225
Random,Markov-1,5,train_test,0.05,0.25,3,109,0.045871559633027525,0.01834862385321101,0.0,0.9357798165137615,15478,15344,140.77064220183487,142.0,0.0,0.0,24,26,25,25,0,1,0,24,1,0.04,0.009708737864077669,200,1,54,109,0,25,146,133,250,224,250,250,250,6000,24.0,0.9997415686781238,0.9575526553818323,1.0067838221992504,1.0
Random,WAM depth=1,5,train_test,0.05,0.25,3,109,0.045871559633027525,0.01834862385321101,0.0,0.9357798165137615,15478,15344,140.77064220183487,142.0,0.0,0.0,24,26,25,25,0,1,0,24,1,0.04,0.009708737864077669,200,1,54,109,0,25,146,133,224,225,224,224,224,5376,24.0,0.9997415686781238,0.9575526553818323,1.0067838221992504,1.0
Random,WAM depth=2,5,train_test,0.05,0.25,3,109,0.05504587155963303,0.0,0.0,0.944954128440367,15692,15474,141.96330275229357,143.96330275229357,0.0,0.0,0,0,0,0,0,0,0,0,0,0.0,0.0,0,0,39,218,0,0,0,0,473,474,473,473,473,11352,24.0,0.9861075707366811,0.9444940096864645,0.9930537853683405,0.9863624776956411
Random,WAM depth=3,5,train_test,0.05,0.25,3,109,0.05504587155963303,0.0,0.0,0.944954128440367,15801,15474,141.96330275229357,144.96330275229357,0.0,0.0,0,0,0,0,0,0,0,0,0,0.0,0.0,0,0,39,327,0,0,0,0,720,721,720,720,720,17280,24.0,0.9793051072716916,0.9379786089488007,0.9862034048477945,0.9795582558065945
Random,WAM depth=4,5,train_test,0.05,0.25,3,109,0.05504587155963303,0.0,0.0,0.944954128440367,15910,15474,141.96330275229357,145.96330275229357,0.0,0.0,0,0,0,0,0,0,0,0,0,0.0,0.0,0,0,39,436,0,0,0,0,964,965,964,964,964,23136,24.0,0.9725958516656191,0.9315524827152735,0.9794468887492144,0.9728472658705217
Random,WAM depth=8,5,train_test,0.05,0.25,3,109,0.05504587155963303,0.0,0.0,0.944954128440367,16346,15474,141.96330275229357,149.96330275229357,0.0,0.0,0,0,0,0,0,0,0,0,0,0.0,0.0,0,0,39,872,0,0,0,0,1923,1924,1923,1923,1923,46152,24.0,0.9466536155634406,0.9067050042823932,0.9533219136180106,0.9468983237489293
Sequential,None,6,train_test,0.05,0.25,3,109,0.0,0.0,0.0,1.0,16350,16350,150.0,150.0,0.0,0.0,0,0,0,0,0,0,0,0,0,0.0,0.0,0,0,45,0,0,0,0,0,0,0,0,0,0,0,0.0,1.0,1.0333333333333334,1.0333333333333334,1.0066666666666666
Sequential,NextLine,6,train_test,0.05,0.25,3,109,1.0,0.0,0.0,0.0,16895,436,4.0,155.0,1.0,1.0,109,109,109,109,0,109,109,0,0,1.0,1.0,872,0,45,109,0,109,0,0,0,0,0,0,0,0,0.0,0.967741935483871,1.0,1.0,0.9741935483870968
Sequential,Stride,6,train_test,0.05,0.25,3,109,1.0,0.0,0.0,0.0,16895,436,4.0,155.0,1.0,1.0,109,109,109,109,0,109,109,0,0,1.0,1.0,872,0,45,109,0,109,0,0,1,1,1,1,0,16,16.0,0.967741935483871,1.0,1.0,0.9741935483870968
Sequential,Markov-1,6,train_test,0.05,0.25,3,109,0.0,0.0,0.0,1.0,16459,16350,150.0,151.0,0.0,0.0,0,0,0,0,0,0,0,0,0,0.0,0.0,0,0,45,109,0,0,0,0,250,250,250,250,250,6000,24.0,0.9933774834437086,1.0264900662251655,1.0264900662251655,1.0
Sequential,WAM depth=1,6,train_test,0.05,0.25,3,109,0.0,0.0,0.0,1.0,16459,16350,150.0,151.0,0.0,0.0,0,0,0,0,0,0,0,0,0,0.0,0.0,0,0,45,109,0,0,0,0,250,251,250,250,250,6000,24.0,0.9933774834437086,1.0264900662251655,1.0264900662251655,1.0
Sequential,WAM depth=2,6,train_test,0.05,0.25,3,109,0.0,0.0,0.0,1.0,16568,16350,150.0,152.0,0.0,0.0,0,0,0,0,0,0,0,0,0,0.0,0.0,0,0,45,218,0,0,0,0,498,499,498,498,498,11952,24.0,0.9868421052631579,1.019736842105263,1.019736842105263,0.993421052631579
Sequential,WAM depth=3,6,train_test,0.05,0.25,3,109,0.0,0.0,0.0,1.0,16677,16350,150.0,153.0,0.0,0.0,0,0,0,0,0,0,0,0,0,0.0,0.0,0,0,45,327,0,0,0,0,744,745,744,744,744,17856,24.0,0.9803921568627451,1.0130718954248366,1.0130718954248366,0.9869281045751634
Sequential,WAM depth=4,6,train_test,0.05,0.25,3,109,0.0,0.0,0.0,1.0,16786,16350,150.0,154.0,0.0,0.0,0,0,0,0,0,0,0,0,0,0.0,0.0,0,0,45,436,0,0,0,0,988,989,988,988,988,23712,24.0,0.974025974025974,1.0064935064935066,1.0064935064935066,0.9805194805194806
Sequential,WAM depth=8,6,train_test,0.05,0.25,3,109,0.0,0.0,0.0,1.0,17222,16350,150.0,158.0,0.0,0.0,0,0,0,0,0,0,0,0,0,0.0,0.0,0,0,45,872,0,0,0,0,1944,1945,1944,1944,1944,46656,24.0,0.9493670886075949,0.9810126582278481,0.9810126582278481,0.9556962025316456
Stride,None,6,train_test,0.05,0.25,3,109,0.0,0.0,0.0,1.0,16350,16350,150.0,150.0,0.0,0.0,0,0,0,0,0,0,0,0,0,0.0,0.0,0,0,45,0,0,0,0,0,0,0,0,0,0,0,0.0,1.0,1.0133333333333334,1.0333333333333334,1.0066666666666666
Stride,NextLine,6,train_test,0.05,0.25,3,109,0.0,0.0,0.0,1.0,16568,16350,150.0,152.0,0.0,0.0,109,109,109,108,0,0,0,109,0,0.0,0.0,872,0,77,109,0,109,0,-33,0,0,0,0,0,0,0.0,0.9868421052631579,1.0,1.019736842105263,0.993421052631579
Stride,Stride,6,train_test,0.05,0.25,3,109,1.0,0.0,0.0,0.0,16895,436,4.0,155.0,1.0,1.0,109,109,109,109,0,109,109,0,0,1.0,1.0,872,0,45,109,0,109,0,0,1,1,1,1,0,16,16.0,0.967741935483871,0.9806451612903225,1.0,0.9741935483870968
Stride,Markov-1,6,train_test,0.05,0.25,3,109,0.0,0.0,0.0,1.0,16459,16350,150.0,151.0,0.0,0.0,0,0,0,0,0,0,0,0,0,0.0,0.0,0,0,45,109,0,0,0,0,250,250,250,250,250,6000,24.0,0.9933774834437086,1.0066225165562914,1.0264900662251655,1.0
Stride,WAM depth=1,6,train_test,0.05,0.25,3,109,0.0,0.0,0.0,1.0,16459,16350,150.0,151.0,0.0,0.0,0,0,0,0,0,0,0,0,0,0.0,0.0,0,0,45,109,0,0,0,0,250,251,250,250,250,6000,24.0,0.9933774834437086,1.0066225165562914,1.0264900662251655,1.0
Stride,WAM depth=2,6,train_test,0.05,0.25,3,109,0.0,0.0,0.0,1.0,16568,16350,150.0,152.0,0.0,0.0,0,0,0,0,0,0,0,0,0,0.0,0.0,0,0,45,218,0,0,0,0,498,499,498,498,498,11952,24.0,0.9868421052631579,1.0,1.019736842105263,0.993421052631579
Stride,WAM depth=3,6,train_test,0.05,0.25,3,109,0.0,0.0,0.0,1.0,16677,16350,150.0,153.0,0.0,0.0,0,0,0,0,0,0,0,0,0,0.0,0.0,0,0,45,327,0,0,0,0,744,745,744,744,744,17856,24.0,0.9803921568627451,0.9934640522875817,1.0130718954248366,0.9869281045751634
Stride,WAM depth=4,6,train_test,0.05,0.25,3,109,0.0,0.0,0.0,1.0,16786,16350,150.0,154.0,0.0,0.0,0,0,0,0,0,0,0,0,0,0.0,0.0,0,0,45,436,0,0,0,0,988,989,988,988,988,23712,24.0,0.974025974025974,0.987012987012987,1.0064935064935066,0.9805194805194806
Stride,WAM depth=8,6,train_test,0.05,0.25,3,109,0.0,0.0,0.0,1.0,17222,16350,150.0,158.0,0.0,0.0,0,0,0,0,0,0,0,0,0,0.0,0.0,0,0,45,872,0,0,0,0,1944,1945,1944,1944,1944,46656,24.0,0.9493670886075949,0.9620253164556962,0.9810126582278481,0.9556962025316456
Repeating,None,6,train_test,0.05,0.25,3,109,0.963302752293578,0.0,0.0,0.03669724770642202,1020,1020,9.357798165137615,9.357798165137615,0.0,0.0,0,0,0,0,0,0,0,0,0,0.0,0.0,0,0,0,0,0,0,0,0,0,0,0,0,0,0,0.0,1.0,1.119607843137255,1.119607843137255,1.1225490196078431
Repeating,NextLine,6,train_test,0.05,0.25,3,109,0.9908256880733946,0.0,0.0,0.009174311926605505,1142,582,5.339449541284404,10.477064220183486,0.7522935779816514,0.7522935779816514,109,109,4,4,0,3,3,1,105,0.75,0.75,32,0,0,109,0,4,0,-1,0,0,0,0,0,0,0.0,0.8931698774080561,1.0,1.0,1.0026269702276707
Repeating,Stride,6,train_test,0.05,0.25,3,109,0.9908256880733946,0.0,0.0,0.009174311926605505,1142,582,5.339449541284404,10.477064220183486,0.7522935779816514,0.7522935779816514,109,109,4,4,0,3,3,1,105,0.75,0.75,32,0,0,109,0,4,0,-1,1,1,1,1,0,16,16.0,0.8931698774080561,1.0,1.0,1.0026269702276707
Repeating,Markov-1,6,train_test,0.05,0.25,3,109,1.0,0.0,0.0,0.0,1145,436,4.0,10.504587155963304,1.0,1.0,109,109,4,4,0,4,4,0,105,1.0,1.0,32,0,0,109,0,4,0,0,4,4,4,4,4,96,24.0,0.8908296943231441,0.9973799126637555,0.9973799126637555,1.0
Repeating,WAM depth=1,6,train_test,0.05,0.25,3,109,1.0,0.0,0.0,0.0,1145,436,4.0,10.504587155963304,1.0,1.0,109,109,4,4,0,4,4,0,105,1.0,1.0,32,0,0,109,0,4,0,0,4,5,4,4,4,96,24.0,0.8908296943231441,0.9973799126637555,0.9973799126637555,1.0
Repeating,WAM depth=2,6,train_test,0.05,0.25,3,109,1.0,0.0,0.0,0.0,1254,436,4.0,11.504587155963304,1.0,1.0,109,109,4,4,0,4,4,0,105,1.0,1.0,32,0,0,218,0,4,0,0,8,9,8,8,8,192,24.0,0.8133971291866029,0.9106858054226475,0.9106858054226475,0.9130781499202552
Repeating,WAM depth=3,6,train_test,0.05,0.25,3,109,1.0,0.0,0.0,0.0,1363,436,4.0,12.504587155963304,1.0,1.0,109,109,4,4,0,4,4,0,105,1.0,1.0,32,0,0,327,0,4,0,0,12,13,12,12,12,288,24.0,0.7483492296404989,0.8378576669112252,0.8378576669112252,0.8400586940572267
Repeating,WAM depth=4,6,train_test,0.05,0.25,3,109,1.0,0.0,0.0,0.0,1472,436,4.0,13.504587155963304,1.0,1.0,109,109,4,4,0,4,4,0,105,1.0,1.0,32,0,0,436,0,4,0,0,16,17,16,16,16,384,24.0,0.6929347826086957,0.7758152173913043,0.7758152173913043,0.7778532608695652
Repeating,WAM depth=8,6,train_test,0.05,0.25,3,109,1.0,0.0,0.0,0.0,1908,436,4.0,17.504587155963304,1.0,1.0,109,109,4,4,0,4,4,0,105,1.0,1.0,32,0,0,872,0,4,0,0,32,33,32,32,32,768,24.0,0.5345911949685535,0.5985324947589099,0.5985324947589099,0.600104821802935
Contextual,None,6,train_test,0.05,0.25,3,109,0.9541284403669725,0.0,0.0,0.045871559633027525,1166,1166,10.697247706422019,10.697247706422019,0.0,0.0,0,0,0,0,0,0,0,0,0,0.0,0.0,0,0,0,0,0,0,0,0,0,0,0,0,0,0,0.0,1.0,0.9742710120068611,1.0934819897084047,0.9828473413379074
Contextual,NextLine,6,train_test,0.05,0.25,3,109,0.9724770642201835,0.0,0.0,0.027522935779816515,1136,874,8.01834862385321,10.422018348623853,0.1651376146788991,0.1651376146788991,109,109,4,4,0,2,1,2,105,0.5,0.4,32,0,0,109,0,4,146,144,0,0,0,0,0,0,0.0,1.0264084507042253,1.0,1.1223591549295775,1.0088028169014085
Contextual,Stride,6,train_test,0.05,0.25,3,109,0.9541284403669725,0.0,0.0,0.045871559633027525,1275,1166,10.697247706422019,11.697247706422019,0.0,0.0,0,0,0,0,0,0,0,0,0,0.0,0.0,0,0,0,109,0,0,0,0,1,1,1,1,0,16,16.0,0.9145098039215687,0.8909803921568628,1.0,0.8988235294117647
Contextual,Markov-1,6,train_test,0.05,0.25,3,109,1.0,0.0,0.0,0.0,1146,436,4.0,10.513761467889909,0.8256880733944955,1.0,109,146,5,5,0,5,4,0,141,1.0,1.0,40,0,0,109,0,5,146,146,6,5,6,6,6,144,24.0,1.0174520069808028,0.9912739965095986,1.112565445026178,1.0
Contextual,WAM depth=1,6,train_test,0.05,0.25,3,109,1.0,0.0,0.0,0.0,1146,436,4.0,10.513761467889909,0.8256880733944955,1.0,109,146,5,5,0,5,4,0,141,1.0,1.0,40,0,0,109,0,5,146,146,5,6,5,5,5,120,24.0,1.0174520069808028,0.9912739965095986,1.112565445026178,1.0
Contextual,WAM depth=2,6,train_test,0.05,0.25,3,109,1.0,0.0,0.0,0.0,1404,436,4.0,12.880733944954128,1.0,1.0,109,109,5,5,0,5,5,0,104,1.0,1.0,40,0,0,218,0,5,0,0,11,12,11,11,11,264,24.0,0.8304843304843305,0.8091168091168092,0.9081196581196581,0.8162393162393162
Contextual,WAM depth=3,6,train_test,0.05,0.25,3,109,1.0,0.0,0.0,0.0,1513,436,4.0,13.880733944954128,1.0,1.0,109,109,5,5,0,5,5,0,104,1.0,1.0,40,0,0,327,0,5,0,0,17,18,17,17,17,408,24.0,0.7706543291473893,0.7508261731658956,0.8426966292134831,0.7574355584930601
Contextual,WAM depth=4,6,train_test,0.05,0.25,3,109,1.0,0.0,0.0,0.0,1622,436,4.0,14.880733944954128,1.0,1.0,109,109,5,5,0,5,5,0,104,1.0,1.0,40,0,0,436,0,5,0,0,23,24,23,23,23,552,24.0,0.718865598027127,0.7003699136868065,0.7860665844636252,0.7065351418002466
Contextual,WAM depth=8,6,train_test,0.05,0.25,3,109,1.0,0.0,0.0,0.0,2058,436,4.0,18.880733944954127,1.0,1.0,109,109,5,5,0,5,5,0,104,1.0,1.0,40,0,0,872,0,5,0,0,47,48,47,47,47,1128,24.0,0.5665694849368319,0.5519922254616132,0.619533527696793,0.5568513119533528
LongerDependency,None,6,train_test,0.05,0.25,3,109,0.9357798165137615,0.0,0.0,0.06422018348623854,1458,1458,13.376146788990825,13.376146788990825,0.0,0.0,0,0,0,0,0,0,0,0,0,0.0,0.0,0,0,0,0,0,0,0,0,0,0,0,0,0,0,0.0,1.0,0.9732510288065843,1.0747599451303156,0.9910836762688614
LongerDependency,NextLine,6,train_test,0.05,0.25,3,109,0.981651376146789,0.0,0.0,0.01834862385321101,1419,728,6.678899082568807,13.01834862385321,0.5045871559633027,0.5045871559633027,109,109,7,7,0,5,4,2,102,0.7142857142857143,0.7142857142857143,56,0,0,109,0,7,164,162,0,0,0,0,0,0,0.0,1.0274841437632136,1.0,1.1042988019732205,1.018322762508809
LongerDependency,Stride,6,train_test,0.05,0.25,3,109,0.9357798165137615,0.0,0.0,0.06422018348623854,1567,1458,13.376146788990825,14.376146788990825,0.0,0.0,0,0,0,0,0,0,0,0,0,0.0,0.0,0,0,0,109,0,0,0,0,1,1,1,1,0,16,16.0,0.9304403318442884,0.9055520102105935,1.0,0.9221442246330568
LongerDependency,Markov-1,6,train_test,0.05,0.25,3,109,1.0,0.0,0.0,0.0,1445,436,4.0,13.256880733944953,0.8990825688073395,1.0,109,131,7,7,0,7,6,0,124,1.0,1.0,56,0,0,109,0,7,146,146,8,7,8,8,8,192,24.0,1.0089965397923875,0.9820069204152249,1.0844290657439446,1.0
LongerDependency,WAM depth=1,6,train_test,0.05,0.25,3,109,1.0,0.0,0.0,0.0,1445,436,4.0,13.256880733944953,0.8990825688073395,1.0,109,131,7,7,0,7,6,0,124,1.0,1.0,56,0,0,109,0,7,146,146,7,8,7,7,7,168,24.0,1.0089965397923875,0.9820069204152249,1.0844290657439446,1.0
LongerDependency,WAM depth=2,6,train_test,0.05,0.25,3,109,1.0,0.0,0.0,0.0,1554,436,4.0,14.256880733944953,0.8990825688073395,1.0,109,131,7,7,0,7,6,0,124,1.0,1.0,56,0,0,218,0,7,146,146,15,16,15,15,15,360,24.0,0.9382239382239382,0.9131274131274131,1.0083655083655083,0.9298584298584298
LongerDependency,WAM depth=3,6,train_test,0.05,0.25,3,109,1.0,0.0,0.0,0.0,1663,436,4.0,15.256880733944953,0.8990825688073395,1.0,109,131,7,7,0,7,6,0,124,1.0,1.0,56,0,0,327,0,7,146,146,24,25,24,24,24,576,24.0,0.8767288033674083,0.8532772098616958,0.9422730006013229,0.8689116055321707
LongerDependency,WAM depth=4,6,train_test,0.05,0.25,3,109,1.0,0.0,0.0,0.0,1922,436,4.0,17.63302752293578,1.0,1.0,109,109,7,7,0,7,7,0,102,1.0,1.0,56,0,0,436,0,7,0,0,34,35,34,34,34,816,24.0,0.7585848074921956,0.7382934443288242,0.8152965660770031,0.7518210197710719
LongerDependency,WAM depth=8,6,train_test,0.05,0.25,3,109,1.0,0.0,0.0,0.0,2358,436,4.0,21.63302752293578,1.0,1.0,109,109,7,7,0,7,7,0,102,1.0,1.0,56,0,0,872,0,7,0,0,74,75,74,74,74,1776,24.0,0.6183206106870229,0.6017811704834606,0.6645462256149279,0.6128074639525021
Probabilistic,None,6,train_test,0.05,0.25,3,109,0.963302752293578,0.0,0.0,0.03669724770642202,1020,1020,9.357798165137615,9.357798165137615,0.0,0.0,0,0,0,0,0,0,0,0,0,0.0,0.0,0,0,0,0,0,0,0,0,0,0,0,0,0,0,0.0,1.0,0.9696078431372549,1.1068627450980393,0.9764705882352941
Probabilistic,NextLine,6,train_test,0.05,0.25,3,109,0.981651376146789,0.0,0.0,0.01834862385321101,989,728,6.678899082568807,9.073394495412844,0.5963302752293578,0.5963302752293578,109,109,3,3,0,2,1,1,106,0.6666666666666666,0.5,24,0,0,109,0,3,146,145,0,0,0,0,0,0,0.0,1.031344792719919,1.0,1.1415571284125379,1.0070778564206269
Probabilistic,Stride,6,train_test,0.05,0.25,3,109,0.963302752293578,0.0,0.0,0.03669724770642202,1129,1020,9.357798165137615,10.357798165137615,0.0,0.0,0,0,0,0,0,0,0,0,0,0.0,0.0,0,0,0,109,0,0,0,0,1,1,1,1,0,16,16.0,0.9034543844109831,0.8759964570416298,1.0,0.8821966341895483
Probabilistic,Markov-1,6,train_test,0.05,0.25,3,109,1.0,0.0,0.0,0.0,996,436,4.0,9.137614678899082,0.926605504587156,1.0,109,146,4,4,0,4,3,0,142,1.0,1.0,32,0,0,109,0,4,146,146,5,4,5,5,5,120,24.0,1.0240963855421688,0.9929718875502008,1.1335341365461848,1.0
Probabilistic,WAM depth=1,6,train_test,0.05,0.25,3,109,1.0,0.0,0.0,0.0,996,436,4.0,9.137614678899082,0.926605504587156,1.0,109,146,4,4,0,4,3,0,142,1.0,1.0,32,0,0,109,0,4,146,146,4,5,4,4,4,96,24.0,1.0240963855421688,0.9929718875502008,1.1335341365461848,1.0
Probabilistic,WAM depth=2,6,train_test,0.05,0.25,3,109,1.0,0.0,0.0,0.0,1105,436,4.0,10.137614678899082,0.926605504587156,1.0,109,146,4,4,0,4,3,0,142,1.0,1.0,32,0,0,218,0,4,146,146,9,10,9,9,9,216,24.0,0.9230769230769231,0.8950226244343892,1.0217194570135746,0.9013574660633484
Probabilistic,WAM depth=3,6,train_test,0.05,0.25,3,109,1.0,0.0,0.0,0.0,1214,436,4.0,11.137614678899082,0.926605504587156,1.0,109,146,4,4,0,4,3,0,142,1.0,1.0,32,0,0,327,0,4,146,146,15,16,15,15,15,360,24.0,0.8401976935749588,0.814662273476112,0.9299835255354201,0.8204283360790774
Probabilistic,WAM depth=4,6,train_test,0.05,0.25,3,109,1.0,0.0,0.0,0.0,1323,436,4.0,12.137614678899082,0.926605504587156,1.0,109,146,4,4,0,4,3,0,142,1.0,1.0,32,0,0,436,0,4,146,146,23,24,23,23,23,552,24.0,0.7709750566893424,0.7475434618291761,0.8533635676492819,0.7528344671201814
Probabilistic,WAM depth=8,6,train_test,0.05,0.25,3,109,1.0,0.0,0.0,0.0,1759,436,4.0,16.137614678899084,0.926605504587156,1.0,109,144,4,4,0,4,3,0,140,1.0,1.0,32,0,0,872,0,4,146,146,78,79,78,78,78,1872,24.0,0.579874928936896,0.5622512791358727,0.641841955656623,0.5662308129619101
PhaseChanging,None,6,train_test,0.05,0.25,3,109,0.9724770642201835,0.0,0.0,0.027522935779816515,874,874,8.01834862385321,8.01834862385321,0.0,0.0,0,0,0,0,0,0,0,0,0,0.0,0.0,0,0,0,0,0,0,0,0,0,0,0,0,0,0,0.0,1.0,1.131578947368421,1.1247139588100687,1.139588100686499
PhaseChanging,NextLine,6,train_test,0.05,0.25,3,109,0.981651376146789,0.0,0.0,0.01834862385321101,989,728,6.678899082568807,9.073394495412844,0.3394495412844037,0.3394495412844037,109,109,3,3,0,1,1,2,106,0.3333333333333333,0.3333333333333333,24,0,0,109,0,3,0,-2,0,0,0,0,0,0,0.0,0.8837209302325582,1.0,0.993933265925177,1.0070778564206269
PhaseChanging,Stride,6,train_test,0.05,0.25,3,109,0.9724770642201835,0.0,0.0,0.027522935779816515,983,874,8.01834862385321,9.01834862385321,0.0,0.0,0,0,0,0,0,0,0,0,0,0.0,0.0,0,0,0,109,0,0,0,0,1,1,1,1,0,16,16.0,0.8891149542217701,1.0061037639877926,1.0,1.0132248219735505
PhaseChanging,Markov-1,6,train_test,0.05,0.25,3,109,1.0,0.0,0.0,0.0,996,436,4.0,9.137614678899082,0.6697247706422018,1.0,109,145,4,4,0,3,3,1,141,0.75,1.0,32,0,0,109,0,4,0,-1,6,5,6,6,6,144,24.0,0.8775100401606426,0.9929718875502008,0.9869477911646586,1.0
PhaseChanging,WAM depth=1,6,train_test,0.05,0.25,3,109,1.0,0.0,0.0,0.0,996,436,4.0,9.137614678899082,0.6697247706422018,1.0,109,145,4,4,0,3,3,1,141,0.75,1.0,32,0,0,109,0,4,0,-1,5,6,5,5,5,120,24.0,0.8775100401606426,0.9929718875502008,0.9869477911646586,1.0
PhaseChanging,WAM depth=2,6,train_test,0.05,0.25,3,109,1.0,0.0,0.0,0.0,1104,436,4.0,10.128440366972477,1.0,1.0,109,109,3,3,0,3,3,0,106,1.0,1.0,24,0,0,218,0,3,0,0,11,12,11,11,11,264,24.0,0.7916666666666666,0.8958333333333334,0.8903985507246377,0.9021739130434783
PhaseChanging,WAM depth=3,6,train_test,0.05,0.25,3,109,1.0,0.0,0.0,0.0,1213,436,4.0,11.128440366972477,1.0,1.0,109,109,3,3,0,3,3,0,106,1.0,1.0,24,0,0,327,0,3,0,0,18,19,18,18,18,432,24.0,0.720527617477329,0.8153338829348722,0.8103874690849134,0.8211046990931574
PhaseChanging,WAM depth=4,6,train_test,0.05,0.25,3,109,1.0,0.0,0.0,0.0,1322,436,4.0,12.128440366972477,1.0,1.0,109,109,3,3,0,3,3,0,106,1.0,1.0,24,0,0,436,0,3,0,0,26,27,26,26,26,624,24.0,0.6611195158850227,0.7481089258698941,0.74357034795764,0.7534039334341907
PhaseChanging,WAM depth=8,6,train_test,0.05,0.25,3,109,1.0,0.0,0.0,0.0,1758,436,4.0,16.128440366972477,1.0,1.0,109,109,3,3,0,3,3,0,106,1.0,1.0,24,0,0,872,0,3,0,0,68,69,68,68,68,1632,24.0,0.49715585893060293,0.5625711035267349,0.5591581342434585,0.5665529010238908
Random,None,6,train_test,0.05,0.25,3,109,0.05504587155963303,0.0,0.0,0.944954128440367,15474,15474,141.96330275229357,141.96330275229357,0.0,0.0,0,0,0,0,0,0,0,0,0,0.0,0.0,0,0,39,0,0,0,0,0,0,0,0,0,0,0,0.0,1.0,1.0063978286157425,1.007044073930464,1.000387747188833
Random,NextLine,6,train_test,0.05,0.25,3,109,0.027522935779816515,0.03669724770642202,0.0,0.9357798165137615,15573,15360,140.91743119266056,142.87155963302752,0.0,0.0,109,109,104,103,0,1,0,103,5,0.009615384615384616,0.009708737864077669,832,3,74,109,0,104,146,114,0,0,0,0,0,0,0.0,0.9936428433827779,1.0,1.0006421370320426,0.9940281256020035
Random,Stride,6,train_test,0.05,0.25,3,109,0.05504587155963303,0.0,0.0,0.944954128440367,15583,15474,141.96330275229357,142.96330275229357,0.0,0.0,0,0,0,0,0,0,0,0,0,0.0,0.0,0,0,39,109,0,0,0,0,1,1,1,1,0,16,16.0,0.9930051979721491,0.9993582750433164,1.0,0.9933902329461592
Random,Markov-1,6,train_test,0.05,0.25,3,109,0.05504587155963303,0.01834862385321101,0.0,0.926605504587156,15480,15198,139.43119266055047,142.0183486238532,0.04,0.04,25,27,24,24,0,2,1,22,3,0.08333333333333333,0.019417475728155338,192,2,50,109,0,24,146,137,249,227,249,249,249,5976,24.0,0.9996124031007751,1.0060077519379844,1.0066537467700258,1.0
Random,WAM depth=1,6,train_test,0.05,0.25,3,109,0.05504587155963303,0.01834862385321101,0.0,0.926605504587156,15480,15198,139.43119266055047,142.0183486238532,0.04,0.04,25,27,24,24,0,2,1,22,3,0.08333333333333333,0.019417475728155338,192,2,50,109,0,24,146,137,227,228,227,227,227,5448,24.0,0.9996124031007751,1.0060077519379844,1.0066537467700258,1.0
Random,WAM depth=2,6,train_test,0.05,0.25,3,109,0.05504587155963303,0.0,0.0,0.944954128440367,15693,15474,141.96330275229357,143.9724770642202,0.0,0.0,1,1,1,1,0,0,0,1,0,0.0,0.0,8,0,40,218,0,1,0,-1,474,475,474,474,474,11376,24.0,0.9860447333205888,0.9923532785318295,0.9929905053208437,0.9864270693939973
Random,WAM depth=3,6,train_test,0.05,0.25,3,109,0.05504587155963303,0.0,0.0,0.944954128440367,15801,15474,141.96330275229357,144.96330275229357,0.0,0.0,0,0,0,0,0,0,0,0,0,0.0,0.0,0,0,39,327,0,0,0,0,720,721,720,720,720,17280,24.0,0.9793051072716916,0.9855705335105374,0.9862034048477945,0.9796848300740459
Random,WAM depth=4,6,train_test,0.05,0.25,3,109,0.05504587155963303,0.0,0.0,0.944954128440367,15910,15474,141.96330275229357,145.96330275229357,0.0,0.0,0,0,0,0,0,0,0,0,0,0.0,0.0,0,0,39,436,0,0,0,0,964,965,964,964,964,23136,24.0,0.9725958516656191,0.9788183532369579,0.9794468887492144,0.972972972972973
Random,WAM depth=8,6,train_test,0.05,0.25,3,109,0.05504587155963303,0.0,0.0,0.944954128440367,16346,15474,141.96330275229357,149.96330275229357,0.0,0.0,0,0,0,0,0,0,0,0,0,0.0,0.0,0,0,39,872,0,0,0,0,1922,1923,1922,1922,1922,46128,24.0,0.9466536155634406,0.9527101431542885,0.9533219136180106,0.9470206778416738
Sequential,None,7,train_test,0.05,0.25,3,109,0.0,0.0,0.0,1.0,16350,16350,150.0,150.0,0.0,0.0,0,0,0,0,0,0,0,0,0,0.0,0.0,0,0,45,0,0,0,0,0,0,0,0,0,0,0,0.0,1.0,1.0333333333333334,1.0333333333333334,1.0066666666666666
Sequential,NextLine,7,train_test,0.05,0.25,3,109,1.0,0.0,0.0,0.0,16895,436,4.0,155.0,1.0,1.0,109,109,109,109,0,109,109,0,0,1.0,1.0,872,0,45,109,0,109,0,0,0,0,0,0,0,0,0.0,0.967741935483871,1.0,1.0,0.9741935483870968
Sequential,Stride,7,train_test,0.05,0.25,3,109,1.0,0.0,0.0,0.0,16895,436,4.0,155.0,1.0,1.0,109,109,109,109,0,109,109,0,0,1.0,1.0,872,0,45,109,0,109,0,0,1,1,1,1,0,16,16.0,0.967741935483871,1.0,1.0,0.9741935483870968
Sequential,Markov-1,7,train_test,0.05,0.25,3,109,0.0,0.0,0.0,1.0,16459,16350,150.0,151.0,0.0,0.0,0,0,0,0,0,0,0,0,0,0.0,0.0,0,0,45,109,0,0,0,0,250,250,250,250,250,6000,24.0,0.9933774834437086,1.0264900662251655,1.0264900662251655,1.0
Sequential,WAM depth=1,7,train_test,0.05,0.25,3,109,0.0,0.0,0.0,1.0,16459,16350,150.0,151.0,0.0,0.0,0,0,0,0,0,0,0,0,0,0.0,0.0,0,0,45,109,0,0,0,0,250,251,250,250,250,6000,24.0,0.9933774834437086,1.0264900662251655,1.0264900662251655,1.0
Sequential,WAM depth=2,7,train_test,0.05,0.25,3,109,0.0,0.0,0.0,1.0,16568,16350,150.0,152.0,0.0,0.0,0,0,0,0,0,0,0,0,0,0.0,0.0,0,0,45,218,0,0,0,0,498,499,498,498,498,11952,24.0,0.9868421052631579,1.019736842105263,1.019736842105263,0.993421052631579
Sequential,WAM depth=3,7,train_test,0.05,0.25,3,109,0.0,0.0,0.0,1.0,16677,16350,150.0,153.0,0.0,0.0,0,0,0,0,0,0,0,0,0,0.0,0.0,0,0,45,327,0,0,0,0,744,745,744,744,744,17856,24.0,0.9803921568627451,1.0130718954248366,1.0130718954248366,0.9869281045751634
Sequential,WAM depth=4,7,train_test,0.05,0.25,3,109,0.0,0.0,0.0,1.0,16786,16350,150.0,154.0,0.0,0.0,0,0,0,0,0,0,0,0,0,0.0,0.0,0,0,45,436,0,0,0,0,988,989,988,988,988,23712,24.0,0.974025974025974,1.0064935064935066,1.0064935064935066,0.9805194805194806
Sequential,WAM depth=8,7,train_test,0.05,0.25,3,109,0.0,0.0,0.0,1.0,17222,16350,150.0,158.0,0.0,0.0,0,0,0,0,0,0,0,0,0,0.0,0.0,0,0,45,872,0,0,0,0,1944,1945,1944,1944,1944,46656,24.0,0.9493670886075949,0.9810126582278481,0.9810126582278481,0.9556962025316456
Stride,None,7,train_test,0.05,0.25,3,109,0.0,0.0,0.0,1.0,16350,16350,150.0,150.0,0.0,0.0,0,0,0,0,0,0,0,0,0,0.0,0.0,0,0,45,0,0,0,0,0,0,0,0,0,0,0,0.0,1.0,1.0133333333333334,1.0333333333333334,1.0066666666666666
Stride,NextLine,7,train_test,0.05,0.25,3,109,0.0,0.0,0.0,1.0,16568,16350,150.0,152.0,0.0,0.0,109,109,109,108,0,0,0,109,0,0.0,0.0,872,0,77,109,0,109,0,-33,0,0,0,0,0,0,0.0,0.9868421052631579,1.0,1.019736842105263,0.993421052631579
Stride,Stride,7,train_test,0.05,0.25,3,109,1.0,0.0,0.0,0.0,16895,436,4.0,155.0,1.0,1.0,109,109,109,109,0,109,109,0,0,1.0,1.0,872,0,45,109,0,109,0,0,1,1,1,1,0,16,16.0,0.967741935483871,0.9806451612903225,1.0,0.9741935483870968
Stride,Markov-1,7,train_test,0.05,0.25,3,109,0.0,0.0,0.0,1.0,16459,16350,150.0,151.0,0.0,0.0,0,0,0,0,0,0,0,0,0,0.0,0.0,0,0,45,109,0,0,0,0,250,250,250,250,250,6000,24.0,0.9933774834437086,1.0066225165562914,1.0264900662251655,1.0
Stride,WAM depth=1,7,train_test,0.05,0.25,3,109,0.0,0.0,0.0,1.0,16459,16350,150.0,151.0,0.0,0.0,0,0,0,0,0,0,0,0,0,0.0,0.0,0,0,45,109,0,0,0,0,250,251,250,250,250,6000,24.0,0.9933774834437086,1.0066225165562914,1.0264900662251655,1.0
Stride,WAM depth=2,7,train_test,0.05,0.25,3,109,0.0,0.0,0.0,1.0,16568,16350,150.0,152.0,0.0,0.0,0,0,0,0,0,0,0,0,0,0.0,0.0,0,0,45,218,0,0,0,0,498,499,498,498,498,11952,24.0,0.9868421052631579,1.0,1.019736842105263,0.993421052631579
Stride,WAM depth=3,7,train_test,0.05,0.25,3,109,0.0,0.0,0.0,1.0,16677,16350,150.0,153.0,0.0,0.0,0,0,0,0,0,0,0,0,0,0.0,0.0,0,0,45,327,0,0,0,0,744,745,744,744,744,17856,24.0,0.9803921568627451,0.9934640522875817,1.0130718954248366,0.9869281045751634
Stride,WAM depth=4,7,train_test,0.05,0.25,3,109,0.0,0.0,0.0,1.0,16786,16350,150.0,154.0,0.0,0.0,0,0,0,0,0,0,0,0,0,0.0,0.0,0,0,45,436,0,0,0,0,988,989,988,988,988,23712,24.0,0.974025974025974,0.987012987012987,1.0064935064935066,0.9805194805194806
Stride,WAM depth=8,7,train_test,0.05,0.25,3,109,0.0,0.0,0.0,1.0,17222,16350,150.0,158.0,0.0,0.0,0,0,0,0,0,0,0,0,0,0.0,0.0,0,0,45,872,0,0,0,0,1944,1945,1944,1944,1944,46656,24.0,0.9493670886075949,0.9620253164556962,0.9810126582278481,0.9556962025316456
Repeating,None,7,train_test,0.05,0.25,3,109,0.963302752293578,0.0,0.0,0.03669724770642202,1020,1020,9.357798165137615,9.357798165137615,0.0,0.0,0,0,0,0,0,0,0,0,0,0.0,0.0,0,0,0,0,0,0,0,0,0,0,0,0,0,0,0.0,1.0,1.119607843137255,1.119607843137255,1.1225490196078431
Repeating,NextLine,7,train_test,0.05,0.25,3,109,0.9908256880733946,0.0,0.0,0.009174311926605505,1142,582,5.339449541284404,10.477064220183486,0.7522935779816514,0.7522935779816514,109,109,4,4,0,3,3,1,105,0.75,0.75,32,0,0,109,0,4,0,-1,0,0,0,0,0,0,0.0,0.8931698774080561,1.0,1.0,1.0026269702276707
Repeating,Stride,7,train_test,0.05,0.25,3,109,0.9908256880733946,0.0,0.0,0.009174311926605505,1142,582,5.339449541284404,10.477064220183486,0.7522935779816514,0.7522935779816514,109,109,4,4,0,3,3,1,105,0.75,0.75,32,0,0,109,0,4,0,-1,1,1,1,1,0,16,16.0,0.8931698774080561,1.0,1.0,1.0026269702276707
Repeating,Markov-1,7,train_test,0.05,0.25,3,109,1.0,0.0,0.0,0.0,1145,436,4.0,10.504587155963304,1.0,1.0,109,109,4,4,0,4,4,0,105,1.0,1.0,32,0,0,109,0,4,0,0,4,4,4,4,4,96,24.0,0.8908296943231441,0.9973799126637555,0.9973799126637555,1.0
Repeating,WAM depth=1,7,train_test,0.05,0.25,3,109,1.0,0.0,0.0,0.0,1145,436,4.0,10.504587155963304,1.0,1.0,109,109,4,4,0,4,4,0,105,1.0,1.0,32,0,0,109,0,4,0,0,4,5,4,4,4,96,24.0,0.8908296943231441,0.9973799126637555,0.9973799126637555,1.0
Repeating,WAM depth=2,7,train_test,0.05,0.25,3,109,1.0,0.0,0.0,0.0,1254,436,4.0,11.504587155963304,1.0,1.0,109,109,4,4,0,4,4,0,105,1.0,1.0,32,0,0,218,0,4,0,0,8,9,8,8,8,192,24.0,0.8133971291866029,0.9106858054226475,0.9106858054226475,0.9130781499202552
Repeating,WAM depth=3,7,train_test,0.05,0.25,3,109,1.0,0.0,0.0,0.0,1363,436,4.0,12.504587155963304,1.0,1.0,109,109,4,4,0,4,4,0,105,1.0,1.0,32,0,0,327,0,4,0,0,12,13,12,12,12,288,24.0,0.7483492296404989,0.8378576669112252,0.8378576669112252,0.8400586940572267
Repeating,WAM depth=4,7,train_test,0.05,0.25,3,109,1.0,0.0,0.0,0.0,1472,436,4.0,13.504587155963304,1.0,1.0,109,109,4,4,0,4,4,0,105,1.0,1.0,32,0,0,436,0,4,0,0,16,17,16,16,16,384,24.0,0.6929347826086957,0.7758152173913043,0.7758152173913043,0.7778532608695652
Repeating,WAM depth=8,7,train_test,0.05,0.25,3,109,1.0,0.0,0.0,0.0,1908,436,4.0,17.504587155963304,1.0,1.0,109,109,4,4,0,4,4,0,105,1.0,1.0,32,0,0,872,0,4,0,0,32,33,32,32,32,768,24.0,0.5345911949685535,0.5985324947589099,0.5985324947589099,0.600104821802935
Contextual,None,7,train_test,0.05,0.25,3,109,0.9541284403669725,0.0,0.0,0.045871559633027525,1166,1166,10.697247706422019,10.697247706422019,0.0,0.0,0,0,0,0,0,0,0,0,0,0.0,0.0,0,0,0,0,0,0,0,0,0,0,0,0,0,0,0.0,1.0,0.9742710120068611,1.0934819897084047,0.9828473413379074
Contextual,NextLine,7,train_test,0.05,0.25,3,109,0.9724770642201835,0.0,0.0,0.027522935779816515,1136,874,8.01834862385321,10.422018348623853,0.1651376146788991,0.1651376146788991,109,109,4,4,0,2,1,2,105,0.5,0.4,32,0,0,109,0,4,146,144,0,0,0,0,0,0,0.0,1.0264084507042253,1.0,1.1223591549295775,1.0088028169014085
Contextual,Stride,7,train_test,0.05,0.25,3,109,0.9541284403669725,0.0,0.0,0.045871559633027525,1275,1166,10.697247706422019,11.697247706422019,0.0,0.0,0,0,0,0,0,0,0,0,0,0.0,0.0,0,0,0,109,0,0,0,0,1,1,1,1,0,16,16.0,0.9145098039215687,0.8909803921568628,1.0,0.8988235294117647
Contextual,Markov-1,7,train_test,0.05,0.25,3,109,1.0,0.0,0.0,0.0,1146,436,4.0,10.513761467889909,0.8256880733944955,1.0,109,146,5,5,0,5,4,0,141,1.0,1.0,40,0,0,109,0,5,146,146,6,5,6,6,6,144,24.0,1.0174520069808028,0.9912739965095986,1.112565445026178,1.0
Contextual,WAM depth=1,7,train_test,0.05,0.25,3,109,1.0,0.0,0.0,0.0,1146,436,4.0,10.513761467889909,0.8256880733944955,1.0,109,146,5,5,0,5,4,0,141,1.0,1.0,40,0,0,109,0,5,146,146,5,6,5,5,5,120,24.0,1.0174520069808028,0.9912739965095986,1.112565445026178,1.0
Contextual,WAM depth=2,7,train_test,0.05,0.25,3,109,1.0,0.0,0.0,0.0,1404,436,4.0,12.880733944954128,1.0,1.0,109,109,5,5,0,5,5,0,104,1.0,1.0,40,0,0,218,0,5,0,0,11,12,11,11,11,264,24.0,0.8304843304843305,0.8091168091168092,0.9081196581196581,0.8162393162393162
Contextual,WAM depth=3,7,train_test,0.05,0.25,3,109,1.0,0.0,0.0,0.0,1513,436,4.0,13.880733944954128,1.0,1.0,109,109,5,5,0,5,5,0,104,1.0,1.0,40,0,0,327,0,5,0,0,17,18,17,17,17,408,24.0,0.7706543291473893,0.7508261731658956,0.8426966292134831,0.7574355584930601
Contextual,WAM depth=4,7,train_test,0.05,0.25,3,109,1.0,0.0,0.0,0.0,1622,436,4.0,14.880733944954128,1.0,1.0,109,109,5,5,0,5,5,0,104,1.0,1.0,40,0,0,436,0,5,0,0,23,24,23,23,23,552,24.0,0.718865598027127,0.7003699136868065,0.7860665844636252,0.7065351418002466
Contextual,WAM depth=8,7,train_test,0.05,0.25,3,109,1.0,0.0,0.0,0.0,2058,436,4.0,18.880733944954127,1.0,1.0,109,109,5,5,0,5,5,0,104,1.0,1.0,40,0,0,872,0,5,0,0,47,48,47,47,47,1128,24.0,0.5665694849368319,0.5519922254616132,0.619533527696793,0.5568513119533528
LongerDependency,None,7,train_test,0.05,0.25,3,109,0.9357798165137615,0.0,0.0,0.06422018348623854,1458,1458,13.376146788990825,13.376146788990825,0.0,0.0,0,0,0,0,0,0,0,0,0,0.0,0.0,0,0,0,0,0,0,0,0,0,0,0,0,0,0,0.0,1.0,0.9732510288065843,1.0747599451303156,0.9910836762688614
LongerDependency,NextLine,7,train_test,0.05,0.25,3,109,0.981651376146789,0.0,0.0,0.01834862385321101,1419,728,6.678899082568807,13.01834862385321,0.5045871559633027,0.5045871559633027,109,109,7,7,0,5,4,2,102,0.7142857142857143,0.7142857142857143,56,0,0,109,0,7,164,162,0,0,0,0,0,0,0.0,1.0274841437632136,1.0,1.1042988019732205,1.018322762508809
LongerDependency,Stride,7,train_test,0.05,0.25,3,109,0.9357798165137615,0.0,0.0,0.06422018348623854,1567,1458,13.376146788990825,14.376146788990825,0.0,0.0,0,0,0,0,0,0,0,0,0,0.0,0.0,0,0,0,109,0,0,0,0,1,1,1,1,0,16,16.0,0.9304403318442884,0.9055520102105935,1.0,0.9221442246330568
LongerDependency,Markov-1,7,train_test,0.05,0.25,3,109,1.0,0.0,0.0,0.0,1445,436,4.0,13.256880733944953,0.8990825688073395,1.0,109,131,7,7,0,7,6,0,124,1.0,1.0,56,0,0,109,0,7,146,146,8,7,8,8,8,192,24.0,1.0089965397923875,0.9820069204152249,1.0844290657439446,1.0
LongerDependency,WAM depth=1,7,train_test,0.05,0.25,3,109,1.0,0.0,0.0,0.0,1445,436,4.0,13.256880733944953,0.8990825688073395,1.0,109,131,7,7,0,7,6,0,124,1.0,1.0,56,0,0,109,0,7,146,146,7,8,7,7,7,168,24.0,1.0089965397923875,0.9820069204152249,1.0844290657439446,1.0
LongerDependency,WAM depth=2,7,train_test,0.05,0.25,3,109,1.0,0.0,0.0,0.0,1554,436,4.0,14.256880733944953,0.8990825688073395,1.0,109,131,7,7,0,7,6,0,124,1.0,1.0,56,0,0,218,0,7,146,146,15,16,15,15,15,360,24.0,0.9382239382239382,0.9131274131274131,1.0083655083655083,0.9298584298584298
LongerDependency,WAM depth=3,7,train_test,0.05,0.25,3,109,1.0,0.0,0.0,0.0,1663,436,4.0,15.256880733944953,0.8990825688073395,1.0,109,131,7,7,0,7,6,0,124,1.0,1.0,56,0,0,327,0,7,146,146,24,25,24,24,24,576,24.0,0.8767288033674083,0.8532772098616958,0.9422730006013229,0.8689116055321707
LongerDependency,WAM depth=4,7,train_test,0.05,0.25,3,109,1.0,0.0,0.0,0.0,1922,436,4.0,17.63302752293578,1.0,1.0,109,109,7,7,0,7,7,0,102,1.0,1.0,56,0,0,436,0,7,0,0,34,35,34,34,34,816,24.0,0.7585848074921956,0.7382934443288242,0.8152965660770031,0.7518210197710719
LongerDependency,WAM depth=8,7,train_test,0.05,0.25,3,109,1.0,0.0,0.0,0.0,2358,436,4.0,21.63302752293578,1.0,1.0,109,109,7,7,0,7,7,0,102,1.0,1.0,56,0,0,872,0,7,0,0,74,75,74,74,74,1776,24.0,0.6183206106870229,0.6017811704834606,0.6645462256149279,0.6128074639525021
Probabilistic,None,7,train_test,0.05,0.25,3,109,0.963302752293578,0.0,0.0,0.03669724770642202,1020,1020,9.357798165137615,9.357798165137615,0.0,0.0,0,0,0,0,0,0,0,0,0,0.0,0.0,0,0,0,0,0,0,0,0,0,0,0,0,0,0,0.0,1.0,0.9696078431372549,1.1068627450980393,0.9764705882352941
Probabilistic,NextLine,7,train_test,0.05,0.25,3,109,0.981651376146789,0.0,0.0,0.01834862385321101,989,728,6.678899082568807,9.073394495412844,0.5596330275229358,0.5596330275229358,109,109,3,3,0,2,1,1,106,0.6666666666666666,0.5,24,0,0,109,0,3,146,145,0,0,0,0,0,0,0.0,1.031344792719919,1.0,1.1415571284125379,1.0070778564206269
Probabilistic,Stride,7,train_test,0.05,0.25,3,109,0.963302752293578,0.0,0.0,0.03669724770642202,1129,1020,9.357798165137615,10.357798165137615,0.0,0.0,0,0,0,0,0,0,0,0,0,0.0,0.0,0,0,0,109,0,0,0,0,1,1,1,1,0,16,16.0,0.9034543844109831,0.8759964570416298,1.0,0.8821966341895483
Probabilistic,Markov-1,7,train_test,0.05,0.25,3,109,1.0,0.0,0.0,0.0,996,436,4.0,9.137614678899082,0.8899082568807339,1.0,109,146,4,4,0,4,3,0,142,1.0,1.0,32,0,0,109,0,4,146,146,5,4,5,5,5,120,24.0,1.0240963855421688,0.9929718875502008,1.1335341365461848,1.0
Probabilistic,WAM depth=1,7,train_test,0.05,0.25,3,109,1.0,0.0,0.0,0.0,996,436,4.0,9.137614678899082,0.8899082568807339,1.0,109,146,4,4,0,4,3,0,142,1.0,1.0,32,0,0,109,0,4,146,146,4,5,4,4,4,96,24.0,1.0240963855421688,0.9929718875502008,1.1335341365461848,1.0
Probabilistic,WAM depth=2,7,train_test,0.05,0.25,3,109,1.0,0.0,0.0,0.0,1105,436,4.0,10.137614678899082,0.8899082568807339,1.0,109,146,4,4,0,4,3,0,142,1.0,1.0,32,0,0,218,0,4,146,146,9,10,9,9,9,216,24.0,0.9230769230769231,0.8950226244343892,1.0217194570135746,0.9013574660633484
Probabilistic,WAM depth=3,7,train_test,0.05,0.25,3,109,1.0,0.0,0.0,0.0,1214,436,4.0,11.137614678899082,0.8899082568807339,1.0,109,146,4,4,0,4,3,0,142,1.0,1.0,32,0,0,327,0,4,146,146,15,16,15,15,15,360,24.0,0.8401976935749588,0.814662273476112,0.9299835255354201,0.8204283360790774
Probabilistic,WAM depth=4,7,train_test,0.05,0.25,3,109,1.0,0.0,0.0,0.0,1323,436,4.0,12.137614678899082,0.8899082568807339,1.0,109,146,4,4,0,4,3,0,142,1.0,1.0,32,0,0,436,0,4,146,146,23,24,23,23,23,552,24.0,0.7709750566893424,0.7475434618291761,0.8533635676492819,0.7528344671201814
Probabilistic,WAM depth=8,7,train_test,0.05,0.25,3,109,1.0,0.0,0.0,0.0,1759,436,4.0,16.137614678899084,0.8878504672897196,0.9719626168224299,107,139,4,4,0,4,3,0,135,1.0,1.0,32,0,0,872,0,4,146,146,78,79,78,78,78,1872,24.0,0.579874928936896,0.5622512791358727,0.641841955656623,0.5662308129619101
PhaseChanging,None,7,train_test,0.05,0.25,3,109,0.9724770642201835,0.0,0.0,0.027522935779816515,874,874,8.01834862385321,8.01834862385321,0.0,0.0,0,0,0,0,0,0,0,0,0,0.0,0.0,0,0,0,0,0,0,0,0,0,0,0,0,0,0,0.0,1.0,1.131578947368421,1.1247139588100687,1.139588100686499
PhaseChanging,NextLine,7,train_test,0.05,0.25,3,109,0.981651376146789,0.0,0.0,0.01834862385321101,989,728,6.678899082568807,9.073394495412844,0.3394495412844037,0.3394495412844037,109,109,3,3,0,1,1,2,106,0.3333333333333333,0.3333333333333333,24,0,0,109,0,3,0,-2,0,0,0,0,0,0,0.0,0.8837209302325582,1.0,0.993933265925177,1.0070778564206269
PhaseChanging,Stride,7,train_test,0.05,0.25,3,109,0.9724770642201835,0.0,0.0,0.027522935779816515,983,874,8.01834862385321,9.01834862385321,0.0,0.0,0,0,0,0,0,0,0,0,0,0.0,0.0,0,0,0,109,0,0,0,0,1,1,1,1,0,16,16.0,0.8891149542217701,1.0061037639877926,1.0,1.0132248219735505
PhaseChanging,Markov-1,7,train_test,0.05,0.25,3,109,1.0,0.0,0.0,0.0,996,436,4.0,9.137614678899082,0.6697247706422018,1.0,109,145,4,4,0,3,3,1,141,0.75,1.0,32,0,0,109,0,4,0,-1,6,5,6,6,6,144,24.0,0.8775100401606426,0.9929718875502008,0.9869477911646586,1.0
PhaseChanging,WAM depth=1,7,train_test,0.05,0.25,3,109,1.0,0.0,0.0,0.0,996,436,4.0,9.137614678899082,0.6697247706422018,1.0,109,145,4,4,0,3,3,1,141,0.75,1.0,32,0,0,109,0,4,0,-1,5,6,5,5,5,120,24.0,0.8775100401606426,0.9929718875502008,0.9869477911646586,1.0
PhaseChanging,WAM depth=2,7,train_test,0.05,0.25,3,109,1.0,0.0,0.0,0.0,1104,436,4.0,10.128440366972477,1.0,1.0,109,109,3,3,0,3,3,0,106,1.0,1.0,24,0,0,218,0,3,0,0,11,12,11,11,11,264,24.0,0.7916666666666666,0.8958333333333334,0.8903985507246377,0.9021739130434783
PhaseChanging,WAM depth=3,7,train_test,0.05,0.25,3,109,1.0,0.0,0.0,0.0,1213,436,4.0,11.128440366972477,1.0,1.0,109,109,3,3,0,3,3,0,106,1.0,1.0,24,0,0,327,0,3,0,0,18,19,18,18,18,432,24.0,0.720527617477329,0.8153338829348722,0.8103874690849134,0.8211046990931574
PhaseChanging,WAM depth=4,7,train_test,0.05,0.25,3,109,1.0,0.0,0.0,0.0,1322,436,4.0,12.128440366972477,1.0,1.0,109,109,3,3,0,3,3,0,106,1.0,1.0,24,0,0,436,0,3,0,0,26,27,26,26,26,624,24.0,0.6611195158850227,0.7481089258698941,0.74357034795764,0.7534039334341907
PhaseChanging,WAM depth=8,7,train_test,0.05,0.25,3,109,1.0,0.0,0.0,0.0,1758,436,4.0,16.128440366972477,1.0,1.0,109,109,3,3,0,3,3,0,106,1.0,1.0,24,0,0,872,0,3,0,0,68,69,68,68,68,1632,24.0,0.49715585893060293,0.5625711035267349,0.5591581342434585,0.5665529010238908
Random,None,7,train_test,0.05,0.25,3,109,0.03669724770642202,0.009174311926605505,0.0,0.9541284403669725,15628,15628,143.37614678899084,143.37614678899084,0.0,0.0,0,0,0,0,0,0,0,0,0,0.0,0.0,0,0,41,0,0,0,0,0,0,0,0,0,0,0,0.0,1.0,0.9859227028410545,1.006974660865114,0.9806117225492705
Random,NextLine,7,train_test,0.05,0.25,3,109,0.05504587155963303,0.01834862385321101,0.0,0.926605504587156,15408,15198,139.43119266055047,141.3577981651376,0.0,0.0,109,109,101,100,0,3,0,98,8,0.0297029702970297,0.028846153846153848,808,5,73,109,0,101,438,406,0,0,0,0,0,0,0.0,1.0142782969885773,1.0,1.0213525441329179,0.9946131879543094
Random,Stride,7,train_test,0.05,0.25,3,109,0.03669724770642202,0.009174311926605505,0.0,0.9541284403669725,15737,15628,143.37614678899084,144.37614678899084,0.0,0.0,0,0,0,0,0,0,0,0,0,0.0,0.0,0,0,41,109,0,0,0,0,1,1,1,1,0,16,16.0,0.9930736480904874,0.9790938552455996,1.0,0.973819660672301
Random,Markov-1,7,train_test,0.05,0.25,3,109,0.06422018348623854,0.01834862385321101,0.0,0.9174311926605505,15325,15052,138.09174311926606,140.59633027522935,0.0,0.0,24,27,25,25,0,4,1,21,2,0.16,0.038461538461538464,200,0,49,109,0,25,445,438,250,224,250,250,250,6000,24.0,1.0197716150081566,1.005415986949429,1.0268841761827079,1.0
Random,WAM depth=1,7,train_test,0.05,0.25,3,109,0.06422018348623854,0.01834862385321101,0.0,0.9174311926605505,15325,15052,138.09174311926606,140.59633027522935,0.0,0.0,24,27,25,25,0,4,1,21,2,0.16,0.038461538461538464,200,0,49,109,0,25,445,438,224,225,224,224,224,5376,24.0,1.0197716150081566,1.005415986949429,1.0268841761827079,1.0
Random,WAM depth=2,7,train_test,0.05,0.25,3,109,0.03669724770642202,0.009174311926605505,0.0,0.9541284403669725,15846,15628,143.37614678899084,145.37614678899084,0.0,0.0,0,0,0,0,0,0,0,0,0,0.0,0.0,0,0,41,218,0,0,0,0,472,473,472,472,472,11328,24.0,0.9862425848794648,0.9723589549413101,0.9931212924397325,0.9671210400100971
Random,WAM depth=3,7,train_test,0.05,0.25,3,109,0.03669724770642202,0.009174311926605505,0.0,0.9541284403669725,15955,15628,143.37614678899084,146.37614678899084,0.0,0.0,0,0,0,0,0,0,0,0,0,0.0,0.0,0,0,41,327,0,0,0,0,719,720,719,719,719,17256,24.0,0.9795048574114698,0.965716076465058,0.9863365716076465,0.9605139454716389
Random,WAM depth=4,7,train_test,0.05,0.25,3,109,0.03669724770642202,0.009174311926605505,0.0,0.9541284403669725,16064,15628,143.37614678899084,147.37614678899084,0.0,0.0,0,0,0,0,0,0,0,0,0,0.0,0.0,0,0,41,436,0,0,0,0,963,964,963,963,963,23112,24.0,0.9728585657370518,0.9591633466135459,0.9796439243027888,0.9539965139442231
Random,WAM depth=8,7,train_test,0.05,0.25,3,109,0.03669724770642202,0.009174311926605505,0.0,0.9541284403669725,16500,15628,143.37614678899084,151.37614678899084,0.0,0.0,0,0,0,0,0,0,0,0,0,0.0,0.0,0,0,41,872,0,0,0,0,1920,1921,1920,1920,1920,46080,24.0,0.9471515151515152,0.9338181818181818,0.9537575757575758,0.9287878787878788
Sequential,None,8,train_test,0.05,0.25,3,109,0.0,0.0,0.0,1.0,16350,16350,150.0,150.0,0.0,0.0,0,0,0,0,0,0,0,0,0,0.0,0.0,0,0,45,0,0,0,0,0,0,0,0,0,0,0,0.0,1.0,1.0333333333333334,1.0333333333333334,1.0066666666666666
Sequential,NextLine,8,train_test,0.05,0.25,3,109,1.0,0.0,0.0,0.0,16895,436,4.0,155.0,1.0,1.0,109,109,109,109,0,109,109,0,0,1.0,1.0,872,0,45,109,0,109,0,0,0,0,0,0,0,0,0.0,0.967741935483871,1.0,1.0,0.9741935483870968
Sequential,Stride,8,train_test,0.05,0.25,3,109,1.0,0.0,0.0,0.0,16895,436,4.0,155.0,1.0,1.0,109,109,109,109,0,109,109,0,0,1.0,1.0,872,0,45,109,0,109,0,0,1,1,1,1,0,16,16.0,0.967741935483871,1.0,1.0,0.9741935483870968
Sequential,Markov-1,8,train_test,0.05,0.25,3,109,0.0,0.0,0.0,1.0,16459,16350,150.0,151.0,0.0,0.0,0,0,0,0,0,0,0,0,0,0.0,0.0,0,0,45,109,0,0,0,0,250,250,250,250,250,6000,24.0,0.9933774834437086,1.0264900662251655,1.0264900662251655,1.0
Sequential,WAM depth=1,8,train_test,0.05,0.25,3,109,0.0,0.0,0.0,1.0,16459,16350,150.0,151.0,0.0,0.0,0,0,0,0,0,0,0,0,0,0.0,0.0,0,0,45,109,0,0,0,0,250,251,250,250,250,6000,24.0,0.9933774834437086,1.0264900662251655,1.0264900662251655,1.0
Sequential,WAM depth=2,8,train_test,0.05,0.25,3,109,0.0,0.0,0.0,1.0,16568,16350,150.0,152.0,0.0,0.0,0,0,0,0,0,0,0,0,0,0.0,0.0,0,0,45,218,0,0,0,0,498,499,498,498,498,11952,24.0,0.9868421052631579,1.019736842105263,1.019736842105263,0.993421052631579
Sequential,WAM depth=3,8,train_test,0.05,0.25,3,109,0.0,0.0,0.0,1.0,16677,16350,150.0,153.0,0.0,0.0,0,0,0,0,0,0,0,0,0,0.0,0.0,0,0,45,327,0,0,0,0,744,745,744,744,744,17856,24.0,0.9803921568627451,1.0130718954248366,1.0130718954248366,0.9869281045751634
Sequential,WAM depth=4,8,train_test,0.05,0.25,3,109,0.0,0.0,0.0,1.0,16786,16350,150.0,154.0,0.0,0.0,0,0,0,0,0,0,0,0,0,0.0,0.0,0,0,45,436,0,0,0,0,988,989,988,988,988,23712,24.0,0.974025974025974,1.0064935064935066,1.0064935064935066,0.9805194805194806
Sequential,WAM depth=8,8,train_test,0.05,0.25,3,109,0.0,0.0,0.0,1.0,17222,16350,150.0,158.0,0.0,0.0,0,0,0,0,0,0,0,0,0,0.0,0.0,0,0,45,872,0,0,0,0,1944,1945,1944,1944,1944,46656,24.0,0.9493670886075949,0.9810126582278481,0.9810126582278481,0.9556962025316456
Stride,None,8,train_test,0.05,0.25,3,109,0.0,0.0,0.0,1.0,16350,16350,150.0,150.0,0.0,0.0,0,0,0,0,0,0,0,0,0,0.0,0.0,0,0,45,0,0,0,0,0,0,0,0,0,0,0,0.0,1.0,1.0133333333333334,1.0333333333333334,1.0066666666666666
Stride,NextLine,8,train_test,0.05,0.25,3,109,0.0,0.0,0.0,1.0,16568,16350,150.0,152.0,0.0,0.0,109,109,109,108,0,0,0,109,0,0.0,0.0,872,0,77,109,0,109,0,-33,0,0,0,0,0,0,0.0,0.9868421052631579,1.0,1.019736842105263,0.993421052631579
Stride,Stride,8,train_test,0.05,0.25,3,109,1.0,0.0,0.0,0.0,16895,436,4.0,155.0,1.0,1.0,109,109,109,109,0,109,109,0,0,1.0,1.0,872,0,45,109,0,109,0,0,1,1,1,1,0,16,16.0,0.967741935483871,0.9806451612903225,1.0,0.9741935483870968
Stride,Markov-1,8,train_test,0.05,0.25,3,109,0.0,0.0,0.0,1.0,16459,16350,150.0,151.0,0.0,0.0,0,0,0,0,0,0,0,0,0,0.0,0.0,0,0,45,109,0,0,0,0,250,250,250,250,250,6000,24.0,0.9933774834437086,1.0066225165562914,1.0264900662251655,1.0
Stride,WAM depth=1,8,train_test,0.05,0.25,3,109,0.0,0.0,0.0,1.0,16459,16350,150.0,151.0,0.0,0.0,0,0,0,0,0,0,0,0,0,0.0,0.0,0,0,45,109,0,0,0,0,250,251,250,250,250,6000,24.0,0.9933774834437086,1.0066225165562914,1.0264900662251655,1.0
Stride,WAM depth=2,8,train_test,0.05,0.25,3,109,0.0,0.0,0.0,1.0,16568,16350,150.0,152.0,0.0,0.0,0,0,0,0,0,0,0,0,0,0.0,0.0,0,0,45,218,0,0,0,0,498,499,498,498,498,11952,24.0,0.9868421052631579,1.0,1.019736842105263,0.993421052631579
Stride,WAM depth=3,8,train_test,0.05,0.25,3,109,0.0,0.0,0.0,1.0,16677,16350,150.0,153.0,0.0,0.0,0,0,0,0,0,0,0,0,0,0.0,0.0,0,0,45,327,0,0,0,0,744,745,744,744,744,17856,24.0,0.9803921568627451,0.9934640522875817,1.0130718954248366,0.9869281045751634
Stride,WAM depth=4,8,train_test,0.05,0.25,3,109,0.0,0.0,0.0,1.0,16786,16350,150.0,154.0,0.0,0.0,0,0,0,0,0,0,0,0,0,0.0,0.0,0,0,45,436,0,0,0,0,988,989,988,988,988,23712,24.0,0.974025974025974,0.987012987012987,1.0064935064935066,0.9805194805194806
Stride,WAM depth=8,8,train_test,0.05,0.25,3,109,0.0,0.0,0.0,1.0,17222,16350,150.0,158.0,0.0,0.0,0,0,0,0,0,0,0,0,0,0.0,0.0,0,0,45,872,0,0,0,0,1944,1945,1944,1944,1944,46656,24.0,0.9493670886075949,0.9620253164556962,0.9810126582278481,0.9556962025316456
Repeating,None,8,train_test,0.05,0.25,3,109,0.963302752293578,0.0,0.0,0.03669724770642202,1020,1020,9.357798165137615,9.357798165137615,0.0,0.0,0,0,0,0,0,0,0,0,0,0.0,0.0,0,0,0,0,0,0,0,0,0,0,0,0,0,0,0.0,1.0,1.119607843137255,1.119607843137255,1.1225490196078431
Repeating,NextLine,8,train_test,0.05,0.25,3,109,0.9908256880733946,0.0,0.0,0.009174311926605505,1142,582,5.339449541284404,10.477064220183486,0.7522935779816514,0.7522935779816514,109,109,4,4,0,3,3,1,105,0.75,0.75,32,0,0,109,0,4,0,-1,0,0,0,0,0,0,0.0,0.8931698774080561,1.0,1.0,1.0026269702276707
Repeating,Stride,8,train_test,0.05,0.25,3,109,0.9908256880733946,0.0,0.0,0.009174311926605505,1142,582,5.339449541284404,10.477064220183486,0.7522935779816514,0.7522935779816514,109,109,4,4,0,3,3,1,105,0.75,0.75,32,0,0,109,0,4,0,-1,1,1,1,1,0,16,16.0,0.8931698774080561,1.0,1.0,1.0026269702276707
Repeating,Markov-1,8,train_test,0.05,0.25,3,109,1.0,0.0,0.0,0.0,1145,436,4.0,10.504587155963304,1.0,1.0,109,109,4,4,0,4,4,0,105,1.0,1.0,32,0,0,109,0,4,0,0,4,4,4,4,4,96,24.0,0.8908296943231441,0.9973799126637555,0.9973799126637555,1.0
Repeating,WAM depth=1,8,train_test,0.05,0.25,3,109,1.0,0.0,0.0,0.0,1145,436,4.0,10.504587155963304,1.0,1.0,109,109,4,4,0,4,4,0,105,1.0,1.0,32,0,0,109,0,4,0,0,4,5,4,4,4,96,24.0,0.8908296943231441,0.9973799126637555,0.9973799126637555,1.0
Repeating,WAM depth=2,8,train_test,0.05,0.25,3,109,1.0,0.0,0.0,0.0,1254,436,4.0,11.504587155963304,1.0,1.0,109,109,4,4,0,4,4,0,105,1.0,1.0,32,0,0,218,0,4,0,0,8,9,8,8,8,192,24.0,0.8133971291866029,0.9106858054226475,0.9106858054226475,0.9130781499202552
Repeating,WAM depth=3,8,train_test,0.05,0.25,3,109,1.0,0.0,0.0,0.0,1363,436,4.0,12.504587155963304,1.0,1.0,109,109,4,4,0,4,4,0,105,1.0,1.0,32,0,0,327,0,4,0,0,12,13,12,12,12,288,24.0,0.7483492296404989,0.8378576669112252,0.8378576669112252,0.8400586940572267
Repeating,WAM depth=4,8,train_test,0.05,0.25,3,109,1.0,0.0,0.0,0.0,1472,436,4.0,13.504587155963304,1.0,1.0,109,109,4,4,0,4,4,0,105,1.0,1.0,32,0,0,436,0,4,0,0,16,17,16,16,16,384,24.0,0.6929347826086957,0.7758152173913043,0.7758152173913043,0.7778532608695652
Repeating,WAM depth=8,8,train_test,0.05,0.25,3,109,1.0,0.0,0.0,0.0,1908,436,4.0,17.504587155963304,1.0,1.0,109,109,4,4,0,4,4,0,105,1.0,1.0,32,0,0,872,0,4,0,0,32,33,32,32,32,768,24.0,0.5345911949685535,0.5985324947589099,0.5985324947589099,0.600104821802935
Contextual,None,8,train_test,0.05,0.25,3,109,0.9541284403669725,0.0,0.0,0.045871559633027525,1166,1166,10.697247706422019,10.697247706422019,0.0,0.0,0,0,0,0,0,0,0,0,0,0.0,0.0,0,0,0,0,0,0,0,0,0,0,0,0,0,0,0.0,1.0,0.9742710120068611,1.0934819897084047,0.9828473413379074
Contextual,NextLine,8,train_test,0.05,0.25,3,109,0.9724770642201835,0.0,0.0,0.027522935779816515,1136,874,8.01834862385321,10.422018348623853,0.1651376146788991,0.1651376146788991,109,109,4,4,0,2,1,2,105,0.5,0.4,32,0,0,109,0,4,146,144,0,0,0,0,0,0,0.0,1.0264084507042253,1.0,1.1223591549295775,1.0088028169014085
Contextual,Stride,8,train_test,0.05,0.25,3,109,0.9541284403669725,0.0,0.0,0.045871559633027525,1275,1166,10.697247706422019,11.697247706422019,0.0,0.0,0,0,0,0,0,0,0,0,0,0.0,0.0,0,0,0,109,0,0,0,0,1,1,1,1,0,16,16.0,0.9145098039215687,0.8909803921568628,1.0,0.8988235294117647
Contextual,Markov-1,8,train_test,0.05,0.25,3,109,1.0,0.0,0.0,0.0,1146,436,4.0,10.513761467889909,0.8256880733944955,1.0,109,146,5,5,0,5,4,0,141,1.0,1.0,40,0,0,109,0,5,146,146,6,5,6,6,6,144,24.0,1.0174520069808028,0.9912739965095986,1.112565445026178,1.0
Contextual,WAM depth=1,8,train_test,0.05,0.25,3,109,1.0,0.0,0.0,0.0,1146,436,4.0,10.513761467889909,0.8256880733944955,1.0,109,146,5,5,0,5,4,0,141,1.0,1.0,40,0,0,109,0,5,146,146,5,6,5,5,5,120,24.0,1.0174520069808028,0.9912739965095986,1.112565445026178,1.0
Contextual,WAM depth=2,8,train_test,0.05,0.25,3,109,1.0,0.0,0.0,0.0,1404,436,4.0,12.880733944954128,1.0,1.0,109,109,5,5,0,5,5,0,104,1.0,1.0,40,0,0,218,0,5,0,0,11,12,11,11,11,264,24.0,0.8304843304843305,0.8091168091168092,0.9081196581196581,0.8162393162393162
Contextual,WAM depth=3,8,train_test,0.05,0.25,3,109,1.0,0.0,0.0,0.0,1513,436,4.0,13.880733944954128,1.0,1.0,109,109,5,5,0,5,5,0,104,1.0,1.0,40,0,0,327,0,5,0,0,17,18,17,17,17,408,24.0,0.7706543291473893,0.7508261731658956,0.8426966292134831,0.7574355584930601
Contextual,WAM depth=4,8,train_test,0.05,0.25,3,109,1.0,0.0,0.0,0.0,1622,436,4.0,14.880733944954128,1.0,1.0,109,109,5,5,0,5,5,0,104,1.0,1.0,40,0,0,436,0,5,0,0,23,24,23,23,23,552,24.0,0.718865598027127,0.7003699136868065,0.7860665844636252,0.7065351418002466
Contextual,WAM depth=8,8,train_test,0.05,0.25,3,109,1.0,0.0,0.0,0.0,2058,436,4.0,18.880733944954127,1.0,1.0,109,109,5,5,0,5,5,0,104,1.0,1.0,40,0,0,872,0,5,0,0,47,48,47,47,47,1128,24.0,0.5665694849368319,0.5519922254616132,0.619533527696793,0.5568513119533528
LongerDependency,None,8,train_test,0.05,0.25,3,109,0.9357798165137615,0.0,0.0,0.06422018348623854,1458,1458,13.376146788990825,13.376146788990825,0.0,0.0,0,0,0,0,0,0,0,0,0,0.0,0.0,0,0,0,0,0,0,0,0,0,0,0,0,0,0,0.0,1.0,0.9732510288065843,1.0747599451303156,0.9910836762688614
LongerDependency,NextLine,8,train_test,0.05,0.25,3,109,0.981651376146789,0.0,0.0,0.01834862385321101,1419,728,6.678899082568807,13.01834862385321,0.5045871559633027,0.5045871559633027,109,109,7,7,0,5,4,2,102,0.7142857142857143,0.7142857142857143,56,0,0,109,0,7,164,162,0,0,0,0,0,0,0.0,1.0274841437632136,1.0,1.1042988019732205,1.018322762508809
LongerDependency,Stride,8,train_test,0.05,0.25,3,109,0.9357798165137615,0.0,0.0,0.06422018348623854,1567,1458,13.376146788990825,14.376146788990825,0.0,0.0,0,0,0,0,0,0,0,0,0,0.0,0.0,0,0,0,109,0,0,0,0,1,1,1,1,0,16,16.0,0.9304403318442884,0.9055520102105935,1.0,0.9221442246330568
LongerDependency,Markov-1,8,train_test,0.05,0.25,3,109,1.0,0.0,0.0,0.0,1445,436,4.0,13.256880733944953,0.8990825688073395,1.0,109,131,7,7,0,7,6,0,124,1.0,1.0,56,0,0,109,0,7,146,146,8,7,8,8,8,192,24.0,1.0089965397923875,0.9820069204152249,1.0844290657439446,1.0
LongerDependency,WAM depth=1,8,train_test,0.05,0.25,3,109,1.0,0.0,0.0,0.0,1445,436,4.0,13.256880733944953,0.8990825688073395,1.0,109,131,7,7,0,7,6,0,124,1.0,1.0,56,0,0,109,0,7,146,146,7,8,7,7,7,168,24.0,1.0089965397923875,0.9820069204152249,1.0844290657439446,1.0
LongerDependency,WAM depth=2,8,train_test,0.05,0.25,3,109,1.0,0.0,0.0,0.0,1554,436,4.0,14.256880733944953,0.8990825688073395,1.0,109,131,7,7,0,7,6,0,124,1.0,1.0,56,0,0,218,0,7,146,146,15,16,15,15,15,360,24.0,0.9382239382239382,0.9131274131274131,1.0083655083655083,0.9298584298584298
LongerDependency,WAM depth=3,8,train_test,0.05,0.25,3,109,1.0,0.0,0.0,0.0,1663,436,4.0,15.256880733944953,0.8990825688073395,1.0,109,131,7,7,0,7,6,0,124,1.0,1.0,56,0,0,327,0,7,146,146,24,25,24,24,24,576,24.0,0.8767288033674083,0.8532772098616958,0.9422730006013229,0.8689116055321707
LongerDependency,WAM depth=4,8,train_test,0.05,0.25,3,109,1.0,0.0,0.0,0.0,1922,436,4.0,17.63302752293578,1.0,1.0,109,109,7,7,0,7,7,0,102,1.0,1.0,56,0,0,436,0,7,0,0,34,35,34,34,34,816,24.0,0.7585848074921956,0.7382934443288242,0.8152965660770031,0.7518210197710719
LongerDependency,WAM depth=8,8,train_test,0.05,0.25,3,109,1.0,0.0,0.0,0.0,2358,436,4.0,21.63302752293578,1.0,1.0,109,109,7,7,0,7,7,0,102,1.0,1.0,56,0,0,872,0,7,0,0,74,75,74,74,74,1776,24.0,0.6183206106870229,0.6017811704834606,0.6645462256149279,0.6128074639525021
Probabilistic,None,8,train_test,0.05,0.25,3,109,0.963302752293578,0.0,0.0,0.03669724770642202,1020,1020,9.357798165137615,9.357798165137615,0.0,0.0,0,0,0,0,0,0,0,0,0,0.0,0.0,0,0,0,0,0,0,0,0,0,0,0,0,0,0,0.0,1.0,0.9735294117647059,1.1068627450980393,0.9754901960784313
Probabilistic,NextLine,8,train_test,0.05,0.25,3,109,0.9908256880733946,0.0,0.0,0.009174311926605505,993,582,5.339449541284404,9.110091743119266,0.5871559633027523,0.5871559633027523,109,109,4,4,0,3,2,1,105,0.75,0.75,32,0,0,109,0,4,146,145,0,0,0,0,0,0,0.0,1.027190332326284,1.0,1.1369587109768378,1.002014098690836
Probabilistic,Stride,8,train_test,0.05,0.25,3,109,0.963302752293578,0.0,0.0,0.03669724770642202,1129,1020,9.357798165137615,10.357798165137615,0.0,0.0,0,0,0,0,0,0,0,0,0,0.0,0.0,0,0,0,109,0,0,0,0,1,1,1,1,0,16,16.0,0.9034543844109831,0.8795394154118689,1.0,0.8813108945969885
Probabilistic,Markov-1,8,train_test,0.05,0.25,3,109,1.0,0.0,0.0,0.0,995,436,4.0,9.128440366972477,0.9174311926605505,1.0,109,146,4,4,0,4,3,0,142,1.0,1.0,32,0,0,109,0,4,146,146,5,4,5,5,5,120,24.0,1.0251256281407035,0.9979899497487437,1.1346733668341709,1.0
Probabilistic,WAM depth=1,8,train_test,0.05,0.25,3,109,1.0,0.0,0.0,0.0,995,436,4.0,9.128440366972477,0.9174311926605505,1.0,109,146,4,4,0,4,3,0,142,1.0,1.0,32,0,0,109,0,4,146,146,4,5,4,4,4,96,24.0,1.0251256281407035,0.9979899497487437,1.1346733668341709,1.0
Probabilistic,WAM depth=2,8,train_test,0.05,0.25,3,109,1.0,0.0,0.0,0.0,1104,436,4.0,10.128440366972477,0.9174311926605505,1.0,109,146,4,4,0,4,3,0,142,1.0,1.0,32,0,0,218,0,4,146,146,9,10,9,9,9,216,24.0,0.9239130434782609,0.8994565217391305,1.022644927536232,0.9012681159420289
Probabilistic,WAM depth=3,8,train_test,0.05,0.25,3,109,1.0,0.0,0.0,0.0,1213,436,4.0,11.128440366972477,0.9174311926605505,1.0,109,146,4,4,0,4,3,0,142,1.0,1.0,32,0,0,327,0,4,146,146,15,16,15,15,15,360,24.0,0.8408903544929925,0.8186314921681781,0.9307502061005771,0.8202802967848309
Probabilistic,WAM depth=4,8,train_test,0.05,0.25,3,109,1.0,0.0,0.0,0.0,1322,436,4.0,12.128440366972477,0.9174311926605505,1.0,109,146,4,4,0,4,3,0,142,1.0,1.0,32,0,0,436,0,4,146,146,23,24,23,23,23,552,24.0,0.7715582450832073,0.7511346444780636,0.8540090771558245,0.7526475037821483
Probabilistic,WAM depth=8,8,train_test,0.05,0.25,3,109,1.0,0.0,0.0,0.0,1758,436,4.0,16.128440366972477,0.9166666666666666,0.9907407407407407,108,143,4,4,0,4,3,0,139,1.0,1.0,32,0,0,872,0,4,146,146,78,79,78,78,78,1872,24.0,0.5802047781569966,0.5648464163822525,0.6422070534698521,0.5659840728100114
PhaseChanging,None,8,train_test,0.05,0.25,3,109,0.9724770642201835,0.0,0.0,0.027522935779816515,874,874,8.01834862385321,8.01834862385321,0.0,0.0,0,0,0,0,0,0,0,0,0,0.0,0.0,0,0,0,0,0,0,0,0,0,0,0,0,0,0,0.0,1.0,1.131578947368421,1.1247139588100687,1.139588100686499
PhaseChanging,NextLine,8,train_test,0.05,0.25,3,109,0.981651376146789,0.0,0.0,0.01834862385321101,989,728,6.678899082568807,9.073394495412844,0.3394495412844037,0.3394495412844037,109,109,3,3,0,1,1,2,106,0.3333333333333333,0.3333333333333333,24,0,0,109,0,3,0,-2,0,0,0,0,0,0,0.0,0.8837209302325582,1.0,0.993933265925177,1.0070778564206269
PhaseChanging,Stride,8,train_test,0.05,0.25,3,109,0.9724770642201835,0.0,0.0,0.027522935779816515,983,874,8.01834862385321,9.01834862385321,0.0,0.0,0,0,0,0,0,0,0,0,0,0.0,0.0,0,0,0,109,0,0,0,0,1,1,1,1,0,16,16.0,0.8891149542217701,1.0061037639877926,1.0,1.0132248219735505
PhaseChanging,Markov-1,8,train_test,0.05,0.25,3,109,1.0,0.0,0.0,0.0,996,436,4.0,9.137614678899082,0.6697247706422018,1.0,109,145,4,4,0,3,3,1,141,0.75,1.0,32,0,0,109,0,4,0,-1,6,5,6,6,6,144,24.0,0.8775100401606426,0.9929718875502008,0.9869477911646586,1.0
PhaseChanging,WAM depth=1,8,train_test,0.05,0.25,3,109,1.0,0.0,0.0,0.0,996,436,4.0,9.137614678899082,0.6697247706422018,1.0,109,145,4,4,0,3,3,1,141,0.75,1.0,32,0,0,109,0,4,0,-1,5,6,5,5,5,120,24.0,0.8775100401606426,0.9929718875502008,0.9869477911646586,1.0
PhaseChanging,WAM depth=2,8,train_test,0.05,0.25,3,109,1.0,0.0,0.0,0.0,1104,436,4.0,10.128440366972477,1.0,1.0,109,109,3,3,0,3,3,0,106,1.0,1.0,24,0,0,218,0,3,0,0,11,12,11,11,11,264,24.0,0.7916666666666666,0.8958333333333334,0.8903985507246377,0.9021739130434783
PhaseChanging,WAM depth=3,8,train_test,0.05,0.25,3,109,1.0,0.0,0.0,0.0,1213,436,4.0,11.128440366972477,1.0,1.0,109,109,3,3,0,3,3,0,106,1.0,1.0,24,0,0,327,0,3,0,0,18,19,18,18,18,432,24.0,0.720527617477329,0.8153338829348722,0.8103874690849134,0.8211046990931574
PhaseChanging,WAM depth=4,8,train_test,0.05,0.25,3,109,1.0,0.0,0.0,0.0,1322,436,4.0,12.128440366972477,1.0,1.0,109,109,3,3,0,3,3,0,106,1.0,1.0,24,0,0,436,0,3,0,0,26,27,26,26,26,624,24.0,0.6611195158850227,0.7481089258698941,0.74357034795764,0.7534039334341907
PhaseChanging,WAM depth=8,8,train_test,0.05,0.25,3,109,1.0,0.0,0.0,0.0,1758,436,4.0,16.128440366972477,1.0,1.0,109,109,3,3,0,3,3,0,106,1.0,1.0,24,0,0,872,0,3,0,0,68,69,68,68,68,1632,24.0,0.49715585893060293,0.5625711035267349,0.5591581342434585,0.5665529010238908
Random,None,8,train_test,0.05,0.25,3,109,0.08256880733944955,0.0,0.0,0.9174311926605505,15036,15036,137.94495412844037,137.94495412844037,0.0,0.0,0,0,0,0,0,0,0,0,0,0.0,0.0,0,0,36,0,0,0,0,0,0,0,0,0,0,0,0.0,1.0,0.9868316041500399,1.0072492684224528,0.9896914072891726
Random,NextLine,8,train_test,0.05,0.25,3,109,0.07339449541284404,0.03669724770642202,0.0,0.8899082568807339,14838,14630,134.22018348623854,136.12844036697248,0.0,0.0,109,109,99,98,0,3,0,96,10,0.030303030303030304,0.03,792,3,70,109,0,99,438,407,0,0,0,0,0,0,0.0,1.0133441164577437,1.0,1.0206901199622591,1.0028979646852676
Random,Stride,8,train_test,0.05,0.25,3,109,0.08256880733944955,0.0,0.0,0.9174311926605505,15145,15036,137.94495412844037,138.94495412844037,0.0,0.0,0,0,0,0,0,0,0,0,0,0.0,0.0,0,0,36,109,0,0,0,0,1,1,1,1,0,16,16.0,0.9928029052492572,0.9797292835919446,1.0,0.9825685044569165
Random,Markov-1,8,train_test,0.05,0.25,3,109,0.09174311926605505,0.009174311926605505,0.0,0.8990825688073395,14881,14752,135.3394495412844,136.52293577981652,0.0,0.0,23,24,20,20,0,2,0,18,4,0.1,0.02,160,0,46,109,0,20,292,283,249,220,249,249,249,5976,24.0,1.0104159666689068,0.9971104092466904,1.0177407432296217,1.0
Random,WAM depth=1,8,train_test,0.05,0.25,3,109,0.09174311926605505,0.009174311926605505,0.0,0.8990825688073395,14881,14752,135.3394495412844,136.52293577981652,0.0,0.0,23,24,20,20,0,2,0,18,4,0.1,0.02,160,0,46,109,0,20,292,283,220,221,220,220,220,5280,24.0,1.0104159666689068,0.9971104092466904,1.0177407432296217,1.0
Random,WAM depth=2,8,train_test,0.05,0.25,3,109,0.08256880733944955,0.0,0.0,0.9174311926605505,15254,15036,137.94495412844037,139.94495412844037,0.0,0.0,0,0,0,0,0,0,0,0,0,0.0,0.0,0,0,36,218,0,0,0,0,468,469,468,468,468,11232,24.0,0.9857086665792579,0.972728464665006,0.9928543332896289,0.9755473974039596
Random,WAM depth=3,8,train_test,0.05,0.25,3,109,0.08256880733944955,0.0,0.0,0.9174311926605505,15363,15036,137.94495412844037,140.94495412844037,0.0,0.0,0,0,0,0,0,0,0,0,0,0.0,0.0,0,0,36,327,0,0,0,0,714,715,714,714,714,17136,24.0,0.9787150947080648,0.9658269869166178,0.9858100631387099,0.9686259194167806
Random,WAM depth=4,8,train_test,0.05,0.25,3,109,0.08256880733944955,0.0,0.0,0.9174311926605505,15472,15036,137.94495412844037,141.94495412844037,0.0,0.0,0,0,0,0,0,0,0,0,0,0.0,0.0,0,0,36,436,0,0,0,0,958,959,958,958,958,22992,24.0,0.9718200620475698,0.9590227507755946,0.9788650465356774,0.9618019648397105
Random,WAM depth=8,8,train_test,0.05,0.25,3,109,0.08256880733944955,0.0,0.0,0.9174311926605505,15908,15036,137.94495412844037,145.94495412844037,0.0,0.0,0,0,0,0,0,0,0,0,0,0.0,0.0,0,0,36,872,0,0,0,0,1914,1915,1914,1914,1914,45936,24.0,0.945184812672869,0.9327382449082223,0.9520367110887604,0.9354412874025647
Sequential,None,9,train_test,0.05,0.25,3,109,0.0,0.0,0.0,1.0,16350,16350,150.0,150.0,0.0,0.0,0,0,0,0,0,0,0,0,0,0.0,0.0,0,0,45,0,0,0,0,0,0,0,0,0,0,0,0.0,1.0,1.0333333333333334,1.0333333333333334,1.0066666666666666
Sequential,NextLine,9,train_test,0.05,0.25,3,109,1.0,0.0,0.0,0.0,16895,436,4.0,155.0,1.0,1.0,109,109,109,109,0,109,109,0,0,1.0,1.0,872,0,45,109,0,109,0,0,0,0,0,0,0,0,0.0,0.967741935483871,1.0,1.0,0.9741935483870968
Sequential,Stride,9,train_test,0.05,0.25,3,109,1.0,0.0,0.0,0.0,16895,436,4.0,155.0,1.0,1.0,109,109,109,109,0,109,109,0,0,1.0,1.0,872,0,45,109,0,109,0,0,1,1,1,1,0,16,16.0,0.967741935483871,1.0,1.0,0.9741935483870968
Sequential,Markov-1,9,train_test,0.05,0.25,3,109,0.0,0.0,0.0,1.0,16459,16350,150.0,151.0,0.0,0.0,0,0,0,0,0,0,0,0,0,0.0,0.0,0,0,45,109,0,0,0,0,250,250,250,250,250,6000,24.0,0.9933774834437086,1.0264900662251655,1.0264900662251655,1.0
Sequential,WAM depth=1,9,train_test,0.05,0.25,3,109,0.0,0.0,0.0,1.0,16459,16350,150.0,151.0,0.0,0.0,0,0,0,0,0,0,0,0,0,0.0,0.0,0,0,45,109,0,0,0,0,250,251,250,250,250,6000,24.0,0.9933774834437086,1.0264900662251655,1.0264900662251655,1.0
Sequential,WAM depth=2,9,train_test,0.05,0.25,3,109,0.0,0.0,0.0,1.0,16568,16350,150.0,152.0,0.0,0.0,0,0,0,0,0,0,0,0,0,0.0,0.0,0,0,45,218,0,0,0,0,498,499,498,498,498,11952,24.0,0.9868421052631579,1.019736842105263,1.019736842105263,0.993421052631579
Sequential,WAM depth=3,9,train_test,0.05,0.25,3,109,0.0,0.0,0.0,1.0,16677,16350,150.0,153.0,0.0,0.0,0,0,0,0,0,0,0,0,0,0.0,0.0,0,0,45,327,0,0,0,0,744,745,744,744,744,17856,24.0,0.9803921568627451,1.0130718954248366,1.0130718954248366,0.9869281045751634
Sequential,WAM depth=4,9,train_test,0.05,0.25,3,109,0.0,0.0,0.0,1.0,16786,16350,150.0,154.0,0.0,0.0,0,0,0,0,0,0,0,0,0,0.0,0.0,0,0,45,436,0,0,0,0,988,989,988,988,988,23712,24.0,0.974025974025974,1.0064935064935066,1.0064935064935066,0.9805194805194806
Sequential,WAM depth=8,9,train_test,0.05,0.25,3,109,0.0,0.0,0.0,1.0,17222,16350,150.0,158.0,0.0,0.0,0,0,0,0,0,0,0,0,0,0.0,0.0,0,0,45,872,0,0,0,0,1944,1945,1944,1944,1944,46656,24.0,0.9493670886075949,0.9810126582278481,0.9810126582278481,0.9556962025316456
Stride,None,9,train_test,0.05,0.25,3,109,0.0,0.0,0.0,1.0,16350,16350,150.0,150.0,0.0,0.0,0,0,0,0,0,0,0,0,0,0.0,0.0,0,0,45,0,0,0,0,0,0,0,0,0,0,0,0.0,1.0,1.0133333333333334,1.0333333333333334,1.0066666666666666
Stride,NextLine,9,train_test,0.05,0.25,3,109,0.0,0.0,0.0,1.0,16568,16350,150.0,152.0,0.0,0.0,109,109,109,108,0,0,0,109,0,0.0,0.0,872,0,77,109,0,109,0,-33,0,0,0,0,0,0,0.0,0.9868421052631579,1.0,1.019736842105263,0.993421052631579
Stride,Stride,9,train_test,0.05,0.25,3,109,1.0,0.0,0.0,0.0,16895,436,4.0,155.0,1.0,1.0,109,109,109,109,0,109,109,0,0,1.0,1.0,872,0,45,109,0,109,0,0,1,1,1,1,0,16,16.0,0.967741935483871,0.9806451612903225,1.0,0.9741935483870968
Stride,Markov-1,9,train_test,0.05,0.25,3,109,0.0,0.0,0.0,1.0,16459,16350,150.0,151.0,0.0,0.0,0,0,0,0,0,0,0,0,0,0.0,0.0,0,0,45,109,0,0,0,0,250,250,250,250,250,6000,24.0,0.9933774834437086,1.0066225165562914,1.0264900662251655,1.0
Stride,WAM depth=1,9,train_test,0.05,0.25,3,109,0.0,0.0,0.0,1.0,16459,16350,150.0,151.0,0.0,0.0,0,0,0,0,0,0,0,0,0,0.0,0.0,0,0,45,109,0,0,0,0,250,251,250,250,250,6000,24.0,0.9933774834437086,1.0066225165562914,1.0264900662251655,1.0
Stride,WAM depth=2,9,train_test,0.05,0.25,3,109,0.0,0.0,0.0,1.0,16568,16350,150.0,152.0,0.0,0.0,0,0,0,0,0,0,0,0,0,0.0,0.0,0,0,45,218,0,0,0,0,498,499,498,498,498,11952,24.0,0.9868421052631579,1.0,1.019736842105263,0.993421052631579
Stride,WAM depth=3,9,train_test,0.05,0.25,3,109,0.0,0.0,0.0,1.0,16677,16350,150.0,153.0,0.0,0.0,0,0,0,0,0,0,0,0,0,0.0,0.0,0,0,45,327,0,0,0,0,744,745,744,744,744,17856,24.0,0.9803921568627451,0.9934640522875817,1.0130718954248366,0.9869281045751634
Stride,WAM depth=4,9,train_test,0.05,0.25,3,109,0.0,0.0,0.0,1.0,16786,16350,150.0,154.0,0.0,0.0,0,0,0,0,0,0,0,0,0,0.0,0.0,0,0,45,436,0,0,0,0,988,989,988,988,988,23712,24.0,0.974025974025974,0.987012987012987,1.0064935064935066,0.9805194805194806
Stride,WAM depth=8,9,train_test,0.05,0.25,3,109,0.0,0.0,0.0,1.0,17222,16350,150.0,158.0,0.0,0.0,0,0,0,0,0,0,0,0,0,0.0,0.0,0,0,45,872,0,0,0,0,1944,1945,1944,1944,1944,46656,24.0,0.9493670886075949,0.9620253164556962,0.9810126582278481,0.9556962025316456
Repeating,None,9,train_test,0.05,0.25,3,109,0.963302752293578,0.0,0.0,0.03669724770642202,1020,1020,9.357798165137615,9.357798165137615,0.0,0.0,0,0,0,0,0,0,0,0,0,0.0,0.0,0,0,0,0,0,0,0,0,0,0,0,0,0,0,0.0,1.0,1.119607843137255,1.119607843137255,1.1225490196078431
Repeating,NextLine,9,train_test,0.05,0.25,3,109,0.9908256880733946,0.0,0.0,0.009174311926605505,1142,582,5.339449541284404,10.477064220183486,0.7522935779816514,0.7522935779816514,109,109,4,4,0,3,3,1,105,0.75,0.75,32,0,0,109,0,4,0,-1,0,0,0,0,0,0,0.0,0.8931698774080561,1.0,1.0,1.0026269702276707
Repeating,Stride,9,train_test,0.05,0.25,3,109,0.9908256880733946,0.0,0.0,0.009174311926605505,1142,582,5.339449541284404,10.477064220183486,0.7522935779816514,0.7522935779816514,109,109,4,4,0,3,3,1,105,0.75,0.75,32,0,0,109,0,4,0,-1,1,1,1,1,0,16,16.0,0.8931698774080561,1.0,1.0,1.0026269702276707
Repeating,Markov-1,9,train_test,0.05,0.25,3,109,1.0,0.0,0.0,0.0,1145,436,4.0,10.504587155963304,1.0,1.0,109,109,4,4,0,4,4,0,105,1.0,1.0,32,0,0,109,0,4,0,0,4,4,4,4,4,96,24.0,0.8908296943231441,0.9973799126637555,0.9973799126637555,1.0
Repeating,WAM depth=1,9,train_test,0.05,0.25,3,109,1.0,0.0,0.0,0.0,1145,436,4.0,10.504587155963304,1.0,1.0,109,109,4,4,0,4,4,0,105,1.0,1.0,32,0,0,109,0,4,0,0,4,5,4,4,4,96,24.0,0.8908296943231441,0.9973799126637555,0.9973799126637555,1.0
Repeating,WAM depth=2,9,train_test,0.05,0.25,3,109,1.0,0.0,0.0,0.0,1254,436,4.0,11.504587155963304,1.0,1.0,109,109,4,4,0,4,4,0,105,1.0,1.0,32,0,0,218,0,4,0,0,8,9,8,8,8,192,24.0,0.8133971291866029,0.9106858054226475,0.9106858054226475,0.9130781499202552
Repeating,WAM depth=3,9,train_test,0.05,0.25,3,109,1.0,0.0,0.0,0.0,1363,436,4.0,12.504587155963304,1.0,1.0,109,109,4,4,0,4,4,0,105,1.0,1.0,32,0,0,327,0,4,0,0,12,13,12,12,12,288,24.0,0.7483492296404989,0.8378576669112252,0.8378576669112252,0.8400586940572267
Repeating,WAM depth=4,9,train_test,0.05,0.25,3,109,1.0,0.0,0.0,0.0,1472,436,4.0,13.504587155963304,1.0,1.0,109,109,4,4,0,4,4,0,105,1.0,1.0,32,0,0,436,0,4,0,0,16,17,16,16,16,384,24.0,0.6929347826086957,0.7758152173913043,0.7758152173913043,0.7778532608695652
Repeating,WAM depth=8,9,train_test,0.05,0.25,3,109,1.0,0.0,0.0,0.0,1908,436,4.0,17.504587155963304,1.0,1.0,109,109,4,4,0,4,4,0,105,1.0,1.0,32,0,0,872,0,4,0,0,32,33,32,32,32,768,24.0,0.5345911949685535,0.5985324947589099,0.5985324947589099,0.600104821802935
Contextual,None,9,train_test,0.05,0.25,3,109,0.9541284403669725,0.0,0.0,0.045871559633027525,1166,1166,10.697247706422019,10.697247706422019,0.0,0.0,0,0,0,0,0,0,0,0,0,0.0,0.0,0,0,0,0,0,0,0,0,0,0,0,0,0,0,0.0,1.0,0.9742710120068611,1.0934819897084047,0.9828473413379074
Contextual,NextLine,9,train_test,0.05,0.25,3,109,0.9724770642201835,0.0,0.0,0.027522935779816515,1136,874,8.01834862385321,10.422018348623853,0.1651376146788991,0.1651376146788991,109,109,4,4,0,2,1,2,105,0.5,0.4,32,0,0,109,0,4,146,144,0,0,0,0,0,0,0.0,1.0264084507042253,1.0,1.1223591549295775,1.0088028169014085
Contextual,Stride,9,train_test,0.05,0.25,3,109,0.9541284403669725,0.0,0.0,0.045871559633027525,1275,1166,10.697247706422019,11.697247706422019,0.0,0.0,0,0,0,0,0,0,0,0,0,0.0,0.0,0,0,0,109,0,0,0,0,1,1,1,1,0,16,16.0,0.9145098039215687,0.8909803921568628,1.0,0.8988235294117647
Contextual,Markov-1,9,train_test,0.05,0.25,3,109,1.0,0.0,0.0,0.0,1146,436,4.0,10.513761467889909,0.8256880733944955,1.0,109,146,5,5,0,5,4,0,141,1.0,1.0,40,0,0,109,0,5,146,146,6,5,6,6,6,144,24.0,1.0174520069808028,0.9912739965095986,1.112565445026178,1.0
Contextual,WAM depth=1,9,train_test,0.05,0.25,3,109,1.0,0.0,0.0,0.0,1146,436,4.0,10.513761467889909,0.8256880733944955,1.0,109,146,5,5,0,5,4,0,141,1.0,1.0,40,0,0,109,0,5,146,146,5,6,5,5,5,120,24.0,1.0174520069808028,0.9912739965095986,1.112565445026178,1.0
Contextual,WAM depth=2,9,train_test,0.05,0.25,3,109,1.0,0.0,0.0,0.0,1404,436,4.0,12.880733944954128,1.0,1.0,109,109,5,5,0,5,5,0,104,1.0,1.0,40,0,0,218,0,5,0,0,11,12,11,11,11,264,24.0,0.8304843304843305,0.8091168091168092,0.9081196581196581,0.8162393162393162
Contextual,WAM depth=3,9,train_test,0.05,0.25,3,109,1.0,0.0,0.0,0.0,1513,436,4.0,13.880733944954128,1.0,1.0,109,109,5,5,0,5,5,0,104,1.0,1.0,40,0,0,327,0,5,0,0,17,18,17,17,17,408,24.0,0.7706543291473893,0.7508261731658956,0.8426966292134831,0.7574355584930601
Contextual,WAM depth=4,9,train_test,0.05,0.25,3,109,1.0,0.0,0.0,0.0,1622,436,4.0,14.880733944954128,1.0,1.0,109,109,5,5,0,5,5,0,104,1.0,1.0,40,0,0,436,0,5,0,0,23,24,23,23,23,552,24.0,0.718865598027127,0.7003699136868065,0.7860665844636252,0.7065351418002466
Contextual,WAM depth=8,9,train_test,0.05,0.25,3,109,1.0,0.0,0.0,0.0,2058,436,4.0,18.880733944954127,1.0,1.0,109,109,5,5,0,5,5,0,104,1.0,1.0,40,0,0,872,0,5,0,0,47,48,47,47,47,1128,24.0,0.5665694849368319,0.5519922254616132,0.619533527696793,0.5568513119533528
LongerDependency,None,9,train_test,0.05,0.25,3,109,0.9357798165137615,0.0,0.0,0.06422018348623854,1458,1458,13.376146788990825,13.376146788990825,0.0,0.0,0,0,0,0,0,0,0,0,0,0.0,0.0,0,0,0,0,0,0,0,0,0,0,0,0,0,0,0.0,1.0,0.9732510288065843,1.0747599451303156,0.9910836762688614
LongerDependency,NextLine,9,train_test,0.05,0.25,3,109,0.981651376146789,0.0,0.0,0.01834862385321101,1419,728,6.678899082568807,13.01834862385321,0.5045871559633027,0.5045871559633027,109,109,7,7,0,5,4,2,102,0.7142857142857143,0.7142857142857143,56,0,0,109,0,7,164,162,0,0,0,0,0,0,0.0,1.0274841437632136,1.0,1.1042988019732205,1.018322762508809
LongerDependency,Stride,9,train_test,0.05,0.25,3,109,0.9357798165137615,0.0,0.0,0.06422018348623854,1567,1458,13.376146788990825,14.376146788990825,0.0,0.0,0,0,0,0,0,0,0,0,0,0.0,0.0,0,0,0,109,0,0,0,0,1,1,1,1,0,16,16.0,0.9304403318442884,0.9055520102105935,1.0,0.9221442246330568
LongerDependency,Markov-1,9,train_test,0.05,0.25,3,109,1.0,0.0,0.0,0.0,1445,436,4.0,13.256880733944953,0.8990825688073395,1.0,109,131,7,7,0,7,6,0,124,1.0,1.0,56,0,0,109,0,7,146,146,8,7,8,8,8,192,24.0,1.0089965397923875,0.9820069204152249,1.0844290657439446,1.0
LongerDependency,WAM depth=1,9,train_test,0.05,0.25,3,109,1.0,0.0,0.0,0.0,1445,436,4.0,13.256880733944953,0.8990825688073395,1.0,109,131,7,7,0,7,6,0,124,1.0,1.0,56,0,0,109,0,7,146,146,7,8,7,7,7,168,24.0,1.0089965397923875,0.9820069204152249,1.0844290657439446,1.0
LongerDependency,WAM depth=2,9,train_test,0.05,0.25,3,109,1.0,0.0,0.0,0.0,1554,436,4.0,14.256880733944953,0.8990825688073395,1.0,109,131,7,7,0,7,6,0,124,1.0,1.0,56,0,0,218,0,7,146,146,15,16,15,15,15,360,24.0,0.9382239382239382,0.9131274131274131,1.0083655083655083,0.9298584298584298
LongerDependency,WAM depth=3,9,train_test,0.05,0.25,3,109,1.0,0.0,0.0,0.0,1663,436,4.0,15.256880733944953,0.8990825688073395,1.0,109,131,7,7,0,7,6,0,124,1.0,1.0,56,0,0,327,0,7,146,146,24,25,24,24,24,576,24.0,0.8767288033674083,0.8532772098616958,0.9422730006013229,0.8689116055321707
LongerDependency,WAM depth=4,9,train_test,0.05,0.25,3,109,1.0,0.0,0.0,0.0,1922,436,4.0,17.63302752293578,1.0,1.0,109,109,7,7,0,7,7,0,102,1.0,1.0,56,0,0,436,0,7,0,0,34,35,34,34,34,816,24.0,0.7585848074921956,0.7382934443288242,0.8152965660770031,0.7518210197710719
LongerDependency,WAM depth=8,9,train_test,0.05,0.25,3,109,1.0,0.0,0.0,0.0,2358,436,4.0,21.63302752293578,1.0,1.0,109,109,7,7,0,7,7,0,102,1.0,1.0,56,0,0,872,0,7,0,0,74,75,74,74,74,1776,24.0,0.6183206106870229,0.6017811704834606,0.6645462256149279,0.6128074639525021
Probabilistic,None,9,train_test,0.05,0.25,3,109,0.963302752293578,0.0,0.0,0.03669724770642202,1020,1020,9.357798165137615,9.357798165137615,0.0,0.0,0,0,0,0,0,0,0,0,0,0.0,0.0,0,0,0,0,0,0,0,0,0,0,0,0,0,0,0.0,1.0,0.9696078431372549,1.1068627450980393,0.9764705882352941
Probabilistic,NextLine,9,train_test,0.05,0.25,3,109,0.981651376146789,0.0,0.0,0.01834862385321101,989,728,6.678899082568807,9.073394495412844,0.5779816513761468,0.5779816513761468,109,109,3,3,0,2,1,1,106,0.6666666666666666,0.5,24,0,0,109,0,3,146,145,0,0,0,0,0,0,0.0,1.031344792719919,1.0,1.1415571284125379,1.0070778564206269
Probabilistic,Stride,9,train_test,0.05,0.25,3,109,0.963302752293578,0.0,0.0,0.03669724770642202,1129,1020,9.357798165137615,10.357798165137615,0.0,0.0,0,0,0,0,0,0,0,0,0,0.0,0.0,0,0,0,109,0,0,0,0,1,1,1,1,0,16,16.0,0.9034543844109831,0.8759964570416298,1.0,0.8821966341895483
Probabilistic,Markov-1,9,train_test,0.05,0.25,3,109,1.0,0.0,0.0,0.0,996,436,4.0,9.137614678899082,0.908256880733945,1.0,109,146,4,4,0,4,3,0,142,1.0,1.0,32,0,0,109,0,4,146,146,5,4,5,5,5,120,24.0,1.0240963855421688,0.9929718875502008,1.1335341365461848,1.0
Probabilistic,WAM depth=1,9,train_test,0.05,0.25,3,109,1.0,0.0,0.0,0.0,996,436,4.0,9.137614678899082,0.908256880733945,1.0,109,146,4,4,0,4,3,0,142,1.0,1.0,32,0,0,109,0,4,146,146,4,5,4,4,4,96,24.0,1.0240963855421688,0.9929718875502008,1.1335341365461848,1.0
Probabilistic,WAM depth=2,9,train_test,0.05,0.25,3,109,1.0,0.0,0.0,0.0,1105,436,4.0,10.137614678899082,0.908256880733945,1.0,109,146,4,4,0,4,3,0,142,1.0,1.0,32,0,0,218,0,4,146,146,9,10,9,9,9,216,24.0,0.9230769230769231,0.8950226244343892,1.0217194570135746,0.9013574660633484
Probabilistic,WAM depth=3,9,train_test,0.05,0.25,3,109,1.0,0.0,0.0,0.0,1214,436,4.0,11.137614678899082,0.908256880733945,1.0,109,146,4,4,0,4,3,0,142,1.0,1.0,32,0,0,327,0,4,146,146,15,16,15,15,15,360,24.0,0.8401976935749588,0.814662273476112,0.9299835255354201,0.8204283360790774
Probabilistic,WAM depth=4,9,train_test,0.05,0.25,3,109,1.0,0.0,0.0,0.0,1323,436,4.0,12.137614678899082,0.908256880733945,1.0,109,146,4,4,0,4,3,0,142,1.0,1.0,32,0,0,436,0,4,146,146,23,24,23,23,23,552,24.0,0.7709750566893424,0.7475434618291761,0.8533635676492819,0.7528344671201814
Probabilistic,WAM depth=8,9,train_test,0.05,0.25,3,109,1.0,0.0,0.0,0.0,1759,436,4.0,16.137614678899084,0.908256880733945,1.0,109,145,4,4,0,4,3,0,141,1.0,1.0,32,0,0,872,0,4,146,146,78,79,78,78,78,1872,24.0,0.579874928936896,0.5622512791358727,0.641841955656623,0.5662308129619101
PhaseChanging,None,9,train_test,0.05,0.25,3,109,0.9724770642201835,0.0,0.0,0.027522935779816515,874,874,8.01834862385321,8.01834862385321,0.0,0.0,0,0,0,0,0,0,0,0,0,0.0,0.0,0,0,0,0,0,0,0,0,0,0,0,0,0,0,0.0,1.0,1.131578947368421,1.1247139588100687,1.139588100686499
PhaseChanging,NextLine,9,train_test,0.05,0.25,3,109,0.981651376146789,0.0,0.0,0.01834862385321101,989,728,6.678899082568807,9.073394495412844,0.3394495412844037,0.3394495412844037,109,109,3,3,0,1,1,2,106,0.3333333333333333,0.3333333333333333,24,0,0,109,0,3,0,-2,0,0,0,0,0,0,0.0,0.8837209302325582,1.0,0.993933265925177,1.0070778564206269
PhaseChanging,Stride,9,train_test,0.05,0.25,3,109,0.9724770642201835,0.0,0.0,0.027522935779816515,983,874,8.01834862385321,9.01834862385321,0.0,0.0,0,0,0,0,0,0,0,0,0,0.0,0.0,0,0,0,109,0,0,0,0,1,1,1,1,0,16,16.0,0.8891149542217701,1.0061037639877926,1.0,1.0132248219735505
PhaseChanging,Markov-1,9,train_test,0.05,0.25,3,109,1.0,0.0,0.0,0.0,996,436,4.0,9.137614678899082,0.6697247706422018,1.0,109,145,4,4,0,3,3,1,141,0.75,1.0,32,0,0,109,0,4,0,-1,6,5,6,6,6,144,24.0,0.8775100401606426,0.9929718875502008,0.9869477911646586,1.0
PhaseChanging,WAM depth=1,9,train_test,0.05,0.25,3,109,1.0,0.0,0.0,0.0,996,436,4.0,9.137614678899082,0.6697247706422018,1.0,109,145,4,4,0,3,3,1,141,0.75,1.0,32,0,0,109,0,4,0,-1,5,6,5,5,5,120,24.0,0.8775100401606426,0.9929718875502008,0.9869477911646586,1.0
PhaseChanging,WAM depth=2,9,train_test,0.05,0.25,3,109,1.0,0.0,0.0,0.0,1104,436,4.0,10.128440366972477,1.0,1.0,109,109,3,3,0,3,3,0,106,1.0,1.0,24,0,0,218,0,3,0,0,11,12,11,11,11,264,24.0,0.7916666666666666,0.8958333333333334,0.8903985507246377,0.9021739130434783
PhaseChanging,WAM depth=3,9,train_test,0.05,0.25,3,109,1.0,0.0,0.0,0.0,1213,436,4.0,11.128440366972477,1.0,1.0,109,109,3,3,0,3,3,0,106,1.0,1.0,24,0,0,327,0,3,0,0,18,19,18,18,18,432,24.0,0.720527617477329,0.8153338829348722,0.8103874690849134,0.8211046990931574
PhaseChanging,WAM depth=4,9,train_test,0.05,0.25,3,109,1.0,0.0,0.0,0.0,1322,436,4.0,12.128440366972477,1.0,1.0,109,109,3,3,0,3,3,0,106,1.0,1.0,24,0,0,436,0,3,0,0,26,27,26,26,26,624,24.0,0.6611195158850227,0.7481089258698941,0.74357034795764,0.7534039334341907
PhaseChanging,WAM depth=8,9,train_test,0.05,0.25,3,109,1.0,0.0,0.0,0.0,1758,436,4.0,16.128440366972477,1.0,1.0,109,109,3,3,0,3,3,0,106,1.0,1.0,24,0,0,872,0,3,0,0,68,69,68,68,68,1632,24.0,0.49715585893060293,0.5625711035267349,0.5591581342434585,0.5665529010238908
Random,None,9,train_test,0.05,0.25,3,109,0.06422018348623854,0.0,0.0,0.9357798165137615,15328,15328,140.62385321100916,140.62385321100916,0.0,0.0,0,0,0,0,0,0,0,0,0,0.0,0.0,0,0,38,0,0,0,0,0,0,0,0,0,0,0,0.0,1.0,0.9945850730688935,1.0071111691022965,1.0085464509394573
Random,NextLine,9,train_test,0.05,0.25,3,109,0.08256880733944955,0.0,0.0,0.9174311926605505,15245,15036,137.94495412844037,139.86238532110093,0.0,0.0,109,109,100,99,0,2,0,98,9,0.02,0.0196078431372549,800,2,70,109,0,100,292,259,0,0,0,0,0,0,0.0,1.005444408002624,1.0,1.012594293210889,1.0140373893079697
Random,Stride,9,train_test,0.05,0.25,3,109,0.06422018348623854,0.0,0.0,0.9357798165137615,15437,15328,140.62385321100916,141.62385321100916,0.0,0.0,0,0,0,0,0,0,0,0,0,0.0,0.0,0,0,38,109,0,0,0,0,1,1,1,1,0,16,16.0,0.9929390425600829,0.9875623501975772,1.0,1.0014251473731943
Random,Markov-1,9,train_test,0.05,0.25,3,109,0.06422018348623854,0.0,0.0,0.9357798165137615,15459,15328,140.62385321100916,141.8256880733945,0.0,0.0,20,25,22,22,0,0,0,22,3,0.0,0.0,176,0,49,109,0,22,0,-11,250,215,250,250,250,6000,24.0,0.9915259719257391,0.9861569312374668,0.9985768807814218,1.0
Random,WAM depth=1,9,train_test,0.05,0.25,3,109,0.06422018348623854,0.0,0.0,0.9357798165137615,15459,15328,140.62385321100916,141.8256880733945,0.0,0.0,20,25,22,22,0,0,0,22,3,0.0,0.0,176,0,49,109,0,22,0,-11,215,216,215,215,215,5160,24.0,0.9915259719257391,0.9861569312374668,0.9985768807814218,1.0
Random,WAM depth=2,9,train_test,0.05,0.25,3,109,0.06422018348623854,0.0,0.0,0.9357798165137615,15547,15328,140.62385321100916,142.63302752293578,0.0,0.0,1,1,1,1,0,0,0,1,0,0.0,0.0,8,0,39,218,0,1,0,-1,464,465,464,464,464,11136,24.0,0.9859136810960314,0.9805750305525182,0.9929246800025728,0.9943397440020583
Random,WAM depth=3,9,train_test,0.05,0.25,3,109,0.06422018348623854,0.0,0.0,0.9357798165137615,15656,15328,140.62385321100916,143.63302752293578,0.0,0.0,1,1,1,1,0,0,0,1,0,0.0,0.0,8,0,39,327,0,1,0,-1,710,711,710,710,710,17040,24.0,0.9790495656617272,0.9737480838017374,0.9860117526826776,0.987416964741952
Random,WAM depth=4,9,train_test,0.05,0.25,3,109,0.06422018348623854,0.0,0.0,0.9357798165137615,15765,15328,140.62385321100916,144.63302752293578,0.0,0.0,1,1,1,1,0,0,0,1,0,0.0,0.0,8,0,39,436,0,1,0,-1,954,955,954,954,954,22896,24.0,0.9722803679035839,0.9670155407548366,0.9791944180145893,0.9805899143672693
Random,WAM depth=8,9,train_test,0.05,0.25,3,109,0.06422018348623854,0.0,0.0,0.9357798165137615,16201,15328,140.62385321100916,148.63302752293578,0.0,0.0,1,1,1,1,0,0,0,1,0,0.0,0.0,8,0,39,872,0,1,0,-1,1911,1912,1911,1911,1911,45864,24.0,0.9461144373804086,0.9409912968335288,0.9528424171347448,0.9542003580025924
