workload,predictor,trial,mode,threshold,alpha,top_k,total_accesses,l1_hit_rate,l2_hit_rate,l3_hit_rate,dram_access_rate,total_cycles,raw_memory_cycles,average_memory_latency,average_access_latency,top1_accuracy,topk_accuracy,prediction_attempts,prefetch_requests,prefetches_issued,prefetches_completed,dropped_prefetches,useful_prefetches,late_prefetches,unused_prefetches,duplicate_prefetches,prefetch_precision,prefetch_coverage,bandwidth_bytes,pollution_misses,cache_evictions_caused_by_prefetching,predictor_lookup_overhead,predictor_update_overhead,prefetch_overhead,latency_saved_by_useful_prefetches,net_latency_benefit,context_reuse_ratio,fallback_count,unseen_context_count,mean_context_observations,mean_context_entropy,entries,nodes,edges,counters,weights,estimated_bytes,bytes_per_transition,speedup_over_none,speedup_over_nextline,speedup_over_stride,speedup_over_markov
Sequential,None,0,train_test,0.05,0.25,3,109,0.0,0.0,0.0,1.0,16350,16350,150.0,150.0,0.0,0.0,0,0,0,0,0,0,0,0,0,0.0,0.0,0,0,45,0,0,0,0,0,0.0,0,0,0.0,0.0,0,0,0,0,0,0,0.0,1.0,1.0333333333333334,1.0333333333333334,1.0066666666666666
Sequential,NextLine,0,train_test,0.05,0.25,3,109,1.0,0.0,0.0,0.0,16895,436,4.0,155.0,1.0,1.0,109,109,109,109,0,109,109,0,0,1.0,1.0,872,0,45,109,0,109,0,0,0.0,0,109,0.0,0.0,0,0,0,0,0,0,0.0,0.967741935483871,1.0,1.0,0.9741935483870968
Sequential,Stride,0,train_test,0.05,0.25,3,109,1.0,0.0,0.0,0.0,16895,436,4.0,155.0,1.0,1.0,109,109,109,109,0,109,109,0,0,1.0,1.0,872,0,45,109,0,109,0,0,0.0,0,109,0.0,0.0,1,1,1,1,0,16,16.0,0.967741935483871,1.0,1.0,0.9741935483870968
Sequential,Markov-1,0,train_test,0.05,0.25,3,109,0.0,0.0,0.0,1.0,16459,16350,150.0,151.0,0.0,0.0,0,0,0,0,0,0,0,0,0,0.0,0.0,0,0,45,109,0,0,0,0,0.0,0,109,0.0,0.0,250,250,250,250,250,6000,24.0,0.9933774834437086,1.0264900662251655,1.0264900662251655,1.0
Sequential,WAM depth=1,0,train_test,0.05,0.25,3,109,0.0,0.0,0.0,1.0,16459,16350,150.0,151.0,0.0,0.0,0,0,0,0,0,0,0,0,0,0.0,0.0,0,0,45,109,0,0,0,0,0.0,0,109,0.0,0.0,250,251,250,250,250,6000,24.0,0.9933774834437086,1.0264900662251655,1.0264900662251655,1.0
Sequential,WAM depth=2,0,train_test,0.05,0.25,3,109,0.0,0.0,0.0,1.0,16568,16350,150.0,152.0,0.0,0.0,0,0,0,0,0,0,0,0,0,0.0,0.0,0,0,45,218,0,0,0,0,0.0,0,109,0.0,0.0,499,500,499,499,499,11976,24.0,0.9868421052631579,1.019736842105263,1.019736842105263,0.993421052631579
Sequential,WAM depth=3,0,train_test,0.05,0.25,3,109,0.0,0.0,0.0,1.0,16677,16350,150.0,153.0,0.0,0.0,0,0,0,0,0,0,0,0,0,0.0,0.0,0,0,45,327,0,0,0,0,0.0,0,109,0.0,0.0,747,748,747,747,747,17928,24.0,0.9803921568627451,1.0130718954248366,1.0130718954248366,0.9869281045751634
Sequential,WAM depth=4,0,train_test,0.05,0.25,3,109,0.0,0.0,0.0,1.0,16786,16350,150.0,154.0,0.0,0.0,0,0,0,0,0,0,0,0,0,0.0,0.0,0,0,45,436,0,0,0,0,0.0,0,109,0.0,0.0,994,995,994,994,994,23856,24.0,0.974025974025974,1.0064935064935066,1.0064935064935066,0.9805194805194806
Sequential,WAM depth=8,0,train_test,0.05,0.25,3,109,0.0,0.0,0.0,1.0,17222,16350,150.0,158.0,0.0,0.0,0,0,0,0,0,0,0,0,0,0.0,0.0,0,0,45,872,0,0,0,0,0.0,0,109,0.0,0.0,1972,1973,1972,1972,1972,47328,24.0,0.9493670886075949,0.9810126582278481,0.9810126582278481,0.9556962025316456
Stride,None,0,train_test,0.05,0.25,3,109,0.0,0.0,0.0,1.0,16350,16350,150.0,150.0,0.0,0.0,0,0,0,0,0,0,0,0,0,0.0,0.0,0,0,45,0,0,0,0,0,0.0,0,0,0.0,0.0,0,0,0,0,0,0,0.0,1.0,1.0133333333333334,1.0333333333333334,1.0066666666666666
Stride,NextLine,0,train_test,0.05,0.25,3,109,0.0,0.0,0.0,1.0,16568,16350,150.0,152.0,0.0,0.0,109,109,109,108,0,0,0,109,0,0.0,0.0,872,0,77,109,0,109,0,-33,0.0,0,109,0.0,0.0,0,0,0,0,0,0,0.0,0.9868421052631579,1.0,1.019736842105263,0.993421052631579
Stride,Stride,0,train_test,0.05,0.25,3,109,1.0,0.0,0.0,0.0,16895,436,4.0,155.0,1.0,1.0,109,109,109,109,0,109,109,0,0,1.0,1.0,872,0,45,109,0,109,0,0,0.0,0,109,0.0,0.0,1,1,1,1,0,16,16.0,0.967741935483871,0.9806451612903225,1.0,0.9741935483870968
Stride,Markov-1,0,train_test,0.05,0.25,3,109,0.0,0.0,0.0,1.0,16459,16350,150.0,151.0,0.0,0.0,0,0,0,0,0,0,0,0,0,0.0,0.0,0,0,45,109,0,0,0,0,0.0,0,109,0.0,0.0,250,250,250,250,250,6000,24.0,0.9933774834437086,1.0066225165562914,1.0264900662251655,1.0
Stride,WAM depth=1,0,train_test,0.05,0.25,3,109,0.0,0.0,0.0,1.0,16459,16350,150.0,151.0,0.0,0.0,0,0,0,0,0,0,0,0,0,0.0,0.0,0,0,45,109,0,0,0,0,0.0,0,109,0.0,0.0,250,251,250,250,250,6000,24.0,0.9933774834437086,1.0066225165562914,1.0264900662251655,1.0
Stride,WAM depth=2,0,train_test,0.05,0.25,3,109,0.0,0.0,0.0,1.0,16568,16350,150.0,152.0,0.0,0.0,0,0,0,0,0,0,0,0,0,0.0,0.0,0,0,45,218,0,0,0,0,0.0,0,109,0.0,0.0,499,500,499,499,499,11976,24.0,0.9868421052631579,1.0,1.019736842105263,0.993421052631579
Stride,WAM depth=3,0,train_test,0.05,0.25,3,109,0.0,0.0,0.0,1.0,16677,16350,150.0,153.0,0.0,0.0,0,0,0,0,0,0,0,0,0,0.0,0.0,0,0,45,327,0,0,0,0,0.0,0,109,0.0,0.0,747,748,747,747,747,17928,24.0,0.9803921568627451,0.9934640522875817,1.0130718954248366,0.9869281045751634
Stride,WAM depth=4,0,train_test,0.05,0.25,3,109,0.0,0.0,0.0,1.0,16786,16350,150.0,154.0,0.0,0.0,0,0,0,0,0,0,0,0,0,0.0,0.0,0,0,45,436,0,0,0,0,0.0,0,109,0.0,0.0,994,995,994,994,994,23856,24.0,0.974025974025974,0.987012987012987,1.0064935064935066,0.9805194805194806
Stride,WAM depth=8,0,train_test,0.05,0.25,3,109,0.0,0.0,0.0,1.0,17222,16350,150.0,158.0,0.0,0.0,0,0,0,0,0,0,0,0,0,0.0,0.0,0,0,45,872,0,0,0,0,0.0,0,109,0.0,0.0,1972,1973,1972,1972,1972,47328,24.0,0.9493670886075949,0.9620253164556962,0.9810126582278481,0.9556962025316456
Repeating,None,0,train_test,0.05,0.25,3,109,0.963302752293578,0.0,0.0,0.03669724770642202,1020,1020,9.357798165137615,9.357798165137615,0.0,0.0,0,0,0,0,0,0,0,0,0,0.0,0.0,0,0,0,0,0,0,0,0,0.0,0,0,0.0,0.0,0,0,0,0,0,0,0.0,1.0,1.119607843137255,1.119607843137255,1.1225490196078431
Repeating,NextLine,0,train_test,0.05,0.25,3,109,0.9908256880733946,0.0,0.0,0.009174311926605505,1142,582,5.339449541284404,10.477064220183486,0.7522935779816514,0.7522935779816514,109,109,4,4,0,3,3,1,105,0.75,0.75,32,0,0,109,0,4,0,-1,0.0,0,109,0.0,0.0,0,0,0,0,0,0,0.0,0.8931698774080561,1.0,1.0,1.0026269702276707
Repeating,Stride,0,train_test,0.05,0.25,3,109,0.9908256880733946,0.0,0.0,0.009174311926605505,1142,582,5.339449541284404,10.477064220183486,0.7522935779816514,0.7522935779816514,109,109,4,4,0,3,3,1,105,0.75,0.75,32,0,0,109,0,4,0,-1,0.0,0,109,0.0,0.0,1,1,1,1,0,16,16.0,0.8931698774080561,1.0,1.0,1.0026269702276707
Repeating,Markov-1,0,train_test,0.05,0.25,3,109,1.0,0.0,0.0,0.0,1145,436,4.0,10.504587155963304,1.0,1.0,109,109,4,4,0,4,4,0,105,1.0,1.0,32,0,0,109,0,4,0,0,0.0,0,109,0.0,0.0,4,4,4,4,4,96,24.0,0.8908296943231441,0.9973799126637555,0.9973799126637555,1.0
Repeating,WAM depth=1,0,train_test,0.05,0.25,3,109,1.0,0.0,0.0,0.0,1145,436,4.0,10.504587155963304,1.0,1.0,109,109,4,4,0,4,4,0,105,1.0,1.0,32,0,0,109,0,4,0,0,1.0,0,0,62.4954128440367,0.0,4,5,4,4,4,96,24.0,0.8908296943231441,0.9973799126637555,0.9973799126637555,1.0
Repeating,WAM depth=2,0,train_test,0.05,0.25,3,109,1.0,0.0,0.0,0.0,1254,436,4.0,11.504587155963304,1.0,1.0,109,109,4,4,0,4,4,0,105,1.0,1.0,32,0,0,218,0,4,0,0,1.0,0,0,62.24770642201835,0.0,8,9,8,8,8,192,24.0,0.8133971291866029,0.9106858054226475,0.9106858054226475,0.9130781499202552
Repeating,WAM depth=3,0,train_test,0.05,0.25,3,109,1.0,0.0,0.0,0.0,1363,436,4.0,12.504587155963304,1.0,1.0,109,109,4,4,0,4,4,0,105,1.0,1.0,32,0,0,327,0,4,0,0,1.0,0,0,62.0,0.0,12,13,12,12,12,288,24.0,0.7483492296404989,0.8378576669112252,0.8378576669112252,0.8400586940572267
Repeating,WAM depth=4,0,train_test,0.05,0.25,3,109,1.0,0.0,0.0,0.0,1472,436,4.0,13.504587155963304,1.0,1.0,109,109,4,4,0,4,4,0,105,1.0,1.0,32,0,0,436,0,4,0,0,1.0,0,0,61.74311926605505,0.0,16,17,16,16,16,384,24.0,0.6929347826086957,0.7758152173913043,0.7758152173913043,0.7778532608695652
Repeating,WAM depth=8,0,train_test,0.05,0.25,3,109,1.0,0.0,0.0,0.0,1908,436,4.0,17.504587155963304,1.0,1.0,109,109,4,4,0,4,4,0,105,1.0,1.0,32,0,0,872,0,4,0,0,1.0,0,0,60.74311926605505,0.0,32,33,32,32,32,768,24.0,0.5345911949685535,0.5985324947589099,0.5985324947589099,0.600104821802935
Contextual,None,0,train_test,0.05,0.25,3,109,0.9541284403669725,0.0,0.0,0.045871559633027525,1166,1166,10.697247706422019,10.697247706422019,0.0,0.0,0,0,0,0,0,0,0,0,0,0.0,0.0,0,0,0,0,0,0,0,0,0.0,0,0,0.0,0.0,0,0,0,0,0,0,0.0,1.0,0.9742710120068611,1.0934819897084047,0.9828473413379074
Contextual,NextLine,0,train_test,0.05,0.25,3,109,0.9724770642201835,0.0,0.0,0.027522935779816515,1136,874,8.01834862385321,10.422018348623853,0.1651376146788991,0.1651376146788991,109,109,4,4,0,2,1,2,105,0.5,0.4,32,0,0,109,0,4,146,144,0.0,0,109,0.0,0.0,0,0,0,0,0,0,0.0,1.0264084507042253,1.0,1.1223591549295775,1.0088028169014085
Contextual,Stride,0,train_test,0.05,0.25,3,109,0.9541284403669725,0.0,0.0,0.045871559633027525,1275,1166,10.697247706422019,11.697247706422019,0.0,0.0,0,0,0,0,0,0,0,0,0,0.0,0.0,0,0,0,109,0,0,0,0,0.0,0,109,0.0,0.0,1,1,1,1,0,16,16.0,0.9145098039215687,0.8909803921568628,1.0,0.8988235294117647
Contextual,Markov-1,0,train_test,0.05,0.25,3,109,1.0,0.0,0.0,0.0,1146,436,4.0,10.513761467889909,0.8256880733944955,1.0,109,146,5,5,0,5,4,0,141,1.0,1.0,40,0,0,109,0,5,146,146,0.0,0,109,0.0,0.0,6,5,6,6,6,144,24.0,1.0174520069808028,0.9912739965095986,1.112565445026178,1.0
Contextual,WAM depth=1,0,train_test,0.05,0.25,3,109,1.0,0.0,0.0,0.0,1146,436,4.0,10.513761467889909,0.8256880733944955,1.0,109,146,5,5,0,5,4,0,141,1.0,1.0,40,0,0,109,0,5,146,146,1.0,0,0,55.75229357798165,0.3394139966466874,5,6,5,5,5,120,24.0,1.0174520069808028,0.9912739965095986,1.112565445026178,1.0
Contextual,WAM depth=2,0,train_test,0.05,0.25,3,109,1.0,0.0,0.0,0.0,1404,436,4.0,12.880733944954128,1.0,1.0,109,109,5,5,0,5,5,0,104,1.0,1.0,40,0,0,218,0,5,0,0,1.0,0,0,41.4954128440367,0.0,11,12,11,11,11,264,24.0,0.8304843304843305,0.8091168091168092,0.9081196581196581,0.8162393162393162
Contextual,WAM depth=3,0,train_test,0.05,0.25,3,109,1.0,0.0,0.0,0.0,1513,436,4.0,13.880733944954128,1.0,1.0,109,109,5,5,0,5,5,0,104,1.0,1.0,40,0,0,327,0,5,0,0,1.0,0,0,41.330275229357795,0.0,17,18,17,17,17,408,24.0,0.7706543291473893,0.7508261731658956,0.8426966292134831,0.7574355584930601
Contextual,WAM depth=4,0,train_test,0.05,0.25,3,109,1.0,0.0,0.0,0.0,1622,436,4.0,14.880733944954128,1.0,1.0,109,109,5,5,0,5,5,0,104,1.0,1.0,40,0,0,436,0,5,0,0,1.0,0,0,41.1651376146789,0.0,23,24,23,23,23,552,24.0,0.718865598027127,0.7003699136868065,0.7860665844636252,0.7065351418002466
Contextual,WAM depth=8,0,train_test,0.05,0.25,3,109,1.0,0.0,0.0,0.0,2058,436,4.0,18.880733944954127,1.0,1.0,109,109,5,5,0,5,5,0,104,1.0,1.0,40,0,0,872,0,5,0,0,1.0,0,0,40.4954128440367,0.0,47,48,47,47,47,1128,24.0,0.5665694849368319,0.5519922254616132,0.619533527696793,0.5568513119533528
LongerDependency,None,0,train_test,0.05,0.25,3,109,0.9357798165137615,0.0,0.0,0.06422018348623854,1458,1458,13.376146788990825,13.376146788990825,0.0,0.0,0,0,0,0,0,0,0,0,0,0.0,0.0,0,0,0,0,0,0,0,0,0.0,0,0,0.0,0.0,0,0,0,0,0,0,0.0,1.0,0.9732510288065843,1.0747599451303156,0.9910836762688614
LongerDependency,NextLine,0,train_test,0.05,0.25,3,109,0.981651376146789,0.0,0.0,0.01834862385321101,1419,728,6.678899082568807,13.01834862385321,0.5045871559633027,0.5045871559633027,109,109,7,7,0,5,4,2,102,0.7142857142857143,0.7142857142857143,56,0,0,109,0,7,164,162,0.0,0,109,0.0,0.0,0,0,0,0,0,0,0.0,1.0274841437632136,1.0,1.1042988019732205,1.018322762508809
LongerDependency,Stride,0,train_test,0.05,0.25,3,109,0.9357798165137615,0.0,0.0,0.06422018348623854,1567,1458,13.376146788990825,14.376146788990825,0.0,0.0,0,0,0,0,0,0,0,0,0,0.0,0.0,0,0,0,109,0,0,0,0,0.0,0,109,0.0,0.0,1,1,1,1,0,16,16.0,0.9304403318442884,0.9055520102105935,1.0,0.9221442246330568
LongerDependency,Markov-1,0,train_test,0.05,0.25,3,109,1.0,0.0,0.0,0.0,1445,436,4.0,13.256880733944953,0.8990825688073395,1.0,109,131,7,7,0,7,6,0,124,1.0,1.0,56,0,0,109,0,7,146,146,0.0,0,109,0.0,0.0,8,7,8,8,8,192,24.0,1.0089965397923875,0.9820069204152249,1.0844290657439446,1.0
LongerDependency,WAM depth=1,0,train_test,0.05,0.25,3,109,1.0,0.0,0.0,0.0,1445,436,4.0,13.256880733944953,0.8990825688073395,1.0,109,131,7,7,0,7,6,0,124,1.0,1.0,56,0,0,109,0,7,146,146,1.0,0,0,40.137614678899084,0.2018348623853211,7,8,7,7,7,168,24.0,1.0089965397923875,0.9820069204152249,1.0844290657439446,1.0
LongerDependency,WAM depth=2,0,train_test,0.05,0.25,3,109,1.0,0.0,0.0,0.0,1554,436,4.0,14.256880733944953,0.8990825688073395,1.0,109,131,7,7,0,7,6,0,124,1.0,1.0,56,0,0,218,0,7,146,146,1.0,0,0,34.99082568807339,0.2018348623853211,15,16,15,15,15,360,24.0,0.9382239382239382,0.9131274131274131,1.0083655083655083,0.9298584298584298
LongerDependency,WAM depth=3,0,train_test,0.05,0.25,3,109,1.0,0.0,0.0,0.0,1663,436,4.0,15.256880733944953,0.8990825688073395,1.0,109,131,7,7,0,7,6,0,124,1.0,1.0,56,0,0,327,0,7,146,146,1.0,0,0,29.844036697247706,0.2018348623853211,24,25,24,24,24,576,24.0,0.8767288033674083,0.8532772098616958,0.9422730006013229,0.8689116055321707
LongerDependency,WAM depth=4,0,train_test,0.05,0.25,3,109,1.0,0.0,0.0,0.0,1922,436,4.0,17.63302752293578,1.0,1.0,109,109,7,7,0,7,7,0,102,1.0,1.0,56,0,0,436,0,7,0,0,1.0,0,0,24.69724770642202,0.0,34,35,34,34,34,816,24.0,0.7585848074921956,0.7382934443288242,0.8152965660770031,0.7518210197710719
LongerDependency,WAM depth=8,0,train_test,0.05,0.25,3,109,1.0,0.0,0.0,0.0,2358,436,4.0,21.63302752293578,1.0,1.0,109,109,7,7,0,7,7,0,102,1.0,1.0,56,0,0,872,0,7,0,0,1.0,0,0,24.293577981651374,0.0,74,75,74,74,74,1776,24.0,0.6183206106870229,0.6017811704834606,0.6645462256149279,0.6128074639525021
Probabilistic,None,0,train_test,0.05,0.25,3,109,0.963302752293578,0.0,0.0,0.03669724770642202,1020,1020,9.357798165137615,9.357798165137615,0.0,0.0,0,0,0,0,0,0,0,0,0,0.0,0.0,0,0,0,0,0,0,0,0,0.0,0,0,0.0,0.0,0,0,0,0,0,0,0.0,1.0,0.9735294117647059,1.1068627450980393,0.9754901960784313
Probabilistic,NextLine,0,train_test,0.05,0.25,3,109,0.9908256880733946,0.0,0.0,0.009174311926605505,993,582,5.339449541284404,9.110091743119266,0.5688073394495413,0.5688073394495413,109,109,4,4,0,3,2,1,105,0.75,0.75,32,0,0,109,0,4,146,145,0.0,0,109,0.0,0.0,0,0,0,0,0,0,0.0,1.027190332326284,1.0,1.1369587109768378,1.002014098690836
Probabilistic,Stride,0,train_test,0.05,0.25,3,109,0.963302752293578,0.0,0.0,0.03669724770642202,1129,1020,9.357798165137615,10.357798165137615,0.0,0.0,0,0,0,0,0,0,0,0,0,0.0,0.0,0,0,0,109,0,0,0,0,0.0,0,109,0.0,0.0,1,1,1,1,0,16,16.0,0.9034543844109831,0.8795394154118689,1.0,0.8813108945969885
Probabilistic,Markov-1,0,train_test,0.05,0.25,3,109,1.0,0.0,0.0,0.0,995,436,4.0,9.128440366972477,0.8990825688073395,1.0,109,146,4,4,0,4,3,0,142,1.0,1.0,32,0,0,109,0,4,146,146,0.0,0,109,0.0,0.0,5,4,5,5,5,120,24.0,1.0251256281407035,0.9979899497487437,1.1346733668341709,1.0
Probabilistic,WAM depth=1,0,train_test,0.05,0.25,3,109,1.0,0.0,0.0,0.0,995,436,4.0,9.128440366972477,0.8990825688073395,1.0,109,146,4,4,0,4,3,0,142,1.0,1.0,32,0,0,109,0,4,146,146,1.0,0,0,71.35779816513761,0.31306061428009774,4,5,4,4,4,96,24.0,1.0251256281407035,0.9979899497487437,1.1346733668341709,1.0
Probabilistic,WAM depth=2,0,train_test,0.05,0.25,3,109,1.0,0.0,0.0,0.0,1104,436,4.0,10.128440366972477,0.8990825688073395,1.0,109,146,4,4,0,4,3,0,142,1.0,1.0,32,0,0,218,0,4,146,146,1.0,0,0,59.055045871559635,0.31306061428009774,9,10,9,9,9,216,24.0,0.9239130434782609,0.8994565217391305,1.022644927536232,0.9012681159420289
Probabilistic,WAM depth=3,0,train_test,0.05,0.25,3,109,1.0,0.0,0.0,0.0,1213,436,4.0,11.128440366972477,0.8990825688073395,1.0,109,146,4,4,0,4,3,0,142,1.0,1.0,32,0,0,327,0,4,146,146,1.0,0,0,46.58715596330275,0.3066736557065614,15,16,15,15,15,360,24.0,0.8408903544929925,0.8186314921681781,0.9307502061005771,0.8202802967848309
Probabilistic,WAM depth=4,0,train_test,0.05,0.25,3,109,1.0,0.0,0.0,0.0,1322,436,4.0,12.128440366972477,0.8990825688073395,1.0,109,146,4,4,0,4,3,0,142,1.0,1.0,32,0,0,436,0,4,146,146,1.0,0,0,39.944954128440365,0.3066736557065614,23,24,23,23,23,552,24.0,0.7715582450832073,0.7511346444780636,0.8540090771558245,0.7526475037821483
Probabilistic,WAM depth=8,0,train_test,0.05,0.25,3,109,1.0,0.0,0.0,0.0,1758,436,4.0,16.128440366972477,0.8990825688073395,1.0,109,146,4,4,0,4,3,0,142,1.0,1.0,32,0,0,872,0,4,146,146,1.0,0,0,18.770642201834864,0.2927294399035349,81,82,81,81,81,1944,24.0,0.5802047781569966,0.5648464163822525,0.6422070534698521,0.5659840728100114
PhaseChanging,None,0,train_test,0.05,0.25,3,109,0.9724770642201835,0.0,0.0,0.027522935779816515,874,874,8.01834862385321,8.01834862385321,0.0,0.0,0,0,0,0,0,0,0,0,0,0.0,0.0,0,0,0,0,0,0,0,0,0.0,0,0,0.0,0.0,0,0,0,0,0,0,0.0,1.0,1.131578947368421,1.1247139588100687,1.139588100686499
PhaseChanging,NextLine,0,train_test,0.05,0.25,3,109,0.981651376146789,0.0,0.0,0.01834862385321101,989,728,6.678899082568807,9.073394495412844,0.3394495412844037,0.3394495412844037,109,109,3,3,0,1,1,2,106,0.3333333333333333,0.3333333333333333,24,0,0,109,0,3,0,-2,0.0,0,109,0.0,0.0,0,0,0,0,0,0,0.0,0.8837209302325582,1.0,0.993933265925177,1.0070778564206269
PhaseChanging,Stride,0,train_test,0.05,0.25,3,109,0.9724770642201835,0.0,0.0,0.027522935779816515,983,874,8.01834862385321,9.01834862385321,0.0,0.0,0,0,0,0,0,0,0,0,0,0.0,0.0,0,0,0,109,0,0,0,0,0.0,0,109,0.0,0.0,1,1,1,1,0,16,16.0,0.8891149542217701,1.0061037639877926,1.0,1.0132248219735505
PhaseChanging,Markov-1,0,train_test,0.05,0.25,3,109,1.0,0.0,0.0,0.0,996,436,4.0,9.137614678899082,0.6697247706422018,1.0,109,145,4,4,0,3,3,1,141,0.75,1.0,32,0,0,109,0,4,0,-1,0.0,0,109,0.0,0.0,6,5,6,6,6,144,24.0,0.8775100401606426,0.9929718875502008,0.9869477911646586,1.0
PhaseChanging,WAM depth=1,0,train_test,0.05,0.25,3,109,1.0,0.0,0.0,0.0,996,436,4.0,9.137614678899082,0.6697247706422018,1.0,109,145,4,4,0,3,3,1,141,0.75,1.0,32,0,0,109,0,4,0,-1,1.0,0,0,43.14678899082569,0.28506734374677734,5,6,5,5,5,120,24.0,0.8775100401606426,0.9929718875502008,0.9869477911646586,1.0
PhaseChanging,WAM depth=2,0,train_test,0.05,0.25,3,109,1.0,0.0,0.0,0.0,1104,436,4.0,10.128440366972477,1.0,1.0,109,109,3,3,0,3,3,0,106,1.0,1.0,24,0,0,218,0,3,0,0,1.0,0,0,23.0,0.0,11,12,11,11,11,264,24.0,0.7916666666666666,0.8958333333333334,0.8903985507246377,0.9021739130434783
PhaseChanging,WAM depth=3,0,train_test,0.05,0.25,3,109,1.0,0.0,0.0,0.0,1213,436,4.0,11.128440366972477,1.0,1.0,109,109,3,3,0,3,3,0,106,1.0,1.0,24,0,0,327,0,3,0,0,1.0,0,0,22.660550458715598,0.0,18,19,18,18,18,432,24.0,0.720527617477329,0.8153338829348722,0.8103874690849134,0.8211046990931574
PhaseChanging,WAM depth=4,0,train_test,0.05,0.25,3,109,1.0,0.0,0.0,0.0,1322,436,4.0,12.128440366972477,1.0,1.0,109,109,3,3,0,3,3,0,106,1.0,1.0,24,0,0,436,0,3,0,0,1.0,0,0,22.3302752293578,0.0,26,27,26,26,26,624,24.0,0.6611195158850227,0.7481089258698941,0.74357034795764,0.7534039334341907
PhaseChanging,WAM depth=8,0,train_test,0.05,0.25,3,109,1.0,0.0,0.0,0.0,1758,436,4.0,16.128440366972477,1.0,1.0,109,109,3,3,0,3,3,0,106,1.0,1.0,24,0,0,872,0,3,0,0,1.0,0,0,21.0,0.0,68,69,68,68,68,1632,24.0,0.49715585893060293,0.5625711035267349,0.5591581342434585,0.5665529010238908
Random,None,0,train_test,0.05,0.25,3,109,0.06422018348623854,0.009174311926605505,0.0,0.926605504587156,15190,15190,139.3577981651376,139.3577981651376,0.0,0.0,0,0,0,0,0,0,0,0,0,0.0,0.0,0,0,38,0,0,0,0,0,0.0,0,0,0.0,0.0,0,0,0,0,0,0,0.0,1.0,0.9955892034233048,1.0071757735352205,0.990388413429888
Random,NextLine,0,train_test,0.05,0.25,3,109,0.07339449541284404,0.027522935779816515,0.0,0.8990825688073395,15123,14768,135.4862385321101,138.74311926605503,0.009174311926605505,0.009174311926605505,109,109,97,96,0,3,1,94,12,0.030927835051546393,0.0297029702970297,776,5,68,109,0,97,292,263,0.0,0,109,0.0,0.0,0,0,0,0,0,0,0.0,1.00443033789592,1.0,1.0116379025325664,0.9947761687495867
Random,Stride,0,train_test,0.05,0.25,3,109,0.06422018348623854,0.009174311926605505,0.0,0.926605504587156,15299,15190,139.3577981651376,140.3577981651376,0.0,0.0,0,0,0,0,0,0,0,0,0,0.0,0.0,0,0,38,109,0,0,0,0,0.0,0,109,0.0,0.0,1,1,1,1,0,16,16.0,0.9928753513301523,0.9884959801294202,1.0,0.9833322439375123
Random,Markov-1,0,train_test,0.05,0.25,3,109,0.07339449541284404,0.01834862385321101,0.0,0.908256880733945,15044,14906,136.75229357798165,138.0183486238532,0.0,0.0,25,29,29,29,0,2,0,27,0,0.06896551724137931,0.019801980198019802,232,0,52,109,0,29,292,279,0.0,0,109,0.0,0.0,250,219,250,250,250,6000,24.0,1.0097048657272003,1.005251262961978,1.016950279181069,1.0
Random,WAM depth=1,0,train_test,0.05,0.25,3,109,0.07339449541284404,0.01834862385321101,0.0,0.908256880733945,15044,14906,136.75229357798165,138.0183486238532,0.0,0.0,25,29,29,29,0,2,0,27,0,0.06896551724137931,0.019801980198019802,232,0,52,109,0,29,292,279,0.22935779816513763,0,84,0.26605504587155965,0.16,219,220,219,219,219,5256,24.0,1.0097048657272003,1.005251262961978,1.016950279181069,1.0
Random,WAM depth=2,0,train_test,0.05,0.25,3,109,0.07339449541284404,0.01834862385321101,0.0,0.908256880733945,15153,14906,136.75229357798165,139.0183486238532,0.0,0.0,25,29,29,29,0,2,0,27,0,0.06896551724137931,0.019801980198019802,232,0,52,218,0,29,292,279,0.0,25,84,0.26605504587155965,0.16,468,469,468,468,468,11232,24.0,1.0024417607074507,0.998020194020986,1.009635055764535,0.9928067049429156
Random,WAM depth=3,0,train_test,0.05,0.25,3,109,0.07339449541284404,0.01834862385321101,0.0,0.908256880733945,15262,14906,136.75229357798165,140.0183486238532,0.0,0.0,25,29,29,29,0,2,0,27,0,0.06896551724137931,0.019801980198019802,232,0,52,327,0,29,292,279,0.0,25,84,0.26605504587155965,0.16,716,717,716,716,716,17184,24.0,0.9952824007338488,0.990892412527847,1.0024243218451054,0.9857161577774866
Random,WAM depth=4,0,train_test,0.05,0.25,3,109,0.07339449541284404,0.01834862385321101,0.0,0.908256880733945,15371,14906,136.75229357798165,141.0183486238532,0.0,0.0,25,29,29,29,0,2,0,27,0,0.06896551724137931,0.019801980198019802,232,0,52,436,0,29,292,279,0.0,25,84,0.26605504587155965,0.16,963,964,963,963,963,23112,24.0,0.9882245787521957,0.9838657211632295,0.9953158545312601,0.9787261726628066
Random,WAM depth=8,0,train_test,0.05,0.25,3,109,0.07339449541284404,0.01834862385321101,0.0,0.908256880733945,15807,14906,136.75229357798165,145.0183486238532,0.0,0.0,25,29,29,29,0,2,0,27,0,0.06896551724137931,0.019801980198019802,232,0,52,872,0,29,292,279,0.0,25,84,0.26605504587155965,0.16,1941,1942,1941,1941,1941,46584,24.0,0.9609666603403555,0.9567280318846081,0.9678623394698551,0.9517302460935029
Sequential,None,1,train_test,0.05,0.25,3,109,0.0,0.0,0.0,1.0,16350,16350,150.0,150.0,0.0,0.0,0,0,0,0,0,0,0,0,0,0.0,0.0,0,0,45,0,0,0,0,0,0.0,0,0,0.0,0.0,0,0,0,0,0,0,0.0,1.0,1.0333333333333334,1.0333333333333334,1.0066666666666666
Sequential,NextLine,1,train_test,0.05,0.25,3,109,1.0,0.0,0.0,0.0,16895,436,4.0,155.0,1.0,1.0,109,109,109,109,0,109,109,0,0,1.0,1.0,872,0,45,109,0,109,0,0,0.0,0,109,0.0,0.0,0,0,0,0,0,0,0.0,0.967741935483871,1.0,1.0,0.9741935483870968
Sequential,Stride,1,train_test,0.05,0.25,3,109,1.0,0.0,0.0,0.0,16895,436,4.0,155.0,1.0,1.0,109,109,109,109,0,109,109,0,0,1.0,1.0,872,0,45,109,0,109,0,0,0.0,0,109,0.0,0.0,1,1,1,1,0,16,16.0,0.967741935483871,1.0,1.0,0.9741935483870968
Sequential,Markov-1,1,train_test,0.05,0.25,3,109,0.0,0.0,0.0,1.0,16459,16350,150.0,151.0,0.0,0.0,0,0,0,0,0,0,0,0,0,0.0,0.0,0,0,45,109,0,0,0,0,0.0,0,109,0.0,0.0,250,250,250,250,250,6000,24.0,0.9933774834437086,1.0264900662251655,1.0264900662251655,1.0
Sequential,WAM depth=1,1,train_test,0.05,0.25,3,109,0.0,0.0,0.0,1.0,16459,16350,150.0,151.0,0.0,0.0,0,0,0,0,0,0,0,0,0,0.0,0.0,0,0,45,109,0,0,0,0,0.0,0,109,0.0,0.0,250,251,250,250,250,6000,24.0,0.9933774834437086,1.0264900662251655,1.0264900662251655,1.0
Sequential,WAM depth=2,1,train_test,0.05,0.25,3,109,0.0,0.0,0.0,1.0,16568,16350,150.0,152.0,0.0,0.0,0,0,0,0,0,0,0,0,0,0.0,0.0,0,0,45,218,0,0,0,0,0.0,0,109,0.0,0.0,499,500,499,499,499,11976,24.0,0.9868421052631579,1.019736842105263,1.019736842105263,0.993421052631579
Sequential,WAM depth=3,1,train_test,0.05,0.25,3,109,0.0,0.0,0.0,1.0,16677,16350,150.0,153.0,0.0,0.0,0,0,0,0,0,0,0,0,0,0.0,0.0,0,0,45,327,0,0,0,0,0.0,0,109,0.0,0.0,747,748,747,747,747,17928,24.0,0.9803921568627451,1.0130718954248366,1.0130718954248366,0.9869281045751634
Sequential,WAM depth=4,1,train_test,0.05,0.25,3,109,0.0,0.0,0.0,1.0,16786,16350,150.0,154.0,0.0,0.0,0,0,0,0,0,0,0,0,0,0.0,0.0,0,0,45,436,0,0,0,0,0.0,0,109,0.0,0.0,994,995,994,994,994,23856,24.0,0.974025974025974,1.0064935064935066,1.0064935064935066,0.9805194805194806
Sequential,WAM depth=8,1,train_test,0.05,0.25,3,109,0.0,0.0,0.0,1.0,17222,16350,150.0,158.0,0.0,0.0,0,0,0,0,0,0,0,0,0,0.0,0.0,0,0,45,872,0,0,0,0,0.0,0,109,0.0,0.0,1972,1973,1972,1972,1972,47328,24.0,0.9493670886075949,0.9810126582278481,0.9810126582278481,0.9556962025316456
Stride,None,1,train_test,0.05,0.25,3,109,0.0,0.0,0.0,1.0,16350,16350,150.0,150.0,0.0,0.0,0,0,0,0,0,0,0,0,0,0.0,0.0,0,0,45,0,0,0,0,0,0.0,0,0,0.0,0.0,0,0,0,0,0,0,0.0,1.0,1.0133333333333334,1.0333333333333334,1.0066666666666666
Stride,NextLine,1,train_test,0.05,0.25,3,109,0.0,0.0,0.0,1.0,16568,16350,150.0,152.0,0.0,0.0,109,109,109,108,0,0,0,109,0,0.0,0.0,872,0,77,109,0,109,0,-33,0.0,0,109,0.0,0.0,0,0,0,0,0,0,0.0,0.9868421052631579,1.0,1.019736842105263,0.993421052631579
Stride,Stride,1,train_test,0.05,0.25,3,109,1.0,0.0,0.0,0.0,16895,436,4.0,155.0,1.0,1.0,109,109,109,109,0,109,109,0,0,1.0,1.0,872,0,45,109,0,109,0,0,0.0,0,109,0.0,0.0,1,1,1,1,0,16,16.0,0.967741935483871,0.9806451612903225,1.0,0.9741935483870968
Stride,Markov-1,1,train_test,0.05,0.25,3,109,0.0,0.0,0.0,1.0,16459,16350,150.0,151.0,0.0,0.0,0,0,0,0,0,0,0,0,0,0.0,0.0,0,0,45,109,0,0,0,0,0.0,0,109,0.0,0.0,250,250,250,250,250,6000,24.0,0.9933774834437086,1.0066225165562914,1.0264900662251655,1.0
Stride,WAM depth=1,1,train_test,0.05,0.25,3,109,0.0,0.0,0.0,1.0,16459,16350,150.0,151.0,0.0,0.0,0,0,0,0,0,0,0,0,0,0.0,0.0,0,0,45,109,0,0,0,0,0.0,0,109,0.0,0.0,250,251,250,250,250,6000,24.0,0.9933774834437086,1.0066225165562914,1.0264900662251655,1.0
Stride,WAM depth=2,1,train_test,0.05,0.25,3,109,0.0,0.0,0.0,1.0,16568,16350,150.0,152.0,0.0,0.0,0,0,0,0,0,0,0,0,0,0.0,0.0,0,0,45,218,0,0,0,0,0.0,0,109,0.0,0.0,499,500,499,499,499,11976,24.0,0.9868421052631579,1.0,1.019736842105263,0.993421052631579
Stride,WAM depth=3,1,train_test,0.05,0.25,3,109,0.0,0.0,0.0,1.0,16677,16350,150.0,153.0,0.0,0.0,0,0,0,0,0,0,0,0,0,0.0,0.0,0,0,45,327,0,0,0,0,0.0,0,109,0.0,0.0,747,748,747,747,747,17928,24.0,0.9803921568627451,0.9934640522875817,1.0130718954248366,0.9869281045751634
Stride,WAM depth=4,1,train_test,0.05,0.25,3,109,0.0,0.0,0.0,1.0,16786,16350,150.0,154.0,0.0,0.0,0,0,0,0,0,0,0,0,0,0.0,0.0,0,0,45,436,0,0,0,0,0.0,0,109,0.0,0.0,994,995,994,994,994,23856,24.0,0.974025974025974,0.987012987012987,1.0064935064935066,0.9805194805194806
Stride,WAM depth=8,1,train_test,0.05,0.25,3,109,0.0,0.0,0.0,1.0,17222,16350,150.0,158.0,0.0,0.0,0,0,0,0,0,0,0,0,0,0.0,0.0,0,0,45,872,0,0,0,0,0.0,0,109,0.0,0.0,1972,1973,1972,1972,1972,47328,24.0,0.9493670886075949,0.9620253164556962,0.9810126582278481,0.9556962025316456
Repeating,None,1,train_test,0.05,0.25,3,109,0.963302752293578,0.0,0.0,0.03669724770642202,1020,1020,9.357798165137615,9.357798165137615,0.0,0.0,0,0,0,0,0,0,0,0,0,0.0,0.0,0,0,0,0,0,0,0,0,0.0,0,0,0.0,0.0,0,0,0,0,0,0,0.0,1.0,1.119607843137255,1.119607843137255,1.1225490196078431
Repeating,NextLine,1,train_test,0.05,0.25,3,109,0.9908256880733946,0.0,0.0,0.009174311926605505,1142,582,5.339449541284404,10.477064220183486,0.7522935779816514,0.7522935779816514,109,109,4,4,0,3,3,1,105,0.75,0.75,32,0,0,109,0,4,0,-1,0.0,0,109,0.0,0.0,0,0,0,0,0,0,0.0,0.8931698774080561,1.0,1.0,1.0026269702276707
Repeating,Stride,1,train_test,0.05,0.25,3,109,0.9908256880733946,0.0,0.0,0.009174311926605505,1142,582,5.339449541284404,10.477064220183486,0.7522935779816514,0.7522935779816514,109,109,4,4,0,3,3,1,105,0.75,0.75,32,0,0,109,0,4,0,-1,0.0,0,109,0.0,0.0,1,1,1,1,0,16,16.0,0.8931698774080561,1.0,1.0,1.0026269702276707
Repeating,Markov-1,1,train_test,0.05,0.25,3,109,1.0,0.0,0.0,0.0,1145,436,4.0,10.504587155963304,1.0,1.0,109,109,4,4,0,4,4,0,105,1.0,1.0,32,0,0,109,0,4,0,0,0.0,0,109,0.0,0.0,4,4,4,4,4,96,24.0,0.8908296943231441,0.9973799126637555,0.9973799126637555,1.0
Repeating,WAM depth=1,1,train_test,0.05,0.25,3,109,1.0,0.0,0.0,0.0,1145,436,4.0,10.504587155963304,1.0,1.0,109,109,4,4,0,4,4,0,105,1.0,1.0,32,0,0,109,0,4,0,0,1.0,0,0,62.4954128440367,0.0,4,5,4,4,4,96,24.0,0.8908296943231441,0.9973799126637555,0.9973799126637555,1.0
Repeating,WAM depth=2,1,train_test,0.05,0.25,3,109,1.0,0.0,0.0,0.0,1254,436,4.0,11.504587155963304,1.0,1.0,109,109,4,4,0,4,4,0,105,1.0,1.0,32,0,0,218,0,4,0,0,1.0,0,0,62.24770642201835,0.0,8,9,8,8,8,192,24.0,0.8133971291866029,0.9106858054226475,0.9106858054226475,0.9130781499202552
Repeating,WAM depth=3,1,train_test,0.05,0.25,3,109,1.0,0.0,0.0,0.0,1363,436,4.0,12.504587155963304,1.0,1.0,109,109,4,4,0,4,4,0,105,1.0,1.0,32,0,0,327,0,4,0,0,1.0,0,0,62.0,0.0,12,13,12,12,12,288,24.0,0.7483492296404989,0.8378576669112252,0.8378576669112252,0.8400586940572267
Repeating,WAM depth=4,1,train_test,0.05,0.25,3,109,1.0,0.0,0.0,0.0,1472,436,4.0,13.504587155963304,1.0,1.0,109,109,4,4,0,4,4,0,105,1.0,1.0,32,0,0,436,0,4,0,0,1.0,0,0,61.74311926605505,0.0,16,17,16,16,16,384,24.0,0.6929347826086957,0.7758152173913043,0.7758152173913043,0.7778532608695652
Repeating,WAM depth=8,1,train_test,0.05,0.25,3,109,1.0,0.0,0.0,0.0,1908,436,4.0,17.504587155963304,1.0,1.0,109,109,4,4,0,4,4,0,105,1.0,1.0,32,0,0,872,0,4,0,0,1.0,0,0,60.74311926605505,0.0,32,33,32,32,32,768,24.0,0.5345911949685535,0.5985324947589099,0.5985324947589099,0.600104821802935
Contextual,None,1,train_test,0.05,0.25,3,109,0.9541284403669725,0.0,0.0,0.045871559633027525,1166,1166,10.697247706422019,10.697247706422019,0.0,0.0,0,0,0,0,0,0,0,0,0,0.0,0.0,0,0,0,0,0,0,0,0,0.0,0,0,0.0,0.0,0,0,0,0,0,0,0.0,1.0,0.9742710120068611,1.0934819897084047,0.9828473413379074
Contextual,NextLine,1,train_test,0.05,0.25,3,109,0.9724770642201835,0.0,0.0,0.027522935779816515,1136,874,8.01834862385321,10.422018348623853,0.1651376146788991,0.1651376146788991,109,109,4,4,0,2,1,2,105,0.5,0.4,32,0,0,109,0,4,146,144,0.0,0,109,0.0,0.0,0,0,0,0,0,0,0.0,1.0264084507042253,1.0,1.1223591549295775,1.0088028169014085
Contextual,Stride,1,train_test,0.05,0.25,3,109,0.9541284403669725,0.0,0.0,0.045871559633027525,1275,1166,10.697247706422019,11.697247706422019,0.0,0.0,0,0,0,0,0,0,0,0,0,0.0,0.0,0,0,0,109,0,0,0,0,0.0,0,109,0.0,0.0,1,1,1,1,0,16,16.0,0.9145098039215687,0.8909803921568628,1.0,0.8988235294117647
Contextual,Markov-1,1,train_test,0.05,0.25,3,109,1.0,0.0,0.0,0.0,1146,436,4.0,10.513761467889909,0.8256880733944955,1.0,109,146,5,5,0,5,4,0,141,1.0,1.0,40,0,0,109,0,5,146,146,0.0,0,109,0.0,0.0,6,5,6,6,6,144,24.0,1.0174520069808028,0.9912739965095986,1.112565445026178,1.0
Contextual,WAM depth=1,1,train_test,0.05,0.25,3,109,1.0,0.0,0.0,0.0,1146,436,4.0,10.513761467889909,0.8256880733944955,1.0,109,146,5,5,0,5,4,0,141,1.0,1.0,40,0,0,109,0,5,146,146,1.0,0,0,55.75229357798165,0.3394139966466874,5,6,5,5,5,120,24.0,1.0174520069808028,0.9912739965095986,1.112565445026178,1.0
Contextual,WAM depth=2,1,train_test,0.05,0.25,3,109,1.0,0.0,0.0,0.0,1404,436,4.0,12.880733944954128,1.0,1.0,109,109,5,5,0,5,5,0,104,1.0,1.0,40,0,0,218,0,5,0,0,1.0,0,0,41.4954128440367,0.0,11,12,11,11,11,264,24.0,0.8304843304843305,0.8091168091168092,0.9081196581196581,0.8162393162393162
Contextual,WAM depth=3,1,train_test,0.05,0.25,3,109,1.0,0.0,0.0,0.0,1513,436,4.0,13.880733944954128,1.0,1.0,109,109,5,5,0,5,5,0,104,1.0,1.0,40,0,0,327,0,5,0,0,1.0,0,0,41.330275229357795,0.0,17,18,17,17,17,408,24.0,0.7706543291473893,0.7508261731658956,0.8426966292134831,0.7574355584930601
Contextual,WAM depth=4,1,train_test,0.05,0.25,3,109,1.0,0.0,0.0,0.0,1622,436,4.0,14.880733944954128,1.0,1.0,109,109,5,5,0,5,5,0,104,1.0,1.0,40,0,0,436,0,5,0,0,1.0,0,0,41.1651376146789,0.0,23,24,23,23,23,552,24.0,0.718865598027127,0.7003699136868065,0.7860665844636252,0.7065351418002466
Contextual,WAM depth=8,1,train_test,0.05,0.25,3,109,1.0,0.0,0.0,0.0,2058,436,4.0,18.880733944954127,1.0,1.0,109,109,5,5,0,5,5,0,104,1.0,1.0,40,0,0,872,0,5,0,0,1.0,0,0,40.4954128440367,0.0,47,48,47,47,47,1128,24.0,0.5665694849368319,0.5519922254616132,0.619533527696793,0.5568513119533528
LongerDependency,None,1,train_test,0.05,0.25,3,109,0.9357798165137615,0.0,0.0,0.06422018348623854,1458,1458,13.376146788990825,13.376146788990825,0.0,0.0,0,0,0,0,0,0,0,0,0,0.0,0.0,0,0,0,0,0,0,0,0,0.0,0,0,0.0,0.0,0,0,0,0,0,0,0.0,1.0,0.9732510288065843,1.0747599451303156,0.9910836762688614
LongerDependency,NextLine,1,train_test,0.05,0.25,3,109,0.981651376146789,0.0,0.0,0.01834862385321101,1419,728,6.678899082568807,13.01834862385321,0.5045871559633027,0.5045871559633027,109,109,7,7,0,5,4,2,102,0.7142857142857143,0.7142857142857143,56,0,0,109,0,7,164,162,0.0,0,109,0.0,0.0,0,0,0,0,0,0,0.0,1.0274841437632136,1.0,1.1042988019732205,1.018322762508809
LongerDependency,Stride,1,train_test,0.05,0.25,3,109,0.9357798165137615,0.0,0.0,0.06422018348623854,1567,1458,13.376146788990825,14.376146788990825,0.0,0.0,0,0,0,0,0,0,0,0,0,0.0,0.0,0,0,0,109,0,0,0,0,0.0,0,109,0.0,0.0,1,1,1,1,0,16,16.0,0.9304403318442884,0.9055520102105935,1.0,0.9221442246330568
LongerDependency,Markov-1,1,train_test,0.05,0.25,3,109,1.0,0.0,0.0,0.0,1445,436,4.0,13.256880733944953,0.8990825688073395,1.0,109,131,7,7,0,7,6,0,124,1.0,1.0,56,0,0,109,0,7,146,146,0.0,0,109,0.0,0.0,8,7,8,8,8,192,24.0,1.0089965397923875,0.9820069204152249,1.0844290657439446,1.0
LongerDependency,WAM depth=1,1,train_test,0.05,0.25,3,109,1.0,0.0,0.0,0.0,1445,436,4.0,13.256880733944953,0.8990825688073395,1.0,109,131,7,7,0,7,6,0,124,1.0,1.0,56,0,0,109,0,7,146,146,1.0,0,0,40.137614678899084,0.2018348623853211,7,8,7,7,7,168,24.0,1.0089965397923875,0.9820069204152249,1.0844290657439446,1.0
LongerDependency,WAM depth=2,1,train_test,0.05,0.25,3,109,1.0,0.0,0.0,0.0,1554,436,4.0,14.256880733944953,0.8990825688073395,1.0,109,131,7,7,0,7,6,0,124,1.0,1.0,56,0,0,218,0,7,146,146,1.0,0,0,34.99082568807339,0.2018348623853211,15,16,15,15,15,360,24.0,0.9382239382239382,0.9131274131274131,1.0083655083655083,0.9298584298584298
LongerDependency,WAM depth=3,1,train_test,0.05,0.25,3,109,1.0,0.0,0.0,0.0,1663,436,4.0,15.256880733944953,0.8990825688073395,1.0,109,131,7,7,0,7,6,0,124,1.0,1.0,56,0,0,327,0,7,146,146,1.0,0,0,29.844036697247706,0.2018348623853211,24,25,24,24,24,576,24.0,0.8767288033674083,0.8532772098616958,0.9422730006013229,0.8689116055321707
LongerDependency,WAM depth=4,1,train_test,0.05,0.25,3,109,1.0,0.0,0.0,0.0,1922,436,4.0,17.63302752293578,1.0,1.0,109,109,7,7,0,7,7,0,102,1.0,1.0,56,0,0,436,0,7,0,0,1.0,0,0,24.69724770642202,0.0,34,35,34,34,34,816,24.0,0.7585848074921956,0.7382934443288242,0.8152965660770031,0.7518210197710719
LongerDependency,WAM depth=8,1,train_test,0.05,0.25,3,109,1.0,0.0,0.0,0.0,2358,436,4.0,21.63302752293578,1.0,1.0,109,109,7,7,0,7,7,0,102,1.0,1.0,56,0,0,872,0,7,0,0,1.0,0,0,24.293577981651374,0.0,74,75,74,74,74,1776,24.0,0.6183206106870229,0.6017811704834606,0.6645462256149279,0.6128074639525021
Probabilistic,None,1,train_test,0.05,0.25,3,109,0.963302752293578,0.0,0.0,0.03669724770642202,1020,1020,9.357798165137615,9.357798165137615,0.0,0.0,0,0,0,0,0,0,0,0,0,0.0,0.0,0,0,0,0,0,0,0,0,0.0,0,0,0.0,0.0,0,0,0,0,0,0,0.0,1.0,0.9735294117647059,1.1068627450980393,0.9754901960784313
Probabilistic,NextLine,1,train_test,0.05,0.25,3,109,0.9908256880733946,0.0,0.0,0.009174311926605505,993,582,5.339449541284404,9.110091743119266,0.5688073394495413,0.5688073394495413,109,109,4,4,0,3,2,1,105,0.75,0.75,32,0,0,109,0,4,146,145,0.0,0,109,0.0,0.0,0,0,0,0,0,0,0.0,1.027190332326284,1.0,1.1369587109768378,1.002014098690836
Probabilistic,Stride,1,train_test,0.05,0.25,3,109,0.963302752293578,0.0,0.0,0.03669724770642202,1129,1020,9.357798165137615,10.357798165137615,0.0,0.0,0,0,0,0,0,0,0,0,0,0.0,0.0,0,0,0,109,0,0,0,0,0.0,0,109,0.0,0.0,1,1,1,1,0,16,16.0,0.9034543844109831,0.8795394154118689,1.0,0.8813108945969885
Probabilistic,Markov-1,1,train_test,0.05,0.25,3,109,1.0,0.0,0.0,0.0,995,436,4.0,9.128440366972477,0.8990825688073395,1.0,109,146,4,4,0,4,3,0,142,1.0,1.0,32,0,0,109,0,4,146,146,0.0,0,109,0.0,0.0,5,4,5,5,5,120,24.0,1.0251256281407035,0.9979899497487437,1.1346733668341709,1.0
Probabilistic,WAM depth=1,1,train_test,0.05,0.25,3,109,1.0,0.0,0.0,0.0,995,436,4.0,9.128440366972477,0.8990825688073395,1.0,109,146,4,4,0,4,3,0,142,1.0,1.0,32,0,0,109,0,4,146,146,1.0,0,0,72.63302752293578,0.2769966972631609,4,5,4,4,4,96,24.0,1.0251256281407035,0.9979899497487437,1.1346733668341709,1.0
Probabilistic,WAM depth=2,1,train_test,0.05,0.25,3,109,1.0,0.0,0.0,0.0,1104,436,4.0,10.128440366972477,0.8990825688073395,1.0,109,146,4,4,0,4,3,0,142,1.0,1.0,32,0,0,218,0,4,146,146,1.0,0,0,61.60550458715596,0.2769966972631609,9,10,9,9,9,216,24.0,0.9239130434782609,0.8994565217391305,1.022644927536232,0.9012681159420289
Probabilistic,WAM depth=3,1,train_test,0.05,0.25,3,109,1.0,0.0,0.0,0.0,1213,436,4.0,11.128440366972477,0.8990825688073395,1.0,109,146,4,4,0,4,3,0,142,1.0,1.0,32,0,0,327,0,4,146,146,1.0,0,0,50.23853211009175,0.2783776315153276,15,16,15,15,15,360,24.0,0.8408903544929925,0.8186314921681781,0.9307502061005771,0.8202802967848309
Probabilistic,WAM depth=4,1,train_test,0.05,0.25,3,109,1.0,0.0,0.0,0.0,1322,436,4.0,12.128440366972477,0.8990825688073395,1.0,109,146,4,4,0,4,3,0,142,1.0,1.0,32,0,0,436,0,4,146,146,1.0,0,0,43.85321100917431,0.2783776315153276,23,24,23,23,23,552,24.0,0.7715582450832073,0.7511346444780636,0.8540090771558245,0.7526475037821483
Probabilistic,WAM depth=8,1,train_test,0.05,0.25,3,109,1.0,0.0,0.0,0.0,1758,436,4.0,16.128440366972477,0.8990825688073395,0.9724770642201835,109,142,4,4,0,4,3,0,138,1.0,1.0,32,0,0,872,0,4,146,146,0.963302752293578,4,0,23.642201834862384,0.2506491184889511,78,79,78,78,78,1872,24.0,0.5802047781569966,0.5648464163822525,0.6422070534698521,0.5659840728100114
PhaseChanging,None,1,train_test,0.05,0.25,3,109,0.9724770642201835,0.0,0.0,0.027522935779816515,874,874,8.01834862385321,8.01834862385321,0.0,0.0,0,0,0,0,0,0,0,0,0,0.0,0.0,0,0,0,0,0,0,0,0,0.0,0,0,0.0,0.0,0,0,0,0,0,0,0.0,1.0,1.131578947368421,1.1247139588100687,1.139588100686499
PhaseChanging,NextLine,1,train_test,0.05,0.25,3,109,0.981651376146789,0.0,0.0,0.01834862385321101,989,728,6.678899082568807,9.073394495412844,0.3394495412844037,0.3394495412844037,109,109,3,3,0,1,1,2,106,0.3333333333333333,0.3333333333333333,24,0,0,109,0,3,0,-2,0.0,0,109,0.0,0.0,0,0,0,0,0,0,0.0,0.8837209302325582,1.0,0.993933265925177,1.0070778564206269
PhaseChanging,Stride,1,train_test,0.05,0.25,3,109,0.9724770642201835,0.0,0.0,0.027522935779816515,983,874,8.01834862385321,9.01834862385321,0.0,0.0,0,0,0,0,0,0,0,0,0,0.0,0.0,0,0,0,109,0,0,0,0,0.0,0,109,0.0,0.0,1,1,1,1,0,16,16.0,0.8891149542217701,1.0061037639877926,1.0,1.0132248219735505
PhaseChanging,Markov-1,1,train_test,0.05,0.25,3,109,1.0,0.0,0.0,0.0,996,436,4.0,9.137614678899082,0.6697247706422018,1.0,109,145,4,4,0,3,3,1,141,0.75,1.0,32,0,0,109,0,4,0,-1,0.0,0,109,0.0,0.0,6,5,6,6,6,144,24.0,0.8775100401606426,0.9929718875502008,0.9869477911646586,1.0
PhaseChanging,WAM depth=1,1,train_test,0.05,0.25,3,109,1.0,0.0,0.0,0.0,996,436,4.0,9.137614678899082,0.6697247706422018,1.0,109,145,4,4,0,3,3,1,141,0.75,1.0,32,0,0,109,0,4,0,-1,1.0,0,0,43.14678899082569,0.28506734374677734,5,6,5,5,5,120,24.0,0.8775100401606426,0.9929718875502008,0.9869477911646586,1.0
PhaseChanging,WAM depth=2,1,train_test,0.05,0.25,3,109,1.0,0.0,0.0,0.0,1104,436,4.0,10.128440366972477,1.0,1.0,109,109,3,3,0,3,3,0,106,1.0,1.0,24,0,0,218,0,3,0,0,1.0,0,0,23.0,0.0,11,12,11,11,11,264,24.0,0.7916666666666666,0.8958333333333334,0.8903985507246377,0.9021739130434783
PhaseChanging,WAM depth=3,1,train_test,0.05,0.25,3,109,1.0,0.0,0.0,0.0,1213,436,4.0,11.128440366972477,1.0,1.0,109,109,3,3,0,3,3,0,106,1.0,1.0,24,0,0,327,0,3,0,0,1.0,0,0,22.660550458715598,0.0,18,19,18,18,18,432,24.0,0.720527617477329,0.8153338829348722,0.8103874690849134,0.8211046990931574
PhaseChanging,WAM depth=4,1,train_test,0.05,0.25,3,109,1.0,0.0,0.0,0.0,1322,436,4.0,12.128440366972477,1.0,1.0,109,109,3,3,0,3,3,0,106,1.0,1.0,24,0,0,436,0,3,0,0,1.0,0,0,22.3302752293578,0.0,26,27,26,26,26,624,24.0,0.6611195158850227,0.7481089258698941,0.74357034795764,0.7534039334341907
PhaseChanging,WAM depth=8,1,train_test,0.05,0.25,3,109,1.0,0.0,0.0,0.0,1758,436,4.0,16.128440366972477,1.0,1.0,109,109,3,3,0,3,3,0,106,1.0,1.0,24,0,0,872,0,3,0,0,1.0,0,0,21.0,0.0,68,69,68,68,68,1632,24.0,0.49715585893060293,0.5625711035267349,0.5591581342434585,0.5665529010238908
Random,None,1,train_test,0.05,0.25,3,109,0.03669724770642202,0.01834862385321101,0.0,0.944954128440367,15490,15490,142.11009174311926,142.11009174311926,0.0,0.0,0,0,0,0,0,0,0,0,0,0.0,0.0,0,0,41,0,0,0,0,0,0.0,0,0,0.0,0.0,0,0,0,0,0,0,0.0,1.0,0.9855390574564235,1.007036797934151,1.0081988379599742
Random,NextLine,1,train_test,0.05,0.25,3,109,0.05504587155963303,0.027522935779816515,0.0,0.9174311926605505,15266,15060,138.1651376146789,140.05504587155963,0.0,0.0,109,109,97,95,0,3,0,94,12,0.030927835051546393,0.02912621359223301,776,1,70,109,0,97,438,408,0.0,0,109,0.0,0.0,0,0,0,0,0,0,0.0,1.014673129830997,1.0,1.0218131796148304,1.022992270404821
Random,Stride,1,train_test,0.05,0.25,3,109,0.03669724770642202,0.01834862385321101,0.0,0.944954128440367,15599,15490,142.11009174311926,143.11009174311926,0.0,0.0,0,0,0,0,0,0,0,0,0,0.0,0.0,0,0,41,109,0,0,0,0,0.0,0,109,0.0,0.0,1,1,1,1,0,16,16.0,0.9930123725879864,0.978652477722931,1.0,1.0011539201230848
Random,Markov-1,1,train_test,0.05,0.25,3,109,0.03669724770642202,0.01834862385321101,0.0,0.944954128440367,15617,15490,142.11009174311926,143.27522935779817,0.0,0.0,15,18,18,18,0,0,0,18,0,0.0,0.0,144,0,49,109,0,18,0,-8,0.0,0,109,0.0,0.0,250,225,250,250,250,6000,24.0,0.9918678363322021,0.9775244925401806,0.9988474098738555,1.0
Random,WAM depth=1,1,train_test,0.05,0.25,3,109,0.03669724770642202,0.01834862385321101,0.0,0.944954128440367,15617,15490,142.11009174311926,143.27522935779817,0.0,0.0,15,18,18,18,0,0,0,18,0,0.0,0.0,144,0,49,109,0,18,0,-8,0.13761467889908258,0,94,0.1651376146788991,0.2,225,226,225,225,225,5400,24.0,0.9918678363322021,0.9775244925401806,0.9988474098738555,1.0
Random,WAM depth=2,1,train_test,0.05,0.25,3,109,0.03669724770642202,0.01834862385321101,0.0,0.944954128440367,15726,15490,142.11009174311926,144.27522935779817,0.0,0.0,15,18,18,18,0,0,0,18,0,0.0,0.0,144,0,49,218,0,18,0,-8,0.0,15,94,0.1651376146788991,0.2,474,475,474,474,474,11376,24.0,0.9849930052142948,0.9707490779600662,0.99192420195854,0.9930688032557548
Random,WAM depth=3,1,train_test,0.05,0.25,3,109,0.03669724770642202,0.01834862385321101,0.0,0.944954128440367,15835,15490,142.11009174311926,145.27522935779817,0.0,0.0,15,18,18,18,0,0,0,18,0,0.0,0.0,144,0,49,327,0,18,0,-8,0.0,15,94,0.1651376146788991,0.2,722,723,722,722,722,17328,24.0,0.9782128197031892,0.9640669403220714,0.9850963056520367,0.9862330281023051
Random,WAM depth=4,1,train_test,0.05,0.25,3,109,0.03669724770642202,0.01834862385321101,0.0,0.944954128440367,15944,15490,142.11009174311926,146.27522935779817,0.0,0.0,15,18,18,18,0,0,0,18,0,0.0,0.0,144,0,49,436,0,18,0,-8,0.0,15,94,0.1651376146788991,0.2,969,970,969,969,969,23256,24.0,0.9715253386853989,0.9574761665830407,0.9783617661816357,0.9794907175112895
Random,WAM depth=8,1,train_test,0.05,0.25,3,109,0.03669724770642202,0.01834862385321101,0.0,0.944954128440367,16380,15490,142.11009174311926,150.27522935779817,0.0,0.0,15,18,18,18,0,0,0,18,0,0.0,0.0,144,0,49,872,0,18,0,-8,0.0,15,94,0.1651376146788991,0.2,1947,1948,1947,1947,1947,46728,24.0,0.9456654456654456,0.931990231990232,0.9523199023199023,0.9534188034188035
Sequential,None,2,train_test,0.05,0.25,3,109,0.0,0.0,0.0,1.0,16350,16350,150.0,150.0,0.0,0.0,0,0,0,0,0,0,0,0,0,0.0,0.0,0,0,45,0,0,0,0,0,0.0,0,0,0.0,0.0,0,0,0,0,0,0,0.0,1.0,1.0333333333333334,1.0333333333333334,1.0066666666666666
Sequential,NextLine,2,train_test,0.05,0.25,3,109,1.0,0.0,0.0,0.0,16895,436,4.0,155.0,1.0,1.0,109,109,109,109,0,109,109,0,0,1.0,1.0,872,0,45,109,0,109,0,0,0.0,0,109,0.0,0.0,0,0,0,0,0,0,0.0,0.967741935483871,1.0,1.0,0.9741935483870968
Sequential,Stride,2,train_test,0.05,0.25,3,109,1.0,0.0,0.0,0.0,16895,436,4.0,155.0,1.0,1.0,109,109,109,109,0,109,109,0,0,1.0,1.0,872,0,45,109,0,109,0,0,0.0,0,109,0.0,0.0,1,1,1,1,0,16,16.0,0.967741935483871,1.0,1.0,0.9741935483870968
Sequential,Markov-1,2,train_test,0.05,0.25,3,109,0.0,0.0,0.0,1.0,16459,16350,150.0,151.0,0.0,0.0,0,0,0,0,0,0,0,0,0,0.0,0.0,0,0,45,109,0,0,0,0,0.0,0,109,0.0,0.0,250,250,250,250,250,6000,24.0,0.9933774834437086,1.0264900662251655,1.0264900662251655,1.0
Sequential,WAM depth=1,2,train_test,0.05,0.25,3,109,0.0,0.0,0.0,1.0,16459,16350,150.0,151.0,0.0,0.0,0,0,0,0,0,0,0,0,0,0.0,0.0,0,0,45,109,0,0,0,0,0.0,0,109,0.0,0.0,250,251,250,250,250,6000,24.0,0.9933774834437086,1.0264900662251655,1.0264900662251655,1.0
Sequential,WAM depth=2,2,train_test,0.05,0.25,3,109,0.0,0.0,0.0,1.0,16568,16350,150.0,152.0,0.0,0.0,0,0,0,0,0,0,0,0,0,0.0,0.0,0,0,45,218,0,0,0,0,0.0,0,109,0.0,0.0,499,500,499,499,499,11976,24.0,0.9868421052631579,1.019736842105263,1.019736842105263,0.993421052631579
Sequential,WAM depth=3,2,train_test,0.05,0.25,3,109,0.0,0.0,0.0,1.0,16677,16350,150.0,153.0,0.0,0.0,0,0,0,0,0,0,0,0,0,0.0,0.0,0,0,45,327,0,0,0,0,0.0,0,109,0.0,0.0,747,748,747,747,747,17928,24.0,0.9803921568627451,1.0130718954248366,1.0130718954248366,0.9869281045751634
Sequential,WAM depth=4,2,train_test,0.05,0.25,3,109,0.0,0.0,0.0,1.0,16786,16350,150.0,154.0,0.0,0.0,0,0,0,0,0,0,0,0,0,0.0,0.0,0,0,45,436,0,0,0,0,0.0,0,109,0.0,0.0,994,995,994,994,994,23856,24.0,0.974025974025974,1.0064935064935066,1.0064935064935066,0.9805194805194806
Sequential,WAM depth=8,2,train_test,0.05,0.25,3,109,0.0,0.0,0.0,1.0,17222,16350,150.0,158.0,0.0,0.0,0,0,0,0,0,0,0,0,0,0.0,0.0,0,0,45,872,0,0,0,0,0.0,0,109,0.0,0.0,1972,1973,1972,1972,1972,47328,24.0,0.9493670886075949,0.9810126582278481,0.9810126582278481,0.9556962025316456
Stride,None,2,train_test,0.05,0.25,3,109,0.0,0.0,0.0,1.0,16350,16350,150.0,150.0,0.0,0.0,0,0,0,0,0,0,0,0,0,0.0,0.0,0,0,45,0,0,0,0,0,0.0,0,0,0.0,0.0,0,0,0,0,0,0,0.0,1.0,1.0133333333333334,1.0333333333333334,1.0066666666666666
Stride,NextLine,2,train_test,0.05,0.25,3,109,0.0,0.0,0.0,1.0,16568,16350,150.0,152.0,0.0,0.0,109,109,109,108,0,0,0,109,0,0.0,0.0,872,0,77,109,0,109,0,-33,0.0,0,109,0.0,0.0,0,0,0,0,0,0,0.0,0.9868421052631579,1.0,1.019736842105263,0.993421052631579
Stride,Stride,2,train_test,0.05,0.25,3,109,1.0,0.0,0.0,0.0,16895,436,4.0,155.0,1.0,1.0,109,109,109,109,0,109,109,0,0,1.0,1.0,872,0,45,109,0,109,0,0,0.0,0,109,0.0,0.0,1,1,1,1,0,16,16.0,0.967741935483871,0.9806451612903225,1.0,0.9741935483870968
Stride,Markov-1,2,train_test,0.05,0.25,3,109,0.0,0.0,0.0,1.0,16459,16350,150.0,151.0,0.0,0.0,0,0,0,0,0,0,0,0,0,0.0,0.0,0,0,45,109,0,0,0,0,0.0,0,109,0.0,0.0,250,250,250,250,250,6000,24.0,0.9933774834437086,1.0066225165562914,1.0264900662251655,1.0
Stride,WAM depth=1,2,train_test,0.05,0.25,3,109,0.0,0.0,0.0,1.0,16459,16350,150.0,151.0,0.0,0.0,0,0,0,0,0,0,0,0,0,0.0,0.0,0,0,45,109,0,0,0,0,0.0,0,109,0.0,0.0,250,251,250,250,250,6000,24.0,0.9933774834437086,1.0066225165562914,1.0264900662251655,1.0
Stride,WAM depth=2,2,train_test,0.05,0.25,3,109,0.0,0.0,0.0,1.0,16568,16350,150.0,152.0,0.0,0.0,0,0,0,0,0,0,0,0,0,0.0,0.0,0,0,45,218,0,0,0,0,0.0,0,109,0.0,0.0,499,500,499,499,499,11976,24.0,0.9868421052631579,1.0,1.019736842105263,0.993421052631579
Stride,WAM depth=3,2,train_test,0.05,0.25,3,109,0.0,0.0,0.0,1.0,16677,16350,150.0,153.0,0.0,0.0,0,0,0,0,0,0,0,0,0,0.0,0.0,0,0,45,327,0,0,0,0,0.0,0,109,0.0,0.0,747,748,747,747,747,17928,24.0,0.9803921568627451,0.9934640522875817,1.0130718954248366,0.9869281045751634
Stride,WAM depth=4,2,train_test,0.05,0.25,3,109,0.0,0.0,0.0,1.0,16786,16350,150.0,154.0,0.0,0.0,0,0,0,0,0,0,0,0,0,0.0,0.0,0,0,45,436,0,0,0,0,0.0,0,109,0.0,0.0,994,995,994,994,994,23856,24.0,0.974025974025974,0.987012987012987,1.0064935064935066,0.9805194805194806
Stride,WAM depth=8,2,train_test,0.05,0.25,3,109,0.0,0.0,0.0,1.0,17222,16350,150.0,158.0,0.0,0.0,0,0,0,0,0,0,0,0,0,0.0,0.0,0,0,45,872,0,0,0,0,0.0,0,109,0.0,0.0,1972,1973,1972,1972,1972,47328,24.0,0.9493670886075949,0.9620253164556962,0.9810126582278481,0.9556962025316456
Repeating,None,2,train_test,0.05,0.25,3,109,0.963302752293578,0.0,0.0,0.03669724770642202,1020,1020,9.357798165137615,9.357798165137615,0.0,0.0,0,0,0,0,0,0,0,0,0,0.0,0.0,0,0,0,0,0,0,0,0,0.0,0,0,0.0,0.0,0,0,0,0,0,0,0.0,1.0,1.119607843137255,1.119607843137255,1.1225490196078431
Repeating,NextLine,2,train_test,0.05,0.25,3,109,0.9908256880733946,0.0,0.0,0.009174311926605505,1142,582,5.339449541284404,10.477064220183486,0.7522935779816514,0.7522935779816514,109,109,4,4,0,3,3,1,105,0.75,0.75,32,0,0,109,0,4,0,-1,0.0,0,109,0.0,0.0,0,0,0,0,0,0,0.0,0.8931698774080561,1.0,1.0,1.0026269702276707
Repeating,Stride,2,train_test,0.05,0.25,3,109,0.9908256880733946,0.0,0.0,0.009174311926605505,1142,582,5.339449541284404,10.477064220183486,0.7522935779816514,0.7522935779816514,109,109,4,4,0,3,3,1,105,0.75,0.75,32,0,0,109,0,4,0,-1,0.0,0,109,0.0,0.0,1,1,1,1,0,16,16.0,0.8931698774080561,1.0,1.0,1.0026269702276707
Repeating,Markov-1,2,train_test,0.05,0.25,3,109,1.0,0.0,0.0,0.0,1145,436,4.0,10.504587155963304,1.0,1.0,109,109,4,4,0,4,4,0,105,1.0,1.0,32,0,0,109,0,4,0,0,0.0,0,109,0.0,0.0,4,4,4,4,4,96,24.0,0.8908296943231441,0.9973799126637555,0.9973799126637555,1.0
Repeating,WAM depth=1,2,train_test,0.05,0.25,3,109,1.0,0.0,0.0,0.0,1145,436,4.0,10.504587155963304,1.0,1.0,109,109,4,4,0,4,4,0,105,1.0,1.0,32,0,0,109,0,4,0,0,1.0,0,0,62.4954128440367,0.0,4,5,4,4,4,96,24.0,0.8908296943231441,0.9973799126637555,0.9973799126637555,1.0
Repeating,WAM depth=2,2,train_test,0.05,0.25,3,109,1.0,0.0,0.0,0.0,1254,436,4.0,11.504587155963304,1.0,1.0,109,109,4,4,0,4,4,0,105,1.0,1.0,32,0,0,218,0,4,0,0,1.0,0,0,62.24770642201835,0.0,8,9,8,8,8,192,24.0,0.8133971291866029,0.9106858054226475,0.9106858054226475,0.9130781499202552
Repeating,WAM depth=3,2,train_test,0.05,0.25,3,109,1.0,0.0,0.0,0.0,1363,436,4.0,12.504587155963304,1.0,1.0,109,109,4,4,0,4,4,0,105,1.0,1.0,32,0,0,327,0,4,0,0,1.0,0,0,62.0,0.0,12,13,12,12,12,288,24.0,0.7483492296404989,0.8378576669112252,0.8378576669112252,0.8400586940572267
Repeating,WAM depth=4,2,train_test,0.05,0.25,3,109,1.0,0.0,0.0,0.0,1472,436,4.0,13.504587155963304,1.0,1.0,109,109,4,4,0,4,4,0,105,1.0,1.0,32,0,0,436,0,4,0,0,1.0,0,0,61.74311926605505,0.0,16,17,16,16,16,384,24.0,0.6929347826086957,0.7758152173913043,0.7758152173913043,0.7778532608695652
Repeating,WAM depth=8,2,train_test,0.05,0.25,3,109,1.0,0.0,0.0,0.0,1908,436,4.0,17.504587155963304,1.0,1.0,109,109,4,4,0,4,4,0,105,1.0,1.0,32,0,0,872,0,4,0,0,1.0,0,0,60.74311926605505,0.0,32,33,32,32,32,768,24.0,0.5345911949685535,0.5985324947589099,0.5985324947589099,0.600104821802935
Contextual,None,2,train_test,0.05,0.25,3,109,0.9541284403669725,0.0,0.0,0.045871559633027525,1166,1166,10.697247706422019,10.697247706422019,0.0,0.0,0,0,0,0,0,0,0,0,0,0.0,0.0,0,0,0,0,0,0,0,0,0.0,0,0,0.0,0.0,0,0,0,0,0,0,0.0,1.0,0.9742710120068611,1.0934819897084047,0.9828473413379074
Contextual,NextLine,2,train_test,0.05,0.25,3,109,0.9724770642201835,0.0,0.0,0.027522935779816515,1136,874,8.01834862385321,10.422018348623853,0.1651376146788991,0.1651376146788991,109,109,4,4,0,2,1,2,105,0.5,0.4,32,0,0,109,0,4,146,144,0.0,0,109,0.0,0.0,0,0,0,0,0,0,0.0,1.0264084507042253,1.0,1.1223591549295775,1.0088028169014085
Contextual,Stride,2,train_test,0.05,0.25,3,109,0.9541284403669725,0.0,0.0,0.045871559633027525,1275,1166,10.697247706422019,11.697247706422019,0.0,0.0,0,0,0,0,0,0,0,0,0,0.0,0.0,0,0,0,109,0,0,0,0,0.0,0,109,0.0,0.0,1,1,1,1,0,16,16.0,0.9145098039215687,0.8909803921568628,1.0,0.8988235294117647
Contextual,Markov-1,2,train_test,0.05,0.25,3,109,1.0,0.0,0.0,0.0,1146,436,4.0,10.513761467889909,0.8256880733944955,1.0,109,146,5,5,0,5,4,0,141,1.0,1.0,40,0,0,109,0,5,146,146,0.0,0,109,0.0,0.0,6,5,6,6,6,144,24.0,1.0174520069808028,0.9912739965095986,1.112565445026178,1.0
Contextual,WAM depth=1,2,train_test,0.05,0.25,3,109,1.0,0.0,0.0,0.0,1146,436,4.0,10.513761467889909,0.8256880733944955,1.0,109,146,5,5,0,5,4,0,141,1.0,1.0,40,0,0,109,0,5,146,146,1.0,0,0,55.75229357798165,0.3394139966466874,5,6,5,5,5,120,24.0,1.0174520069808028,0.9912739965095986,1.112565445026178,1.0
Contextual,WAM depth=2,2,train_test,0.05,0.25,3,109,1.0,0.0,0.0,0.0,1404,436,4.0,12.880733944954128,1.0,1.0,109,109,5,5,0,5,5,0,104,1.0,1.0,40,0,0,218,0,5,0,0,1.0,0,0,41.4954128440367,0.0,11,12,11,11,11,264,24.0,0.8304843304843305,0.8091168091168092,0.9081196581196581,0.8162393162393162
Contextual,WAM depth=3,2,train_test,0.05,0.25,3,109,1.0,0.0,0.0,0.0,1513,436,4.0,13.880733944954128,1.0,1.0,109,109,5,5,0,5,5,0,104,1.0,1.0,40,0,0,327,0,5,0,0,1.0,0,0,41.330275229357795,0.0,17,18,17,17,17,408,24.0,0.7706543291473893,0.7508261731658956,0.8426966292134831,0.7574355584930601
Contextual,WAM depth=4,2,train_test,0.05,0.25,3,109,1.0,0.0,0.0,0.0,1622,436,4.0,14.880733944954128,1.0,1.0,109,109,5,5,0,5,5,0,104,1.0,1.0,40,0,0,436,0,5,0,0,1.0,0,0,41.1651376146789,0.0,23,24,23,23,23,552,24.0,0.718865598027127,0.7003699136868065,0.7860665844636252,0.7065351418002466
Contextual,WAM depth=8,2,train_test,0.05,0.25,3,109,1.0,0.0,0.0,0.0,2058,436,4.0,18.880733944954127,1.0,1.0,109,109,5,5,0,5,5,0,104,1.0,1.0,40,0,0,872,0,5,0,0,1.0,0,0,40.4954128440367,0.0,47,48,47,47,47,1128,24.0,0.5665694849368319,0.5519922254616132,0.619533527696793,0.5568513119533528
LongerDependency,None,2,train_test,0.05,0.25,3,109,0.9357798165137615,0.0,0.0,0.06422018348623854,1458,1458,13.376146788990825,13.376146788990825,0.0,0.0,0,0,0,0,0,0,0,0,0,0.0,0.0,0,0,0,0,0,0,0,0,0.0,0,0,0.0,0.0,0,0,0,0,0,0,0.0,1.0,0.9732510288065843,1.0747599451303156,0.9910836762688614
LongerDependency,NextLine,2,train_test,0.05,0.25,3,109,0.981651376146789,0.0,0.0,0.01834862385321101,1419,728,6.678899082568807,13.01834862385321,0.5045871559633027,0.5045871559633027,109,109,7,7,0,5,4,2,102,0.7142857142857143,0.7142857142857143,56,0,0,109,0,7,164,162,0.0,0,109,0.0,0.0,0,0,0,0,0,0,0.0,1.0274841437632136,1.0,1.1042988019732205,1.018322762508809
LongerDependency,Stride,2,train_test,0.05,0.25,3,109,0.9357798165137615,0.0,0.0,0.06422018348623854,1567,1458,13.376146788990825,14.376146788990825,0.0,0.0,0,0,0,0,0,0,0,0,0,0.0,0.0,0,0,0,109,0,0,0,0,0.0,0,109,0.0,0.0,1,1,1,1,0,16,16.0,0.9304403318442884,0.9055520102105935,1.0,0.9221442246330568
LongerDependency,Markov-1,2,train_test,0.05,0.25,3,109,1.0,0.0,0.0,0.0,1445,436,4.0,13.256880733944953,0.8990825688073395,1.0,109,131,7,7,0,7,6,0,124,1.0,1.0,56,0,0,109,0,7,146,146,0.0,0,109,0.0,0.0,8,7,8,8,8,192,24.0,1.0089965397923875,0.9820069204152249,1.0844290657439446,1.0
LongerDependency,WAM depth=1,2,train_test,0.05,0.25,3,109,1.0,0.0,0.0,0.0,1445,436,4.0,13.256880733944953,0.8990825688073395,1.0,109,131,7,7,0,7,6,0,124,1.0,1.0,56,0,0,109,0,7,146,146,1.0,0,0,40.137614678899084,0.2018348623853211,7,8,7,7,7,168,24.0,1.0089965397923875,0.9820069204152249,1.0844290657439446,1.0
LongerDependency,WAM depth=2,2,train_test,0.05,0.25,3,109,1.0,0.0,0.0,0.0,1554,436,4.0,14.256880733944953,0.8990825688073395,1.0,109,131,7,7,0,7,6,0,124,1.0,1.0,56,0,0,218,0,7,146,146,1.0,0,0,34.99082568807339,0.2018348623853211,15,16,15,15,15,360,24.0,0.9382239382239382,0.9131274131274131,1.0083655083655083,0.9298584298584298
LongerDependency,WAM depth=3,2,train_test,0.05,0.25,3,109,1.0,0.0,0.0,0.0,1663,436,4.0,15.256880733944953,0.8990825688073395,1.0,109,131,7,7,0,7,6,0,124,1.0,1.0,56,0,0,327,0,7,146,146,1.0,0,0,29.844036697247706,0.2018348623853211,24,25,24,24,24,576,24.0,0.8767288033674083,0.8532772098616958,0.9422730006013229,0.8689116055321707
LongerDependency,WAM depth=4,2,train_test,0.05,0.25,3,109,1.0,0.0,0.0,0.0,1922,436,4.0,17.63302752293578,1.0,1.0,109,109,7,7,0,7,7,0,102,1.0,1.0,56,0,0,436,0,7,0,0,1.0,0,0,24.69724770642202,0.0,34,35,34,34,34,816,24.0,0.7585848074921956,0.7382934443288242,0.8152965660770031,0.7518210197710719
LongerDependency,WAM depth=8,2,train_test,0.05,0.25,3,109,1.0,0.0,0.0,0.0,2358,436,4.0,21.63302752293578,1.0,1.0,109,109,7,7,0,7,7,0,102,1.0,1.0,56,0,0,872,0,7,0,0,1.0,0,0,24.293577981651374,0.0,74,75,74,74,74,1776,24.0,0.6183206106870229,0.6017811704834606,0.6645462256149279,0.6128074639525021
Probabilistic,None,2,train_test,0.05,0.25,3,109,0.963302752293578,0.0,0.0,0.03669724770642202,1020,1020,9.357798165137615,9.357798165137615,0.0,0.0,0,0,0,0,0,0,0,0,0,0.0,0.0,0,0,0,0,0,0,0,0,0.0,0,0,0.0,0.0,0,0,0,0,0,0,0.0,1.0,0.9735294117647059,1.1068627450980393,0.9754901960784313
Probabilistic,NextLine,2,train_test,0.05,0.25,3,109,0.9908256880733946,0.0,0.0,0.009174311926605505,993,582,5.339449541284404,9.110091743119266,0.6055045871559633,0.6055045871559633,109,109,4,4,0,3,2,1,105,0.75,0.75,32,0,0,109,0,4,146,145,0.0,0,109,0.0,0.0,0,0,0,0,0,0,0.0,1.027190332326284,1.0,1.1369587109768378,1.002014098690836
Probabilistic,Stride,2,train_test,0.05,0.25,3,109,0.963302752293578,0.0,0.0,0.03669724770642202,1129,1020,9.357798165137615,10.357798165137615,0.0,0.0,0,0,0,0,0,0,0,0,0,0.0,0.0,0,0,0,109,0,0,0,0,0.0,0,109,0.0,0.0,1,1,1,1,0,16,16.0,0.9034543844109831,0.8795394154118689,1.0,0.8813108945969885
Probabilistic,Markov-1,2,train_test,0.05,0.25,3,109,1.0,0.0,0.0,0.0,995,436,4.0,9.128440366972477,0.9357798165137615,1.0,109,146,4,4,0,4,3,0,142,1.0,1.0,32,0,0,109,0,4,146,146,0.0,0,109,0.0,0.0,5,4,5,5,5,120,24.0,1.0251256281407035,0.9979899497487437,1.1346733668341709,1.0
Probabilistic,WAM depth=1,2,train_test,0.05,0.25,3,109,1.0,0.0,0.0,0.0,995,436,4.0,9.128440366972477,0.9357798165137615,1.0,109,146,4,4,0,4,3,0,142,1.0,1.0,32,0,0,109,0,4,146,146,1.0,0,0,72.95412844036697,0.2996520285819626,4,5,4,4,4,96,24.0,1.0251256281407035,0.9979899497487437,1.1346733668341709,1.0
Probabilistic,WAM depth=2,2,train_test,0.05,0.25,3,109,1.0,0.0,0.0,0.0,1104,436,4.0,10.128440366972477,0.9357798165137615,1.0,109,146,4,4,0,4,3,0,142,1.0,1.0,32,0,0,218,0,4,146,146,1.0,0,0,62.24770642201835,0.2996520285819626,9,10,9,9,9,216,24.0,0.9239130434782609,0.8994565217391305,1.022644927536232,0.9012681159420289
Probabilistic,WAM depth=3,2,train_test,0.05,0.25,3,109,1.0,0.0,0.0,0.0,1213,436,4.0,11.128440366972477,0.9357798165137615,1.0,109,146,4,4,0,4,3,0,142,1.0,1.0,32,0,0,327,0,4,146,146,1.0,0,0,51.26605504587156,0.29610196667232946,15,16,15,15,15,360,24.0,0.8408903544929925,0.8186314921681781,0.9307502061005771,0.8202802967848309
Probabilistic,WAM depth=4,2,train_test,0.05,0.25,3,109,1.0,0.0,0.0,0.0,1322,436,4.0,12.128440366972477,0.9357798165137615,1.0,109,146,4,4,0,4,3,0,142,1.0,1.0,32,0,0,436,0,4,146,146,1.0,0,0,44.46788990825688,0.29610196667232946,23,24,23,23,23,552,24.0,0.7715582450832073,0.7511346444780636,0.8540090771558245,0.7526475037821483
Probabilistic,WAM depth=8,2,train_test,0.05,0.25,3,109,1.0,0.0,0.0,0.0,1758,436,4.0,16.128440366972477,0.9357798165137615,1.0,109,146,4,4,0,4,3,0,142,1.0,1.0,32,0,0,872,0,4,146,146,1.0,0,0,22.412844036697248,0.29191299225968753,81,82,81,81,81,1944,24.0,0.5802047781569966,0.5648464163822525,0.6422070534698521,0.5659840728100114
PhaseChanging,None,2,train_test,0.05,0.25,3,109,0.9724770642201835,0.0,0.0,0.027522935779816515,874,874,8.01834862385321,8.01834862385321,0.0,0.0,0,0,0,0,0,0,0,0,0,0.0,0.0,0,0,0,0,0,0,0,0,0.0,0,0,0.0,0.0,0,0,0,0,0,0,0.0,1.0,1.131578947368421,1.1247139588100687,1.139588100686499
PhaseChanging,NextLine,2,train_test,0.05,0.25,3,109,0.981651376146789,0.0,0.0,0.01834862385321101,989,728,6.678899082568807,9.073394495412844,0.3394495412844037,0.3394495412844037,109,109,3,3,0,1,1,2,106,0.3333333333333333,0.3333333333333333,24,0,0,109,0,3,0,-2,0.0,0,109,0.0,0.0,0,0,0,0,0,0,0.0,0.8837209302325582,1.0,0.993933265925177,1.0070778564206269
PhaseChanging,Stride,2,train_test,0.05,0.25,3,109,0.9724770642201835,0.0,0.0,0.027522935779816515,983,874,8.01834862385321,9.01834862385321,0.0,0.0,0,0,0,0,0,0,0,0,0,0.0,0.0,0,0,0,109,0,0,0,0,0.0,0,109,0.0,0.0,1,1,1,1,0,16,16.0,0.8891149542217701,1.0061037639877926,1.0,1.0132248219735505
PhaseChanging,Markov-1,2,train_test,0.05,0.25,3,109,1.0,0.0,0.0,0.0,996,436,4.0,9.137614678899082,0.6697247706422018,1.0,109,145,4,4,0,3,3,1,141,0.75,1.0,32,0,0,109,0,4,0,-1,0.0,0,109,0.0,0.0,6,5,6,6,6,144,24.0,0.8775100401606426,0.9929718875502008,0.9869477911646586,1.0
PhaseChanging,WAM depth=1,2,train_test,0.05,0.25,3,109,1.0,0.0,0.0,0.0,996,436,4.0,9.137614678899082,0.6697247706422018,1.0,109,145,4,4,0,3,3,1,141,0.75,1.0,32,0,0,109,0,4,0,-1,1.0,0,0,43.14678899082569,0.28506734374677734,5,6,5,5,5,120,24.0,0.8775100401606426,0.9929718875502008,0.9869477911646586,1.0
PhaseChanging,WAM depth=2,2,train_test,0.05,0.25,3,109,1.0,0.0,0.0,0.0,1104,436,4.0,10.128440366972477,1.0,1.0,109,109,3,3,0,3,3,0,106,1.0,1.0,24,0,0,218,0,3,0,0,1.0,0,0,23.0,0.0,11,12,11,11,11,264,24.0,0.7916666666666666,0.8958333333333334,0.8903985507246377,0.9021739130434783
PhaseChanging,WAM depth=3,2,train_test,0.05,0.25,3,109,1.0,0.0,0.0,0.0,1213,436,4.0,11.128440366972477,1.0,1.0,109,109,3,3,0,3,3,0,106,1.0,1.0,24,0,0,327,0,3,0,0,1.0,0,0,22.660550458715598,0.0,18,19,18,18,18,432,24.0,0.720527617477329,0.8153338829348722,0.8103874690849134,0.8211046990931574
PhaseChanging,WAM depth=4,2,train_test,0.05,0.25,3,109,1.0,0.0,0.0,0.0,1322,436,4.0,12.128440366972477,1.0,1.0,109,109,3,3,0,3,3,0,106,1.0,1.0,24,0,0,436,0,3,0,0,1.0,0,0,22.3302752293578,0.0,26,27,26,26,26,624,24.0,0.6611195158850227,0.7481089258698941,0.74357034795764,0.7534039334341907
PhaseChanging,WAM depth=8,2,train_test,0.05,0.25,3,109,1.0,0.0,0.0,0.0,1758,436,4.0,16.128440366972477,1.0,1.0,109,109,3,3,0,3,3,0,106,1.0,1.0,24,0,0,872,0,3,0,0,1.0,0,0,21.0,0.0,68,69,68,68,68,1632,24.0,0.49715585893060293,0.5625711035267349,0.5591581342434585,0.5665529010238908
Random,None,2,train_test,0.05,0.25,3,109,0.045871559633027525,0.009174311926605505,0.0,0.944954128440367,15482,15482,142.03669724770643,142.03669724770643,0.0,0.0,0,0,0,0,0,0,0,0,0,0.0,0.0,0,0,40,0,0,0,0,0,0.0,0,0,0.0,0.0,0,0,0,0,0,0,0.0,1.0,0.9950264823666193,1.007040434052448,1.0082676656762692
Random,NextLine,2,train_test,0.05,0.25,3,109,0.05504587155963303,0.01834862385321101,0.0,0.926605504587156,15405,15198,139.43119266055047,141.3302752293578,0.0,0.0,109,109,98,97,0,2,0,96,11,0.02040816326530612,0.019417475728155338,784,3,70,109,0,98,292,262,0.0,0,109,0.0,0.0,0,0,0,0,0,0,0.0,1.004998377150276,1.0,1.0120740019474197,1.0133073677377475
Random,Stride,2,train_test,0.05,0.25,3,109,0.045871559633027525,0.009174311926605505,0.0,0.944954128440367,15591,15482,142.03669724770643,143.03669724770643,0.0,0.0,0,0,0,0,0,0,0,0,0,0.0,0.0,0,0,40,109,0,0,0,0,0.0,0,109,0.0,0.0,1,1,1,1,0,16,16.0,0.9930087871207748,0.9880700404079277,1.0,1.0012186517862869
Random,Markov-1,2,train_test,0.05,0.25,3,109,0.045871559633027525,0.009174311926605505,0.0,0.944954128440367,15610,15482,142.03669724770643,143.21100917431193,0.0,0.0,19,22,19,18,0,0,0,19,3,0.0,0.0,152,1,47,109,0,19,0,-8,0.0,0,109,0.0,0.0,250,214,250,250,250,6000,24.0,0.9918001281229981,0.9868673926969891,0.9987828315182575,1.0
Random,WAM depth=1,2,train_test,0.05,0.25,3,109,0.045871559633027525,0.009174311926605505,0.0,0.944954128440367,15610,15482,142.03669724770643,143.21100917431193,0.0,0.0,19,22,19,18,0,0,0,19,3,0.0,0.0,152,1,47,109,0,19,0,-8,0.1743119266055046,0,90,0.2018348623853211,0.13605065793269241,214,215,214,214,214,5136,24.0,0.9918001281229981,0.9868673926969891,0.9987828315182575,1.0
Random,WAM depth=2,2,train_test,0.05,0.25,3,109,0.045871559633027525,0.009174311926605505,0.0,0.944954128440367,15719,15482,142.03669724770643,144.21100917431193,0.0,0.0,19,22,19,18,0,0,0,19,3,0.0,0.0,152,1,47,218,0,19,0,-8,0.0,19,90,0.2018348623853211,0.13605065793269241,463,464,463,463,463,11112,24.0,0.9849227050066798,0.980024174565812,0.991856988358038,0.9930657166486417
Random,WAM depth=3,2,train_test,0.05,0.25,3,109,0.045871559633027525,0.009174311926605505,0.0,0.944954128440367,15828,15482,142.03669724770643,145.21100917431193,0.0,0.0,19,22,19,18,0,0,0,19,3,0.0,0.0,152,1,47,327,0,19,0,-8,0.0,19,90,0.2018348623853211,0.13605065793269241,711,712,711,711,711,17064,24.0,0.9781400050543341,0.9732752084912812,0.9850265352539803,0.9862269396007076
Random,WAM depth=4,2,train_test,0.05,0.25,3,109,0.045871559633027525,0.009174311926605505,0.0,0.944954128440367,15937,15482,142.03669724770643,146.21100917431193,0.0,0.0,19,22,19,18,0,0,0,19,3,0.0,0.0,152,1,47,436,0,19,0,-8,0.0,19,90,0.2018348623853211,0.13605065793269241,958,959,958,958,958,22992,24.0,0.9714500847085399,0.9666185605822928,0.9782895149651754,0.9794817092300935
Random,WAM depth=8,2,train_test,0.05,0.25,3,109,0.045871559633027525,0.009174311926605505,0.0,0.944954128440367,16373,15482,142.03669724770643,150.21100917431193,0.0,0.0,19,22,19,18,0,0,0,19,3,0.0,0.0,152,1,47,872,0,19,0,-8,0.0,19,90,0.2018348623853211,0.13605065793269241,1936,1937,1936,1936,1936,46464,24.0,0.9455811396811824,0.9408782752091859,0.9522384413363464,0.9533988884138521
Sequential,None,3,train_test,0.05,0.25,3,109,0.0,0.0,0.0,1.0,16350,16350,150.0,150.0,0.0,0.0,0,0,0,0,0,0,0,0,0,0.0,0.0,0,0,45,0,0,0,0,0,0.0,0,0,0.0,0.0,0,0,0,0,0,0,0.0,1.0,1.0333333333333334,1.0333333333333334,1.0066666666666666
Sequential,NextLine,3,train_test,0.05,0.25,3,109,1.0,0.0,0.0,0.0,16895,436,4.0,155.0,1.0,1.0,109,109,109,109,0,109,109,0,0,1.0,1.0,872,0,45,109,0,109,0,0,0.0,0,109,0.0,0.0,0,0,0,0,0,0,0.0,0.967741935483871,1.0,1.0,0.9741935483870968
Sequential,Stride,3,train_test,0.05,0.25,3,109,1.0,0.0,0.0,0.0,16895,436,4.0,155.0,1.0,1.0,109,109,109,109,0,109,109,0,0,1.0,1.0,872,0,45,109,0,109,0,0,0.0,0,109,0.0,0.0,1,1,1,1,0,16,16.0,0.967741935483871,1.0,1.0,0.9741935483870968
Sequential,Markov-1,3,train_test,0.05,0.25,3,109,0.0,0.0,0.0,1.0,16459,16350,150.0,151.0,0.0,0.0,0,0,0,0,0,0,0,0,0,0.0,0.0,0,0,45,109,0,0,0,0,0.0,0,109,0.0,0.0,250,250,250,250,250,6000,24.0,0.9933774834437086,1.0264900662251655,1.0264900662251655,1.0
Sequential,WAM depth=1,3,train_test,0.05,0.25,3,109,0.0,0.0,0.0,1.0,16459,16350,150.0,151.0,0.0,0.0,0,0,0,0,0,0,0,0,0,0.0,0.0,0,0,45,109,0,0,0,0,0.0,0,109,0.0,0.0,250,251,250,250,250,6000,24.0,0.9933774834437086,1.0264900662251655,1.0264900662251655,1.0
Sequential,WAM depth=2,3,train_test,0.05,0.25,3,109,0.0,0.0,0.0,1.0,16568,16350,150.0,152.0,0.0,0.0,0,0,0,0,0,0,0,0,0,0.0,0.0,0,0,45,218,0,0,0,0,0.0,0,109,0.0,0.0,499,500,499,499,499,11976,24.0,0.9868421052631579,1.019736842105263,1.019736842105263,0.993421052631579
Sequential,WAM depth=3,3,train_test,0.05,0.25,3,109,0.0,0.0,0.0,1.0,16677,16350,150.0,153.0,0.0,0.0,0,0,0,0,0,0,0,0,0,0.0,0.0,0,0,45,327,0,0,0,0,0.0,0,109,0.0,0.0,747,748,747,747,747,17928,24.0,0.9803921568627451,1.0130718954248366,1.0130718954248366,0.9869281045751634
Sequential,WAM depth=4,3,train_test,0.05,0.25,3,109,0.0,0.0,0.0,1.0,16786,16350,150.0,154.0,0.0,0.0,0,0,0,0,0,0,0,0,0,0.0,0.0,0,0,45,436,0,0,0,0,0.0,0,109,0.0,0.0,994,995,994,994,994,23856,24.0,0.974025974025974,1.0064935064935066,1.0064935064935066,0.9805194805194806
Sequential,WAM depth=8,3,train_test,0.05,0.25,3,109,0.0,0.0,0.0,1.0,17222,16350,150.0,158.0,0.0,0.0,0,0,0,0,0,0,0,0,0,0.0,0.0,0,0,45,872,0,0,0,0,0.0,0,109,0.0,0.0,1972,1973,1972,1972,1972,47328,24.0,0.9493670886075949,0.9810126582278481,0.9810126582278481,0.9556962025316456
Stride,None,3,train_test,0.05,0.25,3,109,0.0,0.0,0.0,1.0,16350,16350,150.0,150.0,0.0,0.0,0,0,0,0,0,0,0,0,0,0.0,0.0,0,0,45,0,0,0,0,0,0.0,0,0,0.0,0.0,0,0,0,0,0,0,0.0,1.0,1.0133333333333334,1.0333333333333334,1.0066666666666666
Stride,NextLine,3,train_test,0.05,0.25,3,109,0.0,0.0,0.0,1.0,16568,16350,150.0,152.0,0.0,0.0,109,109,109,108,0,0,0,109,0,0.0,0.0,872,0,77,109,0,109,0,-33,0.0,0,109,0.0,0.0,0,0,0,0,0,0,0.0,0.9868421052631579,1.0,1.019736842105263,0.993421052631579
Stride,Stride,3,train_test,0.05,0.25,3,109,1.0,0.0,0.0,0.0,16895,436,4.0,155.0,1.0,1.0,109,109,109,109,0,109,109,0,0,1.0,1.0,872,0,45,109,0,109,0,0,0.0,0,109,0.0,0.0,1,1,1,1,0,16,16.0,0.967741935483871,0.9806451612903225,1.0,0.9741935483870968
Stride,Markov-1,3,train_test,0.05,0.25,3,109,0.0,0.0,0.0,1.0,16459,16350,150.0,151.0,0.0,0.0,0,0,0,0,0,0,0,0,0,0.0,0.0,0,0,45,109,0,0,0,0,0.0,0,109,0.0,0.0,250,250,250,250,250,6000,24.0,0.9933774834437086,1.0066225165562914,1.0264900662251655,1.0
Stride,WAM depth=1,3,train_test,0.05,0.25,3,109,0.0,0.0,0.0,1.0,16459,16350,150.0,151.0,0.0,0.0,0,0,0,0,0,0,0,0,0,0.0,0.0,0,0,45,109,0,0,0,0,0.0,0,109,0.0,0.0,250,251,250,250,250,6000,24.0,0.9933774834437086,1.0066225165562914,1.0264900662251655,1.0
Stride,WAM depth=2,3,train_test,0.05,0.25,3,109,0.0,0.0,0.0,1.0,16568,16350,150.0,152.0,0.0,0.0,0,0,0,0,0,0,0,0,0,0.0,0.0,0,0,45,218,0,0,0,0,0.0,0,109,0.0,0.0,499,500,499,499,499,11976,24.0,0.9868421052631579,1.0,1.019736842105263,0.993421052631579
Stride,WAM depth=3,3,train_test,0.05,0.25,3,109,0.0,0.0,0.0,1.0,16677,16350,150.0,153.0,0.0,0.0,0,0,0,0,0,0,0,0,0,0.0,0.0,0,0,45,327,0,0,0,0,0.0,0,109,0.0,0.0,747,748,747,747,747,17928,24.0,0.9803921568627451,0.9934640522875817,1.0130718954248366,0.9869281045751634
Stride,WAM depth=4,3,train_test,0.05,0.25,3,109,0.0,0.0,0.0,1.0,16786,16350,150.0,154.0,0.0,0.0,0,0,0,0,0,0,0,0,0,0.0,0.0,0,0,45,436,0,0,0,0,0.0,0,109,0.0,0.0,994,995,994,994,994,23856,24.0,0.974025974025974,0.987012987012987,1.0064935064935066,0.9805194805194806
Stride,WAM depth=8,3,train_test,0.05,0.25,3,109,0.0,0.0,0.0,1.0,17222,16350,150.0,158.0,0.0,0.0,0,0,0,0,0,0,0,0,0,0.0,0.0,0,0,45,872,0,0,0,0,0.0,0,109,0.0,0.0,1972,1973,1972,1972,1972,47328,24.0,0.9493670886075949,0.9620253164556962,0.9810126582278481,0.9556962025316456
Repeating,None,3,train_test,0.05,0.25,3,109,0.963302752293578,0.0,0.0,0.03669724770642202,1020,1020,9.357798165137615,9.357798165137615,0.0,0.0,0,0,0,0,0,0,0,0,0,0.0,0.0,0,0,0,0,0,0,0,0,0.0,0,0,0.0,0.0,0,0,0,0,0,0,0.0,1.0,1.119607843137255,1.119607843137255,1.1225490196078431
Repeating,NextLine,3,train_test,0.05,0.25,3,109,0.9908256880733946,0.0,0.0,0.009174311926605505,1142,582,5.339449541284404,10.477064220183486,0.7522935779816514,0.7522935779816514,109,109,4,4,0,3,3,1,105,0.75,0.75,32,0,0,109,0,4,0,-1,0.0,0,109,0.0,0.0,0,0,0,0,0,0,0.0,0.8931698774080561,1.0,1.0,1.0026269702276707
Repeating,Stride,3,train_test,0.05,0.25,3,109,0.9908256880733946,0.0,0.0,0.009174311926605505,1142,582,5.339449541284404,10.477064220183486,0.7522935779816514,0.7522935779816514,109,109,4,4,0,3,3,1,105,0.75,0.75,32,0,0,109,0,4,0,-1,0.0,0,109,0.0,0.0,1,1,1,1,0,16,16.0,0.8931698774080561,1.0,1.0,1.0026269702276707
Repeating,Markov-1,3,train_test,0.05,0.25,3,109,1.0,0.0,0.0,0.0,1145,436,4.0,10.504587155963304,1.0,1.0,109,109,4,4,0,4,4,0,105,1.0,1.0,32,0,0,109,0,4,0,0,0.0,0,109,0.0,0.0,4,4,4,4,4,96,24.0,0.8908296943231441,0.9973799126637555,0.9973799126637555,1.0
Repeating,WAM depth=1,3,train_test,0.05,0.25,3,109,1.0,0.0,0.0,0.0,1145,436,4.0,10.504587155963304,1.0,1.0,109,109,4,4,0,4,4,0,105,1.0,1.0,32,0,0,109,0,4,0,0,1.0,0,0,62.4954128440367,0.0,4,5,4,4,4,96,24.0,0.8908296943231441,0.9973799126637555,0.9973799126637555,1.0
Repeating,WAM depth=2,3,train_test,0.05,0.25,3,109,1.0,0.0,0.0,0.0,1254,436,4.0,11.504587155963304,1.0,1.0,109,109,4,4,0,4,4,0,105,1.0,1.0,32,0,0,218,0,4,0,0,1.0,0,0,62.24770642201835,0.0,8,9,8,8,8,192,24.0,0.8133971291866029,0.9106858054226475,0.9106858054226475,0.9130781499202552
Repeating,WAM depth=3,3,train_test,0.05,0.25,3,109,1.0,0.0,0.0,0.0,1363,436,4.0,12.504587155963304,1.0,1.0,109,109,4,4,0,4,4,0,105,1.0,1.0,32,0,0,327,0,4,0,0,1.0,0,0,62.0,0.0,12,13,12,12,12,288,24.0,0.7483492296404989,0.8378576669112252,0.8378576669112252,0.8400586940572267
Repeating,WAM depth=4,3,train_test,0.05,0.25,3,109,1.0,0.0,0.0,0.0,1472,436,4.0,13.504587155963304,1.0,1.0,109,109,4,4,0,4,4,0,105,1.0,1.0,32,0,0,436,0,4,0,0,1.0,0,0,61.74311926605505,0.0,16,17,16,16,16,384,24.0,0.6929347826086957,0.7758152173913043,0.7758152173913043,0.7778532608695652
Repeating,WAM depth=8,3,train_test,0.05,0.25,3,109,1.0,0.0,0.0,0.0,1908,436,4.0,17.504587155963304,1.0,1.0,109,109,4,4,0,4,4,0,105,1.0,1.0,32,0,0,872,0,4,0,0,1.0,0,0,60.74311926605505,0.0,32,33,32,32,32,768,24.0,0.5345911949685535,0.5985324947589099,0.5985324947589099,0.600104821802935
Contextual,None,3,train_test,0.05,0.25,3,109,0.9541284403669725,0.0,0.0,0.045871559633027525,1166,1166,10.697247706422019,10.697247706422019,0.0,0.0,0,0,0,0,0,0,0,0,0,0.0,0.0,0,0,0,0,0,0,0,0,0.0,0,0,0.0,0.0,0,0,0,0,0,0,0.0,1.0,0.9742710120068611,1.0934819897084047,0.9828473413379074
Contextual,NextLine,3,train_test,0.05,0.25,3,109,0.9724770642201835,0.0,0.0,0.027522935779816515,1136,874,8.01834862385321,10.422018348623853,0.1651376146788991,0.1651376146788991,109,109,4,4,0,2,1,2,105,0.5,0.4,32,0,0,109,0,4,146,144,0.0,0,109,0.0,0.0,0,0,0,0,0,0,0.0,1.0264084507042253,1.0,1.1223591549295775,1.0088028169014085
Contextual,Stride,3,train_test,0.05,0.25,3,109,0.9541284403669725,0.0,0.0,0.045871559633027525,1275,1166,10.697247706422019,11.697247706422019,0.0,0.0,0,0,0,0,0,0,0,0,0,0.0,0.0,0,0,0,109,0,0,0,0,0.0,0,109,0.0,0.0,1,1,1,1,0,16,16.0,0.9145098039215687,0.8909803921568628,1.0,0.8988235294117647
Contextual,Markov-1,3,train_test,0.05,0.25,3,109,1.0,0.0,0.0,0.0,1146,436,4.0,10.513761467889909,0.8256880733944955,1.0,109,146,5,5,0,5,4,0,141,1.0,1.0,40,0,0,109,0,5,146,146,0.0,0,109,0.0,0.0,6,5,6,6,6,144,24.0,1.0174520069808028,0.9912739965095986,1.112565445026178,1.0
Contextual,WAM depth=1,3,train_test,0.05,0.25,3,109,1.0,0.0,0.0,0.0,1146,436,4.0,10.513761467889909,0.8256880733944955,1.0,109,146,5,5,0,5,4,0,141,1.0,1.0,40,0,0,109,0,5,146,146,1.0,0,0,55.75229357798165,0.3394139966466874,5,6,5,5,5,120,24.0,1.0174520069808028,0.9912739965095986,1.112565445026178,1.0
Contextual,WAM depth=2,3,train_test,0.05,0.25,3,109,1.0,0.0,0.0,0.0,1404,436,4.0,12.880733944954128,1.0,1.0,109,109,5,5,0,5,5,0,104,1.0,1.0,40,0,0,218,0,5,0,0,1.0,0,0,41.4954128440367,0.0,11,12,11,11,11,264,24.0,0.8304843304843305,0.8091168091168092,0.9081196581196581,0.8162393162393162
Contextual,WAM depth=3,3,train_test,0.05,0.25,3,109,1.0,0.0,0.0,0.0,1513,436,4.0,13.880733944954128,1.0,1.0,109,109,5,5,0,5,5,0,104,1.0,1.0,40,0,0,327,0,5,0,0,1.0,0,0,41.330275229357795,0.0,17,18,17,17,17,408,24.0,0.7706543291473893,0.7508261731658956,0.8426966292134831,0.7574355584930601
Contextual,WAM depth=4,3,train_test,0.05,0.25,3,109,1.0,0.0,0.0,0.0,1622,436,4.0,14.880733944954128,1.0,1.0,109,109,5,5,0,5,5,0,104,1.0,1.0,40,0,0,436,0,5,0,0,1.0,0,0,41.1651376146789,0.0,23,24,23,23,23,552,24.0,0.718865598027127,0.7003699136868065,0.7860665844636252,0.7065351418002466
Contextual,WAM depth=8,3,train_test,0.05,0.25,3,109,1.0,0.0,0.0,0.0,2058,436,4.0,18.880733944954127,1.0,1.0,109,109,5,5,0,5,5,0,104,1.0,1.0,40,0,0,872,0,5,0,0,1.0,0,0,40.4954128440367,0.0,47,48,47,47,47,1128,24.0,0.5665694849368319,0.5519922254616132,0.619533527696793,0.5568513119533528
LongerDependency,None,3,train_test,0.05,0.25,3,109,0.9357798165137615,0.0,0.0,0.06422018348623854,1458,1458,13.376146788990825,13.376146788990825,0.0,0.0,0,0,0,0,0,0,0,0,0,0.0,0.0,0,0,0,0,0,0,0,0,0.0,0,0,0.0,0.0,0,0,0,0,0,0,0.0,1.0,0.9732510288065843,1.0747599451303156,0.9910836762688614
LongerDependency,NextLine,3,train_test,0.05,0.25,3,109,0.981651376146789,0.0,0.0,0.01834862385321101,1419,728,6.678899082568807,13.01834862385321,0.5045871559633027,0.5045871559633027,109,109,7,7,0,5,4,2,102,0.7142857142857143,0.7142857142857143,56,0,0,109,0,7,164,162,0.0,0,109,0.0,0.0,0,0,0,0,0,0,0.0,1.0274841437632136,1.0,1.1042988019732205,1.018322762508809
LongerDependency,Stride,3,train_test,0.05,0.25,3,109,0.9357798165137615,0.0,0.0,0.06422018348623854,1567,1458,13.376146788990825,14.376146788990825,0.0,0.0,0,0,0,0,0,0,0,0,0,0.0,0.0,0,0,0,109,0,0,0,0,0.0,0,109,0.0,0.0,1,1,1,1,0,16,16.0,0.9304403318442884,0.9055520102105935,1.0,0.9221442246330568
LongerDependency,Markov-1,3,train_test,0.05,0.25,3,109,1.0,0.0,0.0,0.0,1445,436,4.0,13.256880733944953,0.8990825688073395,1.0,109,131,7,7,0,7,6,0,124,1.0,1.0,56,0,0,109,0,7,146,146,0.0,0,109,0.0,0.0,8,7,8,8,8,192,24.0,1.0089965397923875,0.9820069204152249,1.0844290657439446,1.0
LongerDependency,WAM depth=1,3,train_test,0.05,0.25,3,109,1.0,0.0,0.0,0.0,1445,436,4.0,13.256880733944953,0.8990825688073395,1.0,109,131,7,7,0,7,6,0,124,1.0,1.0,56,0,0,109,0,7,146,146,1.0,0,0,40.137614678899084,0.2018348623853211,7,8,7,7,7,168,24.0,1.0089965397923875,0.9820069204152249,1.0844290657439446,1.0
LongerDependency,WAM depth=2,3,train_test,0.05,0.25,3,109,1.0,0.0,0.0,0.0,1554,436,4.0,14.256880733944953,0.8990825688073395,1.0,109,131,7,7,0,7,6,0,124,1.0,1.0,56,0,0,218,0,7,146,146,1.0,0,0,34.99082568807339,0.2018348623853211,15,16,15,15,15,360,24.0,0.9382239382239382,0.9131274131274131,1.0083655083655083,0.9298584298584298
LongerDependency,WAM depth=3,3,train_test,0.05,0.25,3,109,1.0,0.0,0.0,0.0,1663,436,4.0,15.256880733944953,0.8990825688073395,1.0,109,131,7,7,0,7,6,0,124,1.0,1.0,56,0,0,327,0,7,146,146,1.0,0,0,29.844036697247706,0.2018348623853211,24,25,24,24,24,576,24.0,0.8767288033674083,0.8532772098616958,0.9422730006013229,0.8689116055321707
LongerDependency,WAM depth=4,3,train_test,0.05,0.25,3,109,1.0,0.0,0.0,0.0,1922,436,4.0,17.63302752293578,1.0,1.0,109,109,7,7,0,7,7,0,102,1.0,1.0,56,0,0,436,0,7,0,0,1.0,0,0,24.69724770642202,0.0,34,35,34,34,34,816,24.0,0.7585848074921956,0.7382934443288242,0.8152965660770031,0.7518210197710719
LongerDependency,WAM depth=8,3,train_test,0.05,0.25,3,109,1.0,0.0,0.0,0.0,2358,436,4.0,21.63302752293578,1.0,1.0,109,109,7,7,0,7,7,0,102,1.0,1.0,56,0,0,872,0,7,0,0,1.0,0,0,24.293577981651374,0.0,74,75,74,74,74,1776,24.0,0.6183206106870229,0.6017811704834606,0.6645462256149279,0.6128074639525021
Probabilistic,None,3,train_test,0.05,0.25,3,109,0.963302752293578,0.0,0.0,0.03669724770642202,1020,1020,9.357798165137615,9.357798165137615,0.0,0.0,0,0,0,0,0,0,0,0,0,0.0,0.0,0,0,0,0,0,0,0,0,0.0,0,0,0.0,0.0,0,0,0,0,0,0,0.0,1.0,0.9696078431372549,1.1068627450980393,0.9764705882352941
Probabilistic,NextLine,3,train_test,0.05,0.25,3,109,0.981651376146789,0.0,0.0,0.01834862385321101,989,728,6.678899082568807,9.073394495412844,0.6146788990825688,0.6146788990825688,109,109,3,3,0,2,1,1,106,0.6666666666666666,0.5,24,0,0,109,0,3,146,145,0.0,0,109,0.0,0.0,0,0,0,0,0,0,0.0,1.031344792719919,1.0,1.1415571284125379,1.0070778564206269
Probabilistic,Stride,3,train_test,0.05,0.25,3,109,0.963302752293578,0.0,0.0,0.03669724770642202,1129,1020,9.357798165137615,10.357798165137615,0.0,0.0,0,0,0,0,0,0,0,0,0,0.0,0.0,0,0,0,109,0,0,0,0,0.0,0,109,0.0,0.0,1,1,1,1,0,16,16.0,0.9034543844109831,0.8759964570416298,1.0,0.8821966341895483
Probabilistic,Markov-1,3,train_test,0.05,0.25,3,109,1.0,0.0,0.0,0.0,996,436,4.0,9.137614678899082,0.944954128440367,1.0,109,146,4,4,0,4,3,0,142,1.0,1.0,32,0,0,109,0,4,146,146,0.0,0,109,0.0,0.0,5,4,5,5,5,120,24.0,1.0240963855421688,0.9929718875502008,1.1335341365461848,1.0
Probabilistic,WAM depth=1,3,train_test,0.05,0.25,3,109,1.0,0.0,0.0,0.0,996,436,4.0,9.137614678899082,0.944954128440367,1.0,109,146,4,4,0,4,3,0,142,1.0,1.0,32,0,0,109,0,4,146,146,1.0,0,0,72.81651376146789,0.30891721902307373,4,5,4,4,4,96,24.0,1.0240963855421688,0.9929718875502008,1.1335341365461848,1.0
Probabilistic,WAM depth=2,3,train_test,0.05,0.25,3,109,1.0,0.0,0.0,0.0,1105,436,4.0,10.137614678899082,0.944954128440367,1.0,109,146,4,4,0,4,3,0,142,1.0,1.0,32,0,0,218,0,4,146,146,1.0,0,0,61.972477064220186,0.30891721902307373,9,10,9,9,9,216,24.0,0.9230769230769231,0.8950226244343892,1.0217194570135746,0.9013574660633484
Probabilistic,WAM depth=3,3,train_test,0.05,0.25,3,109,1.0,0.0,0.0,0.0,1214,436,4.0,11.137614678899082,0.944954128440367,1.0,109,146,4,4,0,4,3,0,142,1.0,1.0,32,0,0,327,0,4,146,146,1.0,0,0,50.92660550458716,0.3127387956466181,15,16,15,15,15,360,24.0,0.8401976935749588,0.814662273476112,0.9299835255354201,0.8204283360790774
Probabilistic,WAM depth=4,3,train_test,0.05,0.25,3,109,1.0,0.0,0.0,0.0,1323,436,4.0,12.137614678899082,0.944954128440367,1.0,109,146,4,4,0,4,3,0,142,1.0,1.0,32,0,0,436,0,4,146,146,1.0,0,0,44.10091743119266,0.3127387956466181,23,24,23,23,23,552,24.0,0.7709750566893424,0.7475434618291761,0.8533635676492819,0.7528344671201814
Probabilistic,WAM depth=8,3,train_test,0.05,0.25,3,109,1.0,0.0,0.0,0.0,1759,436,4.0,16.137614678899084,0.944954128440367,1.0,109,146,4,4,0,4,3,0,142,1.0,1.0,32,0,0,872,0,4,146,146,1.0,0,0,22.045871559633028,0.3156863550895592,81,82,81,81,81,1944,24.0,0.579874928936896,0.5622512791358727,0.641841955656623,0.5662308129619101
PhaseChanging,None,3,train_test,0.05,0.25,3,109,0.9724770642201835,0.0,0.0,0.027522935779816515,874,874,8.01834862385321,8.01834862385321,0.0,0.0,0,0,0,0,0,0,0,0,0,0.0,0.0,0,0,0,0,0,0,0,0,0.0,0,0,0.0,0.0,0,0,0,0,0,0,0.0,1.0,1.131578947368421,1.1247139588100687,1.139588100686499
PhaseChanging,NextLine,3,train_test,0.05,0.25,3,109,0.981651376146789,0.0,0.0,0.01834862385321101,989,728,6.678899082568807,9.073394495412844,0.3394495412844037,0.3394495412844037,109,109,3,3,0,1,1,2,106,0.3333333333333333,0.3333333333333333,24,0,0,109,0,3,0,-2,0.0,0,109,0.0,0.0,0,0,0,0,0,0,0.0,0.8837209302325582,1.0,0.993933265925177,1.0070778564206269
PhaseChanging,Stride,3,train_test,0.05,0.25,3,109,0.9724770642201835,0.0,0.0,0.027522935779816515,983,874,8.01834862385321,9.01834862385321,0.0,0.0,0,0,0,0,0,0,0,0,0,0.0,0.0,0,0,0,109,0,0,0,0,0.0,0,109,0.0,0.0,1,1,1,1,0,16,16.0,0.8891149542217701,1.0061037639877926,1.0,1.0132248219735505
PhaseChanging,Markov-1,3,train_test,0.05,0.25,3,109,1.0,0.0,0.0,0.0,996,436,4.0,9.137614678899082,0.6697247706422018,1.0,109,145,4,4,0,3,3,1,141,0.75,1.0,32,0,0,109,0,4,0,-1,0.0,0,109,0.0,0.0,6,5,6,6,6,144,24.0,0.8775100401606426,0.9929718875502008,0.9869477911646586,1.0
PhaseChanging,WAM depth=1,3,train_test,0.05,0.25,3,109,1.0,0.0,0.0,0.0,996,436,4.0,9.137614678899082,0.6697247706422018,1.0,109,145,4,4,0,3,3,1,141,0.75,1.0,32,0,0,109,0,4,0,-1,1.0,0,0,43.14678899082569,0.28506734374677734,5,6,5,5,5,120,24.0,0.8775100401606426,0.9929718875502008,0.9869477911646586,1.0
PhaseChanging,WAM depth=2,3,train_test,0.05,0.25,3,109,1.0,0.0,0.0,0.0,1104,436,4.0,10.128440366972477,1.0,1.0,109,109,3,3,0,3,3,0,106,1.0,1.0,24,0,0,218,0,3,0,0,1.0,0,0,23.0,0.0,11,12,11,11,11,264,24.0,0.7916666666666666,0.8958333333333334,0.8903985507246377,0.9021739130434783
PhaseChanging,WAM depth=3,3,train_test,0.05,0.25,3,109,1.0,0.0,0.0,0.0,1213,436,4.0,11.128440366972477,1.0,1.0,109,109,3,3,0,3,3,0,106,1.0,1.0,24,0,0,327,0,3,0,0,1.0,0,0,22.660550458715598,0.0,18,19,18,18,18,432,24.0,0.720527617477329,0.8153338829348722,0.8103874690849134,0.8211046990931574
PhaseChanging,WAM depth=4,3,train_test,0.05,0.25,3,109,1.0,0.0,0.0,0.0,1322,436,4.0,12.128440366972477,1.0,1.0,109,109,3,3,0,3,3,0,106,1.0,1.0,24,0,0,436,0,3,0,0,1.0,0,0,22.3302752293578,0.0,26,27,26,26,26,624,24.0,0.6611195158850227,0.7481089258698941,0.74357034795764,0.7534039334341907
PhaseChanging,WAM depth=8,3,train_test,0.05,0.25,3,109,1.0,0.0,0.0,0.0,1758,436,4.0,16.128440366972477,1.0,1.0,109,109,3,3,0,3,3,0,106,1.0,1.0,24,0,0,872,0,3,0,0,1.0,0,0,21.0,0.0,68,69,68,68,68,1632,24.0,0.49715585893060293,0.5625711035267349,0.5591581342434585,0.5665529010238908
Random,None,3,train_test,0.05,0.25,3,109,0.05504587155963303,0.0,0.0,0.944954128440367,15474,15474,141.96330275229357,141.96330275229357,0.0,0.0,0,0,0,0,0,0,0,0,0,0.0,0.0,0,0,39,0,0,0,0,0,0.0,0,0,0.0,0.0,0,0,0,0,0,0,0.0,1.0,0.9855887294817113,1.007044073930464,0.9993537546852785
Random,NextLine,3,train_test,0.05,0.25,3,109,0.07339449541284404,0.009174311926605505,0.0,0.9174311926605505,15251,15044,138.0183486238532,139.91743119266056,0.0,0.0,109,109,98,97,0,3,0,95,11,0.030612244897959183,0.02912621359223301,784,1,70,109,0,98,438,407,0.0,0,109,0.0,0.0,0,0,0,0,0,0,0.0,1.0146219920005246,1.0,1.021769064323651,1.013966297291981
Random,Stride,3,train_test,0.05,0.25,3,109,0.05504587155963303,0.0,0.0,0.944954128440367,15583,15474,141.96330275229357,142.96330275229357,0.0,0.0,0,0,0,0,0,0,0,0,0,0.0,0.0,0,0,39,109,0,0,0,0,0.0,0,109,0.0,0.0,1,1,1,1,0,16,16.0,0.9930051979721491,0.9786947314381056,1.0,0.9923634730154656
Random,Markov-1,3,train_test,0.05,0.25,3,109,0.05504587155963303,0.009174311926605505,0.0,0.9357798165137615,15464,15336,140.69724770642202,141.87155963302752,0.0,0.0,20,23,19,19,0,1,0,18,4,0.05263157894736842,0.009708737864077669,152,0,50,109,0,19,146,136,0.0,0,109,0.0,0.0,250,219,250,250,250,6000,24.0,1.0006466632177962,0.9862260734609415,1.0076952922917743,1.0
Random,WAM depth=1,3,train_test,0.05,0.25,3,109,0.05504587155963303,0.009174311926605505,0.0,0.9357798165137615,15464,15336,140.69724770642202,141.87155963302752,0.0,0.0,20,23,19,19,0,1,0,18,4,0.05263157894736842,0.009708737864077669,152,0,50,109,0,19,146,136,0.1834862385321101,0,89,0.21100917431192662,0.15,219,220,219,219,219,5256,24.0,1.0006466632177962,0.9862260734609415,1.0076952922917743,1.0
Random,WAM depth=2,3,train_test,0.05,0.25,3,109,0.05504587155963303,0.009174311926605505,0.0,0.9357798165137615,15573,15336,140.69724770642202,142.87155963302752,0.0,0.0,20,23,19,19,0,1,0,18,4,0.05263157894736842,0.009708737864077669,152,0,50,218,0,19,146,136,0.0,20,89,0.21100917431192662,0.15,468,469,468,468,468,11232,24.0,0.9936428433827779,0.979323187568227,1.0006421370320426,0.9930007063507352
Random,WAM depth=3,3,train_test,0.05,0.25,3,109,0.05504587155963303,0.009174311926605505,0.0,0.9357798165137615,15682,15336,140.69724770642202,143.87155963302752,0.0,0.0,20,23,19,19,0,1,0,18,4,0.05263157894736842,0.009708737864077669,152,0,50,327,0,19,146,136,0.0,20,89,0.21100917431192662,0.15,716,717,716,716,716,17184,24.0,0.9867363856650937,0.9725162606810356,0.9936870297155975,0.9860987118989925
Random,WAM depth=4,3,train_test,0.05,0.25,3,109,0.05504587155963303,0.009174311926605505,0.0,0.9357798165137615,15791,15336,140.69724770642202,144.87155963302752,0.0,0.0,20,23,19,19,0,1,0,18,4,0.05263157894736842,0.009708737864077669,152,0,50,436,0,19,146,136,0.0,20,89,0.21100917431192662,0.15,963,964,963,963,963,23112,24.0,0.9799252738901906,0.9658033056804509,0.9868279399658033,0.9792920017731619
Random,WAM depth=8,3,train_test,0.05,0.25,3,109,0.05504587155963303,0.009174311926605505,0.0,0.9357798165137615,16227,15336,140.69724770642202,148.87155963302752,0.0,0.0,20,23,19,19,0,1,0,18,4,0.05263157894736842,0.009708737864077669,152,0,50,872,0,19,146,136,0.0,20,89,0.21100917431192662,0.15,1941,1942,1941,1941,1941,46584,24.0,0.9535958587539286,0.9398533308683059,0.9603130584827756,0.9529796018980711
Sequential,None,4,train_test,0.05,0.25,3,109,0.0,0.0,0.0,1.0,16350,16350,150.0,150.0,0.0,0.0,0,0,0,0,0,0,0,0,0,0.0,0.0,0,0,45,0,0,0,0,0,0.0,0,0,0.0,0.0,0,0,0,0,0,0,0.0,1.0,1.0333333333333334,1.0333333333333334,1.0066666666666666
Sequential,NextLine,4,train_test,0.05,0.25,3,109,1.0,0.0,0.0,0.0,16895,436,4.0,155.0,1.0,1.0,109,109,109,109,0,109,109,0,0,1.0,1.0,872,0,45,109,0,109,0,0,0.0,0,109,0.0,0.0,0,0,0,0,0,0,0.0,0.967741935483871,1.0,1.0,0.9741935483870968
Sequential,Stride,4,train_test,0.05,0.25,3,109,1.0,0.0,0.0,0.0,16895,436,4.0,155.0,1.0,1.0,109,109,109,109,0,109,109,0,0,1.0,1.0,872,0,45,109,0,109,0,0,0.0,0,109,0.0,0.0,1,1,1,1,0,16,16.0,0.967741935483871,1.0,1.0,0.9741935483870968
Sequential,Markov-1,4,train_test,0.05,0.25,3,109,0.0,0.0,0.0,1.0,16459,16350,150.0,151.0,0.0,0.0,0,0,0,0,0,0,0,0,0,0.0,0.0,0,0,45,109,0,0,0,0,0.0,0,109,0.0,0.0,250,250,250,250,250,6000,24.0,0.9933774834437086,1.0264900662251655,1.0264900662251655,1.0
Sequential,WAM depth=1,4,train_test,0.05,0.25,3,109,0.0,0.0,0.0,1.0,16459,16350,150.0,151.0,0.0,0.0,0,0,0,0,0,0,0,0,0,0.0,0.0,0,0,45,109,0,0,0,0,0.0,0,109,0.0,0.0,250,251,250,250,250,6000,24.0,0.9933774834437086,1.0264900662251655,1.0264900662251655,1.0
Sequential,WAM depth=2,4,train_test,0.05,0.25,3,109,0.0,0.0,0.0,1.0,16568,16350,150.0,152.0,0.0,0.0,0,0,0,0,0,0,0,0,0,0.0,0.0,0,0,45,218,0,0,0,0,0.0,0,109,0.0,0.0,499,500,499,499,499,11976,24.0,0.9868421052631579,1.019736842105263,1.019736842105263,0.993421052631579
Sequential,WAM depth=3,4,train_test,0.05,0.25,3,109,0.0,0.0,0.0,1.0,16677,16350,150.0,153.0,0.0,0.0,0,0,0,0,0,0,0,0,0,0.0,0.0,0,0,45,327,0,0,0,0,0.0,0,109,0.0,0.0,747,748,747,747,747,17928,24.0,0.9803921568627451,1.0130718954248366,1.0130718954248366,0.9869281045751634
Sequential,WAM depth=4,4,train_test,0.05,0.25,3,109,0.0,0.0,0.0,1.0,16786,16350,150.0,154.0,0.0,0.0,0,0,0,0,0,0,0,0,0,0.0,0.0,0,0,45,436,0,0,0,0,0.0,0,109,0.0,0.0,994,995,994,994,994,23856,24.0,0.974025974025974,1.0064935064935066,1.0064935064935066,0.9805194805194806
Sequential,WAM depth=8,4,train_test,0.05,0.25,3,109,0.0,0.0,0.0,1.0,17222,16350,150.0,158.0,0.0,0.0,0,0,0,0,0,0,0,0,0,0.0,0.0,0,0,45,872,0,0,0,0,0.0,0,109,0.0,0.0,1972,1973,1972,1972,1972,47328,24.0,0.9493670886075949,0.9810126582278481,0.9810126582278481,0.9556962025316456
Stride,None,4,train_test,0.05,0.25,3,109,0.0,0.0,0.0,1.0,16350,16350,150.0,150.0,0.0,0.0,0,0,0,0,0,0,0,0,0,0.0,0.0,0,0,45,0,0,0,0,0,0.0,0,0,0.0,0.0,0,0,0,0,0,0,0.0,1.0,1.0133333333333334,1.0333333333333334,1.0066666666666666
Stride,NextLine,4,train_test,0.05,0.25,3,109,0.0,0.0,0.0,1.0,16568,16350,150.0,152.0,0.0,0.0,109,109,109,108,0,0,0,109,0,0.0,0.0,872,0,77,109,0,109,0,-33,0.0,0,109,0.0,0.0,0,0,0,0,0,0,0.0,0.9868421052631579,1.0,1.019736842105263,0.993421052631579
Stride,Stride,4,train_test,0.05,0.25,3,109,1.0,0.0,0.0,0.0,16895,436,4.0,155.0,1.0,1.0,109,109,109,109,0,109,109,0,0,1.0,1.0,872,0,45,109,0,109,0,0,0.0,0,109,0.0,0.0,1,1,1,1,0,16,16.0,0.967741935483871,0.9806451612903225,1.0,0.9741935483870968
Stride,Markov-1,4,train_test,0.05,0.25,3,109,0.0,0.0,0.0,1.0,16459,16350,150.0,151.0,0.0,0.0,0,0,0,0,0,0,0,0,0,0.0,0.0,0,0,45,109,0,0,0,0,0.0,0,109,0.0,0.0,250,250,250,250,250,6000,24.0,0.9933774834437086,1.0066225165562914,1.0264900662251655,1.0
Stride,WAM depth=1,4,train_test,0.05,0.25,3,109,0.0,0.0,0.0,1.0,16459,16350,150.0,151.0,0.0,0.0,0,0,0,0,0,0,0,0,0,0.0,0.0,0,0,45,109,0,0,0,0,0.0,0,109,0.0,0.0,250,251,250,250,250,6000,24.0,0.9933774834437086,1.0066225165562914,1.0264900662251655,1.0
Stride,WAM depth=2,4,train_test,0.05,0.25,3,109,0.0,0.0,0.0,1.0,16568,16350,150.0,152.0,0.0,0.0,0,0,0,0,0,0,0,0,0,0.0,0.0,0,0,45,218,0,0,0,0,0.0,0,109,0.0,0.0,499,500,499,499,499,11976,24.0,0.9868421052631579,1.0,1.019736842105263,0.993421052631579
Stride,WAM depth=3,4,train_test,0.05,0.25,3,109,0.0,0.0,0.0,1.0,16677,16350,150.0,153.0,0.0,0.0,0,0,0,0,0,0,0,0,0,0.0,0.0,0,0,45,327,0,0,0,0,0.0,0,109,0.0,0.0,747,748,747,747,747,17928,24.0,0.9803921568627451,0.9934640522875817,1.0130718954248366,0.9869281045751634
Stride,WAM depth=4,4,train_test,0.05,0.25,3,109,0.0,0.0,0.0,1.0,16786,16350,150.0,154.0,0.0,0.0,0,0,0,0,0,0,0,0,0,0.0,0.0,0,0,45,436,0,0,0,0,0.0,0,109,0.0,0.0,994,995,994,994,994,23856,24.0,0.974025974025974,0.987012987012987,1.0064935064935066,0.9805194805194806
Stride,WAM depth=8,4,train_test,0.05,0.25,3,109,0.0,0.0,0.0,1.0,17222,16350,150.0,158.0,0.0,0.0,0,0,0,0,0,0,0,0,0,0.0,0.0,0,0,45,872,0,0,0,0,0.0,0,109,0.0,0.0,1972,1973,1972,1972,1972,47328,24.0,0.9493670886075949,0.9620253164556962,0.9810126582278481,0.9556962025316456
Repeating,None,4,train_test,0.05,0.25,3,109,0.963302752293578,0.0,0.0,0.03669724770642202,1020,1020,9.357798165137615,9.357798165137615,0.0,0.0,0,0,0,0,0,0,0,0,0,0.0,0.0,0,0,0,0,0,0,0,0,0.0,0,0,0.0,0.0,0,0,0,0,0,0,0.0,1.0,1.119607843137255,1.119607843137255,1.1225490196078431
Repeating,NextLine,4,train_test,0.05,0.25,3,109,0.9908256880733946,0.0,0.0,0.009174311926605505,1142,582,5.339449541284404,10.477064220183486,0.7522935779816514,0.7522935779816514,109,109,4,4,0,3,3,1,105,0.75,0.75,32,0,0,109,0,4,0,-1,0.0,0,109,0.0,0.0,0,0,0,0,0,0,0.0,0.8931698774080561,1.0,1.0,1.0026269702276707
Repeating,Stride,4,train_test,0.05,0.25,3,109,0.9908256880733946,0.0,0.0,0.009174311926605505,1142,582,5.339449541284404,10.477064220183486,0.7522935779816514,0.7522935779816514,109,109,4,4,0,3,3,1,105,0.75,0.75,32,0,0,109,0,4,0,-1,0.0,0,109,0.0,0.0,1,1,1,1,0,16,16.0,0.8931698774080561,1.0,1.0,1.0026269702276707
Repeating,Markov-1,4,train_test,0.05,0.25,3,109,1.0,0.0,0.0,0.0,1145,436,4.0,10.504587155963304,1.0,1.0,109,109,4,4,0,4,4,0,105,1.0,1.0,32,0,0,109,0,4,0,0,0.0,0,109,0.0,0.0,4,4,4,4,4,96,24.0,0.8908296943231441,0.9973799126637555,0.9973799126637555,1.0
Repeating,WAM depth=1,4,train_test,0.05,0.25,3,109,1.0,0.0,0.0,0.0,1145,436,4.0,10.504587155963304,1.0,1.0,109,109,4,4,0,4,4,0,105,1.0,1.0,32,0,0,109,0,4,0,0,1.0,0,0,62.4954128440367,0.0,4,5,4,4,4,96,24.0,0.8908296943231441,0.9973799126637555,0.9973799126637555,1.0
Repeating,WAM depth=2,4,train_test,0.05,0.25,3,109,1.0,0.0,0.0,0.0,1254,436,4.0,11.504587155963304,1.0,1.0,109,109,4,4,0,4,4,0,105,1.0,1.0,32,0,0,218,0,4,0,0,1.0,0,0,62.24770642201835,0.0,8,9,8,8,8,192,24.0,0.8133971291866029,0.9106858054226475,0.9106858054226475,0.9130781499202552
Repeating,WAM depth=3,4,train_test,0.05,0.25,3,109,1.0,0.0,0.0,0.0,1363,436,4.0,12.504587155963304,1.0,1.0,109,109,4,4,0,4,4,0,105,1.0,1.0,32,0,0,327,0,4,0,0,1.0,0,0,62.0,0.0,12,13,12,12,12,288,24.0,0.7483492296404989,0.8378576669112252,0.8378576669112252,0.8400586940572267
Repeating,WAM depth=4,4,train_test,0.05,0.25,3,109,1.0,0.0,0.0,0.0,1472,436,4.0,13.504587155963304,1.0,1.0,109,109,4,4,0,4,4,0,105,1.0,1.0,32,0,0,436,0,4,0,0,1.0,0,0,61.74311926605505,0.0,16,17,16,16,16,384,24.0,0.6929347826086957,0.7758152173913043,0.7758152173913043,0.7778532608695652
Repeating,WAM depth=8,4,train_test,0.05,0.25,3,109,1.0,0.0,0.0,0.0,1908,436,4.0,17.504587155963304,1.0,1.0,109,109,4,4,0,4,4,0,105,1.0,1.0,32,0,0,872,0,4,0,0,1.0,0,0,60.74311926605505,0.0,32,33,32,32,32,768,24.0,0.5345911949685535,0.5985324947589099,0.5985324947589099,0.600104821802935
Contextual,None,4,train_test,0.05,0.25,3,109,0.9541284403669725,0.0,0.0,0.045871559633027525,1166,1166,10.697247706422019,10.697247706422019,0.0,0.0,0,0,0,0,0,0,0,0,0,0.0,0.0,0,0,0,0,0,0,0,0,0.0,0,0,0.0,0.0,0,0,0,0,0,0,0.0,1.0,0.9742710120068611,1.0934819897084047,0.9828473413379074
Contextual,NextLine,4,train_test,0.05,0.25,3,109,0.9724770642201835,0.0,0.0,0.027522935779816515,1136,874,8.01834862385321,10.422018348623853,0.1651376146788991,0.1651376146788991,109,109,4,4,0,2,1,2,105,0.5,0.4,32,0,0,109,0,4,146,144,0.0,0,109,0.0,0.0,0,0,0,0,0,0,0.0,1.0264084507042253,1.0,1.1223591549295775,1.0088028169014085
Contextual,Stride,4,train_test,0.05,0.25,3,109,0.9541284403669725,0.0,0.0,0.045871559633027525,1275,1166,10.697247706422019,11.697247706422019,0.0,0.0,0,0,0,0,0,0,0,0,0,0.0,0.0,0,0,0,109,0,0,0,0,0.0,0,109,0.0,0.0,1,1,1,1,0,16,16.0,0.9145098039215687,0.8909803921568628,1.0,0.8988235294117647
Contextual,Markov-1,4,train_test,0.05,0.25,3,109,1.0,0.0,0.0,0.0,1146,436,4.0,10.513761467889909,0.8256880733944955,1.0,109,146,5,5,0,5,4,0,141,1.0,1.0,40,0,0,109,0,5,146,146,0.0,0,109,0.0,0.0,6,5,6,6,6,144,24.0,1.0174520069808028,0.9912739965095986,1.112565445026178,1.0
Contextual,WAM depth=1,4,train_test,0.05,0.25,3,109,1.0,0.0,0.0,0.0,1146,436,4.0,10.513761467889909,0.8256880733944955,1.0,109,146,5,5,0,5,4,0,141,1.0,1.0,40,0,0,109,0,5,146,146,1.0,0,0,55.75229357798165,0.3394139966466874,5,6,5,5,5,120,24.0,1.0174520069808028,0.9912739965095986,1.112565445026178,1.0
Contextual,WAM depth=2,4,train_test,0.05,0.25,3,109,1.0,0.0,0.0,0.0,1404,436,4.0,12.880733944954128,1.0,1.0,109,109,5,5,0,5,5,0,104,1.0,1.0,40,0,0,218,0,5,0,0,1.0,0,0,41.4954128440367,0.0,11,12,11,11,11,264,24.0,0.8304843304843305,0.8091168091168092,0.9081196581196581,0.8162393162393162
Contextual,WAM depth=3,4,train_test,0.05,0.25,3,109,1.0,0.0,0.0,0.0,1513,436,4.0,13.880733944954128,1.0,1.0,109,109,5,5,0,5,5,0,104,1.0,1.0,40,0,0,327,0,5,0,0,1.0,0,0,41.330275229357795,0.0,17,18,17,17,17,408,24.0,0.7706543291473893,0.7508261731658956,0.8426966292134831,0.7574355584930601
Contextual,WAM depth=4,4,train_test,0.05,0.25,3,109,1.0,0.0,0.0,0.0,1622,436,4.0,14.880733944954128,1.0,1.0,109,109,5,5,0,5,5,0,104,1.0,1.0,40,0,0,436,0,5,0,0,1.0,0,0,41.1651376146789,0.0,23,24,23,23,23,552,24.0,0.718865598027127,0.7003699136868065,0.7860665844636252,0.7065351418002466
Contextual,WAM depth=8,4,train_test,0.05,0.25,3,109,1.0,0.0,0.0,0.0,2058,436,4.0,18.880733944954127,1.0,1.0,109,109,5,5,0,5,5,0,104,1.0,1.0,40,0,0,872,0,5,0,0,1.0,0,0,40.4954128440367,0.0,47,48,47,47,47,1128,24.0,0.5665694849368319,0.5519922254616132,0.619533527696793,0.5568513119533528
LongerDependency,None,4,train_test,0.05,0.25,3,109,0.9357798165137615,0.0,0.0,0.06422018348623854,1458,1458,13.376146788990825,13.376146788990825,0.0,0.0,0,0,0,0,0,0,0,0,0,0.0,0.0,0,0,0,0,0,0,0,0,0.0,0,0,0.0,0.0,0,0,0,0,0,0,0.0,1.0,0.9732510288065843,1.0747599451303156,0.9910836762688614
LongerDependency,NextLine,4,train_test,0.05,0.25,3,109,0.981651376146789,0.0,0.0,0.01834862385321101,1419,728,6.678899082568807,13.01834862385321,0.5045871559633027,0.5045871559633027,109,109,7,7,0,5,4,2,102,0.7142857142857143,0.7142857142857143,56,0,0,109,0,7,164,162,0.0,0,109,0.0,0.0,0,0,0,0,0,0,0.0,1.0274841437632136,1.0,1.1042988019732205,1.018322762508809
LongerDependency,Stride,4,train_test,0.05,0.25,3,109,0.9357798165137615,0.0,0.0,0.06422018348623854,1567,1458,13.376146788990825,14.376146788990825,0.0,0.0,0,0,0,0,0,0,0,0,0,0.0,0.0,0,0,0,109,0,0,0,0,0.0,0,109,0.0,0.0,1,1,1,1,0,16,16.0,0.9304403318442884,0.9055520102105935,1.0,0.9221442246330568
LongerDependency,Markov-1,4,train_test,0.05,0.25,3,109,1.0,0.0,0.0,0.0,1445,436,4.0,13.256880733944953,0.8990825688073395,1.0,109,131,7,7,0,7,6,0,124,1.0,1.0,56,0,0,109,0,7,146,146,0.0,0,109,0.0,0.0,8,7,8,8,8,192,24.0,1.0089965397923875,0.9820069204152249,1.0844290657439446,1.0
LongerDependency,WAM depth=1,4,train_test,0.05,0.25,3,109,1.0,0.0,0.0,0.0,1445,436,4.0,13.256880733944953,0.8990825688073395,1.0,109,131,7,7,0,7,6,0,124,1.0,1.0,56,0,0,109,0,7,146,146,1.0,0,0,40.137614678899084,0.2018348623853211,7,8,7,7,7,168,24.0,1.0089965397923875,0.9820069204152249,1.0844290657439446,1.0
LongerDependency,WAM depth=2,4,train_test,0.05,0.25,3,109,1.0,0.0,0.0,0.0,1554,436,4.0,14.256880733944953,0.8990825688073395,1.0,109,131,7,7,0,7,6,0,124,1.0,1.0,56,0,0,218,0,7,146,146,1.0,0,0,34.99082568807339,0.2018348623853211,15,16,15,15,15,360,24.0,0.9382239382239382,0.9131274131274131,1.0083655083655083,0.9298584298584298
LongerDependency,WAM depth=3,4,train_test,0.05,0.25,3,109,1.0,0.0,0.0,0.0,1663,436,4.0,15.256880733944953,0.8990825688073395,1.0,109,131,7,7,0,7,6,0,124,1.0,1.0,56,0,0,327,0,7,146,146,1.0,0,0,29.844036697247706,0.2018348623853211,24,25,24,24,24,576,24.0,0.8767288033674083,0.8532772098616958,0.9422730006013229,0.8689116055321707
LongerDependency,WAM depth=4,4,train_test,0.05,0.25,3,109,1.0,0.0,0.0,0.0,1922,436,4.0,17.63302752293578,1.0,1.0,109,109,7,7,0,7,7,0,102,1.0,1.0,56,0,0,436,0,7,0,0,1.0,0,0,24.69724770642202,0.0,34,35,34,34,34,816,24.0,0.7585848074921956,0.7382934443288242,0.8152965660770031,0.7518210197710719
LongerDependency,WAM depth=8,4,train_test,0.05,0.25,3,109,1.0,0.0,0.0,0.0,2358,436,4.0,21.63302752293578,1.0,1.0,109,109,7,7,0,7,7,0,102,1.0,1.0,56,0,0,872,0,7,0,0,1.0,0,0,24.293577981651374,0.0,74,75,74,74,74,1776,24.0,0.6183206106870229,0.6017811704834606,0.6645462256149279,0.6128074639525021
Probabilistic,None,4,train_test,0.05,0.25,3,109,0.963302752293578,0.0,0.0,0.03669724770642202,1020,1020,9.357798165137615,9.357798165137615,0.0,0.0,0,0,0,0,0,0,0,0,0,0.0,0.0,0,0,0,0,0,0,0,0,0.0,0,0,0.0,0.0,0,0,0,0,0,0,0.0,1.0,0.9696078431372549,1.1068627450980393,0.9764705882352941
Probabilistic,NextLine,4,train_test,0.05,0.25,3,109,0.981651376146789,0.0,0.0,0.01834862385321101,989,728,6.678899082568807,9.073394495412844,0.5871559633027523,0.5871559633027523,109,109,3,3,0,2,1,1,106,0.6666666666666666,0.5,24,0,0,109,0,3,146,145,0.0,0,109,0.0,0.0,0,0,0,0,0,0,0.0,1.031344792719919,1.0,1.1415571284125379,1.0070778564206269
Probabilistic,Stride,4,train_test,0.05,0.25,3,109,0.963302752293578,0.0,0.0,0.03669724770642202,1129,1020,9.357798165137615,10.357798165137615,0.0,0.0,0,0,0,0,0,0,0,0,0,0.0,0.0,0,0,0,109,0,0,0,0,0.0,0,109,0.0,0.0,1,1,1,1,0,16,16.0,0.9034543844109831,0.8759964570416298,1.0,0.8821966341895483
Probabilistic,Markov-1,4,train_test,0.05,0.25,3,109,1.0,0.0,0.0,0.0,996,436,4.0,9.137614678899082,0.9174311926605505,1.0,109,146,4,4,0,4,3,0,142,1.0,1.0,32,0,0,109,0,4,146,146,0.0,0,109,0.0,0.0,5,4,5,5,5,120,24.0,1.0240963855421688,0.9929718875502008,1.1335341365461848,1.0
Probabilistic,WAM depth=1,4,train_test,0.05,0.25,3,109,1.0,0.0,0.0,0.0,996,436,4.0,9.137614678899082,0.9174311926605505,1.0,109,146,4,4,0,4,3,0,142,1.0,1.0,32,0,0,109,0,4,146,146,1.0,0,0,72.8440366972477,0.28319825193060827,4,5,4,4,4,96,24.0,1.0240963855421688,0.9929718875502008,1.1335341365461848,1.0
Probabilistic,WAM depth=2,4,train_test,0.05,0.25,3,109,1.0,0.0,0.0,0.0,1105,436,4.0,10.137614678899082,0.9174311926605505,1.0,109,146,4,4,0,4,3,0,142,1.0,1.0,32,0,0,218,0,4,146,146,1.0,0,0,62.027522935779814,0.28319825193060827,9,10,9,9,9,216,24.0,0.9230769230769231,0.8950226244343892,1.0217194570135746,0.9013574660633484
Probabilistic,WAM depth=3,4,train_test,0.05,0.25,3,109,1.0,0.0,0.0,0.0,1214,436,4.0,11.137614678899082,0.9174311926605505,1.0,109,146,4,4,0,4,3,0,142,1.0,1.0,32,0,0,327,0,4,146,146,1.0,0,0,50.88990825688074,0.2755223065039591,15,16,15,15,15,360,24.0,0.8401976935749588,0.814662273476112,0.9299835255354201,0.8204283360790774
Probabilistic,WAM depth=4,4,train_test,0.05,0.25,3,109,1.0,0.0,0.0,0.0,1323,436,4.0,12.137614678899082,0.9174311926605505,1.0,109,146,4,4,0,4,3,0,142,1.0,1.0,32,0,0,436,0,4,146,146,1.0,0,0,44.24770642201835,0.2755223065039591,23,24,23,23,23,552,24.0,0.7709750566893424,0.7475434618291761,0.8533635676492819,0.7528344671201814
Probabilistic,WAM depth=8,4,train_test,0.05,0.25,3,109,1.0,0.0,0.0,0.0,1759,436,4.0,16.137614678899084,0.9174311926605505,1.0,109,146,4,4,0,4,3,0,142,1.0,1.0,32,0,0,872,0,4,146,146,1.0,0,0,22.853211009174313,0.27406454248335854,81,82,81,81,81,1944,24.0,0.579874928936896,0.5622512791358727,0.641841955656623,0.5662308129619101
PhaseChanging,None,4,train_test,0.05,0.25,3,109,0.9724770642201835,0.0,0.0,0.027522935779816515,874,874,8.01834862385321,8.01834862385321,0.0,0.0,0,0,0,0,0,0,0,0,0,0.0,0.0,0,0,0,0,0,0,0,0,0.0,0,0,0.0,0.0,0,0,0,0,0,0,0.0,1.0,1.131578947368421,1.1247139588100687,1.139588100686499
PhaseChanging,NextLine,4,train_test,0.05,0.25,3,109,0.981651376146789,0.0,0.0,0.01834862385321101,989,728,6.678899082568807,9.073394495412844,0.3394495412844037,0.3394495412844037,109,109,3,3,0,1,1,2,106,0.3333333333333333,0.3333333333333333,24,0,0,109,0,3,0,-2,0.0,0,109,0.0,0.0,0,0,0,0,0,0,0.0,0.8837209302325582,1.0,0.993933265925177,1.0070778564206269
PhaseChanging,Stride,4,train_test,0.05,0.25,3,109,0.9724770642201835,0.0,0.0,0.027522935779816515,983,874,8.01834862385321,9.01834862385321,0.0,0.0,0,0,0,0,0,0,0,0,0,0.0,0.0,0,0,0,109,0,0,0,0,0.0,0,109,0.0,0.0,1,1,1,1,0,16,16.0,0.8891149542217701,1.0061037639877926,1.0,1.0132248219735505
PhaseChanging,Markov-1,4,train_test,0.05,0.25,3,109,1.0,0.0,0.0,0.0,996,436,4.0,9.137614678899082,0.6697247706422018,1.0,109,145,4,4,0,3,3,1,141,0.75,1.0,32,0,0,109,0,4,0,-1,0.0,0,109,0.0,0.0,6,5,6,6,6,144,24.0,0.8775100401606426,0.9929718875502008,0.9869477911646586,1.0
PhaseChanging,WAM depth=1,4,train_test,0.05,0.25,3,109,1.0,0.0,0.0,0.0,996,436,4.0,9.137614678899082,0.6697247706422018,1.0,109,145,4,4,0,3,3,1,141,0.75,1.0,32,0,0,109,0,4,0,-1,1.0,0,0,43.14678899082569,0.28506734374677734,5,6,5,5,5,120,24.0,0.8775100401606426,0.9929718875502008,0.9869477911646586,1.0
PhaseChanging,WAM depth=2,4,train_test,0.05,0.25,3,109,1.0,0.0,0.0,0.0,1104,436,4.0,10.128440366972477,1.0,1.0,109,109,3,3,0,3,3,0,106,1.0,1.0,24,0,0,218,0,3,0,0,1.0,0,0,23.0,0.0,11,12,11,11,11,264,24.0,0.7916666666666666,0.8958333333333334,0.8903985507246377,0.9021739130434783
PhaseChanging,WAM depth=3,4,train_test,0.05,0.25,3,109,1.0,0.0,0.0,0.0,1213,436,4.0,11.128440366972477,1.0,1.0,109,109,3,3,0,3,3,0,106,1.0,1.0,24,0,0,327,0,3,0,0,1.0,0,0,22.660550458715598,0.0,18,19,18,18,18,432,24.0,0.720527617477329,0.8153338829348722,0.8103874690849134,0.8211046990931574
PhaseChanging,WAM depth=4,4,train_test,0.05,0.25,3,109,1.0,0.0,0.0,0.0,1322,436,4.0,12.128440366972477,1.0,1.0,109,109,3,3,0,3,3,0,106,1.0,1.0,24,0,0,436,0,3,0,0,1.0,0,0,22.3302752293578,0.0,26,27,26,26,26,624,24.0,0.6611195158850227,0.7481089258698941,0.74357034795764,0.7534039334341907
PhaseChanging,WAM depth=8,4,train_test,0.05,0.25,3,109,1.0,0.0,0.0,0.0,1758,436,4.0,16.128440366972477,1.0,1.0,109,109,3,3,0,3,3,0,106,1.0,1.0,24,0,0,872,0,3,0,0,1.0,0,0,21.0,0.0,68,69,68,68,68,1632,24.0,0.49715585893060293,0.5625711035267349,0.5591581342434585,0.5665529010238908
Random,None,4,train_test,0.05,0.25,3,109,0.03669724770642202,0.009174311926605505,0.0,0.9541284403669725,15628,15628,143.37614678899084,143.37614678899084,0.0,0.0,0,0,0,0,0,0,0,0,0,0.0,0.0,0,0,41,0,0,0,0,0,0.0,0,0,0.0,0.0,0,0,0,0,0,0,0.0,1.0,1.0146531865881752,1.006974660865114,1.0088303045815203
Random,NextLine,4,train_test,0.05,0.25,3,109,0.027522935779816515,0.027522935779816515,0.0,0.944954128440367,15857,15498,142.1834862385321,145.47706422018348,0.009174311926605505,0.009174311926605505,109,109,101,100,0,1,1,100,8,0.009900990099009901,0.009615384615384616,808,1,73,109,0,101,0,-31,0.0,0,109,0.0,0.0,0,0,0,0,0,0,0.0,0.9855584284543104,1.0,0.9924323642555338,0.9942612095604465
Random,Stride,4,train_test,0.05,0.25,3,109,0.03669724770642202,0.009174311926605505,0.0,0.9541284403669725,15737,15628,143.37614678899084,144.37614678899084,0.0,0.0,0,0,0,0,0,0,0,0,0,0.0,0.0,0,0,41,109,0,0,0,0,0.0,0,109,0.0,0.0,1,1,1,1,0,16,16.0,0.9930736480904874,1.007625341551757,1.0,1.001842790875008
Random,Markov-1,4,train_test,0.05,0.25,3,109,0.027522935779816515,0.01834862385321101,0.0,0.9541284403669725,15766,15636,143.44954128440367,144.6422018348624,0.0,0.0,22,22,21,21,0,0,0,21,1,0.0,0.0,168,2,54,109,0,21,0,-12,0.0,0,109,0.0,0.0,250,230,250,250,250,6000,24.0,0.9912469871876189,1.0057719142458454,0.9981605987568185,1.0
Random,WAM depth=1,4,train_test,0.05,0.25,3,109,0.027522935779816515,0.01834862385321101,0.0,0.9541284403669725,15766,15636,143.44954128440367,144.6422018348624,0.0,0.0,22,22,21,21,0,0,0,21,1,0.0,0.0,168,2,54,109,0,21,0,-12,0.2018348623853211,0,87,0.2018348623853211,0.0,230,231,230,230,230,5520,24.0,0.9912469871876189,1.0057719142458454,0.9981605987568185,1.0
Random,WAM depth=2,4,train_test,0.05,0.25,3,109,0.027522935779816515,0.01834862385321101,0.0,0.9541284403669725,15875,15636,143.44954128440367,145.6422018348624,0.0,0.0,22,22,21,21,0,0,0,21,1,0.0,0.0,168,2,54,218,0,21,0,-12,0.0,22,87,0.2018348623853211,0.0,479,480,479,479,479,11496,24.0,0.9844409448818897,0.9988661417322835,0.9913070866141732,0.9931338582677165
Random,WAM depth=3,4,train_test,0.05,0.25,3,109,0.027522935779816515,0.01834862385321101,0.0,0.9541284403669725,15984,15636,143.44954128440367,146.6422018348624,0.0,0.0,22,22,21,21,0,0,0,21,1,0.0,0.0,168,2,54,327,0,21,0,-12,0.0,22,87,0.2018348623853211,0.0,727,728,727,727,727,17448,24.0,0.9777277277277278,0.9920545545545546,0.9845470470470471,0.9863613613613613
Random,WAM depth=4,4,train_test,0.05,0.25,3,109,0.027522935779816515,0.01834862385321101,0.0,0.9541284403669725,16093,15636,143.44954128440367,147.6422018348624,0.0,0.0,22,22,21,21,0,0,0,21,1,0.0,0.0,168,2,54,436,0,21,0,-12,0.0,22,87,0.2018348623853211,0.0,974,975,974,974,974,23376,24.0,0.9711054495743491,0.9853352389237556,0.9778785807493942,0.9796806064748649
Random,WAM depth=8,4,train_test,0.05,0.25,3,109,0.027522935779816515,0.01834862385321101,0.0,0.9541284403669725,16529,15636,143.44954128440367,151.6422018348624,0.0,0.0,22,22,21,21,0,0,0,21,1,0.0,0.0,168,2,54,872,0,21,0,-12,0.0,22,87,0.2018348623853211,0.0,1952,1953,1952,1952,1952,46848,24.0,0.9454897452961462,0.9593441829511767,0.9520842156210297,0.9538387077258152
Sequential,None,5,train_test,0.05,0.25,3,109,0.0,0.0,0.0,1.0,16350,16350,150.0,150.0,0.0,0.0,0,0,0,0,0,0,0,0,0,0.0,0.0,0,0,45,0,0,0,0,0,0.0,0,0,0.0,0.0,0,0,0,0,0,0,0.0,1.0,1.0333333333333334,1.0333333333333334,1.0066666666666666
Sequential,NextLine,5,train_test,0.05,0.25,3,109,1.0,0.0,0.0,0.0,16895,436,4.0,155.0,1.0,1.0,109,109,109,109,0,109,109,0,0,1.0,1.0,872,0,45,109,0,109,0,0,0.0,0,109,0.0,0.0,0,0,0,0,0,0,0.0,0.967741935483871,1.0,1.0,0.9741935483870968
Sequential,Stride,5,train_test,0.05,0.25,3,109,1.0,0.0,0.0,0.0,16895,436,4.0,155.0,1.0,1.0,109,109,109,109,0,109,109,0,0,1.0,1.0,872,0,45,109,0,109,0,0,0.0,0,109,0.0,0.0,1,1,1,1,0,16,16.0,0.967741935483871,1.0,1.0,0.9741935483870968
Sequential,Markov-1,5,train_test,0.05,0.25,3,109,0.0,0.0,0.0,1.0,16459,16350,150.0,151.0,0.0,0.0,0,0,0,0,0,0,0,0,0,0.0,0.0,0,0,45,109,0,0,0,0,0.0,0,109,0.0,0.0,250,250,250,250,250,6000,24.0,0.9933774834437086,1.0264900662251655,1.0264900662251655,1.0
Sequential,WAM depth=1,5,train_test,0.05,0.25,3,109,0.0,0.0,0.0,1.0,16459,16350,150.0,151.0,0.0,0.0,0,0,0,0,0,0,0,0,0,0.0,0.0,0,0,45,109,0,0,0,0,0.0,0,109,0.0,0.0,250,251,250,250,250,6000,24.0,0.9933774834437086,1.0264900662251655,1.0264900662251655,1.0
Sequential,WAM depth=2,5,train_test,0.05,0.25,3,109,0.0,0.0,0.0,1.0,16568,16350,150.0,152.0,0.0,0.0,0,0,0,0,0,0,0,0,0,0.0,0.0,0,0,45,218,0,0,0,0,0.0,0,109,0.0,0.0,499,500,499,499,499,11976,24.0,0.9868421052631579,1.019736842105263,1.019736842105263,0.993421052631579
Sequential,WAM depth=3,5,train_test,0.05,0.25,3,109,0.0,0.0,0.0,1.0,16677,16350,150.0,153.0,0.0,0.0,0,0,0,0,0,0,0,0,0,0.0,0.0,0,0,45,327,0,0,0,0,0.0,0,109,0.0,0.0,747,748,747,747,747,17928,24.0,0.9803921568627451,1.0130718954248366,1.0130718954248366,0.9869281045751634
Sequential,WAM depth=4,5,train_test,0.05,0.25,3,109,0.0,0.0,0.0,1.0,16786,16350,150.0,154.0,0.0,0.0,0,0,0,0,0,0,0,0,0,0.0,0.0,0,0,45,436,0,0,0,0,0.0,0,109,0.0,0.0,994,995,994,994,994,23856,24.0,0.974025974025974,1.0064935064935066,1.0064935064935066,0.9805194805194806
Sequential,WAM depth=8,5,train_test,0.05,0.25,3,109,0.0,0.0,0.0,1.0,17222,16350,150.0,158.0,0.0,0.0,0,0,0,0,0,0,0,0,0,0.0,0.0,0,0,45,872,0,0,0,0,0.0,0,109,0.0,0.0,1972,1973,1972,1972,1972,47328,24.0,0.9493670886075949,0.9810126582278481,0.9810126582278481,0.9556962025316456
Stride,None,5,train_test,0.05,0.25,3,109,0.0,0.0,0.0,1.0,16350,16350,150.0,150.0,0.0,0.0,0,0,0,0,0,0,0,0,0,0.0,0.0,0,0,45,0,0,0,0,0,0.0,0,0,0.0,0.0,0,0,0,0,0,0,0.0,1.0,1.0133333333333334,1.0333333333333334,1.0066666666666666
Stride,NextLine,5,train_test,0.05,0.25,3,109,0.0,0.0,0.0,1.0,16568,16350,150.0,152.0,0.0,0.0,109,109,109,108,0,0,0,109,0,0.0,0.0,872,0,77,109,0,109,0,-33,0.0,0,109,0.0,0.0,0,0,0,0,0,0,0.0,0.9868421052631579,1.0,1.019736842105263,0.993421052631579
Stride,Stride,5,train_test,0.05,0.25,3,109,1.0,0.0,0.0,0.0,16895,436,4.0,155.0,1.0,1.0,109,109,109,109,0,109,109,0,0,1.0,1.0,872,0,45,109,0,109,0,0,0.0,0,109,0.0,0.0,1,1,1,1,0,16,16.0,0.967741935483871,0.9806451612903225,1.0,0.9741935483870968
Stride,Markov-1,5,train_test,0.05,0.25,3,109,0.0,0.0,0.0,1.0,16459,16350,150.0,151.0,0.0,0.0,0,0,0,0,0,0,0,0,0,0.0,0.0,0,0,45,109,0,0,0,0,0.0,0,109,0.0,0.0,250,250,250,250,250,6000,24.0,0.9933774834437086,1.0066225165562914,1.0264900662251655,1.0
Stride,WAM depth=1,5,train_test,0.05,0.25,3,109,0.0,0.0,0.0,1.0,16459,16350,150.0,151.0,0.0,0.0,0,0,0,0,0,0,0,0,0,0.0,0.0,0,0,45,109,0,0,0,0,0.0,0,109,0.0,0.0,250,251,250,250,250,6000,24.0,0.9933774834437086,1.0066225165562914,1.0264900662251655,1.0
Stride,WAM depth=2,5,train_test,0.05,0.25,3,109,0.0,0.0,0.0,1.0,16568,16350,150.0,152.0,0.0,0.0,0,0,0,0,0,0,0,0,0,0.0,0.0,0,0,45,218,0,0,0,0,0.0,0,109,0.0,0.0,499,500,499,499,499,11976,24.0,0.9868421052631579,1.0,1.019736842105263,0.993421052631579
Stride,WAM depth=3,5,train_test,0.05,0.25,3,109,0.0,0.0,0.0,1.0,16677,16350,150.0,153.0,0.0,0.0,0,0,0,0,0,0,0,0,0,0.0,0.0,0,0,45,327,0,0,0,0,0.0,0,109,0.0,0.0,747,748,747,747,747,17928,24.0,0.9803921568627451,0.9934640522875817,1.0130718954248366,0.9869281045751634
Stride,WAM depth=4,5,train_test,0.05,0.25,3,109,0.0,0.0,0.0,1.0,16786,16350,150.0,154.0,0.0,0.0,0,0,0,0,0,0,0,0,0,0.0,0.0,0,0,45,436,0,0,0,0,0.0,0,109,0.0,0.0,994,995,994,994,994,23856,24.0,0.974025974025974,0.987012987012987,1.0064935064935066,0.9805194805194806
Stride,WAM depth=8,5,train_test,0.05,0.25,3,109,0.0,0.0,0.0,1.0,17222,16350,150.0,158.0,0.0,0.0,0,0,0,0,0,0,0,0,0,0.0,0.0,0,0,45,872,0,0,0,0,0.0,0,109,0.0,0.0,1972,1973,1972,1972,1972,47328,24.0,0.9493670886075949,0.9620253164556962,0.9810126582278481,0.9556962025316456
Repeating,None,5,train_test,0.05,0.25,3,109,0.963302752293578,0.0,0.0,0.03669724770642202,1020,1020,9.357798165137615,9.357798165137615,0.0,0.0,0,0,0,0,0,0,0,0,0,0.0,0.0,0,0,0,0,0,0,0,0,0.0,0,0,0.0,0.0,0,0,0,0,0,0,0.0,1.0,1.119607843137255,1.119607843137255,1.1225490196078431
Repeating,NextLine,5,train_test,0.05,0.25,3,109,0.9908256880733946,0.0,0.0,0.009174311926605505,1142,582,5.339449541284404,10.477064220183486,0.7522935779816514,0.7522935779816514,109,109,4,4,0,3,3,1,105,0.75,0.75,32,0,0,109,0,4,0,-1,0.0,0,109,0.0,0.0,0,0,0,0,0,0,0.0,0.8931698774080561,1.0,1.0,1.0026269702276707
Repeating,Stride,5,train_test,0.05,0.25,3,109,0.9908256880733946,0.0,0.0,0.009174311926605505,1142,582,5.339449541284404,10.477064220183486,0.7522935779816514,0.7522935779816514,109,109,4,4,0,3,3,1,105,0.75,0.75,32,0,0,109,0,4,0,-1,0.0,0,109,0.0,0.0,1,1,1,1,0,16,16.0,0.8931698774080561,1.0,1.0,1.0026269702276707
Repeating,Markov-1,5,train_test,0.05,0.25,3,109,1.0,0.0,0.0,0.0,1145,436,4.0,10.504587155963304,1.0,1.0,109,109,4,4,0,4,4,0,105,1.0,1.0,32,0,0,109,0,4,0,0,0.0,0,109,0.0,0.0,4,4,4,4,4,96,24.0,0.8908296943231441,0.9973799126637555,0.9973799126637555,1.0
Repeating,WAM depth=1,5,train_test,0.05,0.25,3,109,1.0,0.0,0.0,0.0,1145,436,4.0,10.504587155963304,1.0,1.0,109,109,4,4,0,4,4,0,105,1.0,1.0,32,0,0,109,0,4,0,0,1.0,0,0,62.4954128440367,0.0,4,5,4,4,4,96,24.0,0.8908296943231441,0.9973799126637555,0.9973799126637555,1.0
Repeating,WAM depth=2,5,train_test,0.05,0.25,3,109,1.0,0.0,0.0,0.0,1254,436,4.0,11.504587155963304,1.0,1.0,109,109,4,4,0,4,4,0,105,1.0,1.0,32,0,0,218,0,4,0,0,1.0,0,0,62.24770642201835,0.0,8,9,8,8,8,192,24.0,0.8133971291866029,0.9106858054226475,0.9106858054226475,0.9130781499202552
Repeating,WAM depth=3,5,train_test,0.05,0.25,3,109,1.0,0.0,0.0,0.0,1363,436,4.0,12.504587155963304,1.0,1.0,109,109,4,4,0,4,4,0,105,1.0,1.0,32,0,0,327,0,4,0,0,1.0,0,0,62.0,0.0,12,13,12,12,12,288,24.0,0.7483492296404989,0.8378576669112252,0.8378576669112252,0.8400586940572267
Repeating,WAM depth=4,5,train_test,0.05,0.25,3,109,1.0,0.0,0.0,0.0,1472,436,4.0,13.504587155963304,1.0,1.0,109,109,4,4,0,4,4,0,105,1.0,1.0,32,0,0,436,0,4,0,0,1.0,0,0,61.74311926605505,0.0,16,17,16,16,16,384,24.0,0.6929347826086957,0.7758152173913043,0.7758152173913043,0.7778532608695652
Repeating,WAM depth=8,5,train_test,0.05,0.25,3,109,1.0,0.0,0.0,0.0,1908,436,4.0,17.504587155963304,1.0,1.0,109,109,4,4,0,4,4,0,105,1.0,1.0,32,0,0,872,0,4,0,0,1.0,0,0,60.74311926605505,0.0,32,33,32,32,32,768,24.0,0.5345911949685535,0.5985324947589099,0.5985324947589099,0.600104821802935
Contextual,None,5,train_test,0.05,0.25,3,109,0.9541284403669725,0.0,0.0,0.045871559633027525,1166,1166,10.697247706422019,10.697247706422019,0.0,0.0,0,0,0,0,0,0,0,0,0,0.0,0.0,0,0,0,0,0,0,0,0,0.0,0,0,0.0,0.0,0,0,0,0,0,0,0.0,1.0,0.9742710120068611,1.0934819897084047,0.9828473413379074
Contextual,NextLine,5,train_test,0.05,0.25,3,109,0.9724770642201835,0.0,0.0,0.027522935779816515,1136,874,8.01834862385321,10.422018348623853,0.1651376146788991,0.1651376146788991,109,109,4,4,0,2,1,2,105,0.5,0.4,32,0,0,109,0,4,146,144,0.0,0,109,0.0,0.0,0,0,0,0,0,0,0.0,1.0264084507042253,1.0,1.1223591549295775,1.0088028169014085
Contextual,Stride,5,train_test,0.05,0.25,3,109,0.9541284403669725,0.0,0.0,0.045871559633027525,1275,1166,10.697247706422019,11.697247706422019,0.0,0.0,0,0,0,0,0,0,0,0,0,0.0,0.0,0,0,0,109,0,0,0,0,0.0,0,109,0.0,0.0,1,1,1,1,0,16,16.0,0.9145098039215687,0.8909803921568628,1.0,0.8988235294117647
Contextual,Markov-1,5,train_test,0.05,0.25,3,109,1.0,0.0,0.0,0.0,1146,436,4.0,10.513761467889909,0.8256880733944955,1.0,109,146,5,5,0,5,4,0,141,1.0,1.0,40,0,0,109,0,5,146,146,0.0,0,109,0.0,0.0,6,5,6,6,6,144,24.0,1.0174520069808028,0.9912739965095986,1.112565445026178,1.0
Contextual,WAM depth=1,5,train_test,0.05,0.25,3,109,1.0,0.0,0.0,0.0,1146,436,4.0,10.513761467889909,0.8256880733944955,1.0,109,146,5,5,0,5,4,0,141,1.0,1.0,40,0,0,109,0,5,146,146,1.0,0,0,55.75229357798165,0.3394139966466874,5,6,5,5,5,120,24.0,1.0174520069808028,0.9912739965095986,1.112565445026178,1.0
Contextual,WAM depth=2,5,train_test,0.05,0.25,3,109,1.0,0.0,0.0,0.0,1404,436,4.0,12.880733944954128,1.0,1.0,109,109,5,5,0,5,5,0,104,1.0,1.0,40,0,0,218,0,5,0,0,1.0,0,0,41.4954128440367,0.0,11,12,11,11,11,264,24.0,0.8304843304843305,0.8091168091168092,0.9081196581196581,0.8162393162393162
Contextual,WAM depth=3,5,train_test,0.05,0.25,3,109,1.0,0.0,0.0,0.0,1513,436,4.0,13.880733944954128,1.0,1.0,109,109,5,5,0,5,5,0,104,1.0,1.0,40,0,0,327,0,5,0,0,1.0,0,0,41.330275229357795,0.0,17,18,17,17,17,408,24.0,0.7706543291473893,0.7508261731658956,0.8426966292134831,0.7574355584930601
Contextual,WAM depth=4,5,train_test,0.05,0.25,3,109,1.0,0.0,0.0,0.0,1622,436,4.0,14.880733944954128,1.0,1.0,109,109,5,5,0,5,5,0,104,1.0,1.0,40,0,0,436,0,5,0,0,1.0,0,0,41.1651376146789,0.0,23,24,23,23,23,552,24.0,0.718865598027127,0.7003699136868065,0.7860665844636252,0.7065351418002466
Contextual,WAM depth=8,5,train_test,0.05,0.25,3,109,1.0,0.0,0.0,0.0,2058,436,4.0,18.880733944954127,1.0,1.0,109,109,5,5,0,5,5,0,104,1.0,1.0,40,0,0,872,0,5,0,0,1.0,0,0,40.4954128440367,0.0,47,48,47,47,47,1128,24.0,0.5665694849368319,0.5519922254616132,0.619533527696793,0.5568513119533528
LongerDependency,None,5,train_test,0.05,0.25,3,109,0.9357798165137615,0.0,0.0,0.06422018348623854,1458,1458,13.376146788990825,13.376146788990825,0.0,0.0,0,0,0,0,0,0,0,0,0,0.0,0.0,0,0,0,0,0,0,0,0,0.0,0,0,0.0,0.0,0,0,0,0,0,0,0.0,1.0,0.9732510288065843,1.0747599451303156,0.9910836762688614
LongerDependency,NextLine,5,train_test,0.05,0.25,3,109,0.981651376146789,0.0,0.0,0.01834862385321101,1419,728,6.678899082568807,13.01834862385321,0.5045871559633027,0.5045871559633027,109,109,7,7,0,5,4,2,102,0.7142857142857143,0.7142857142857143,56,0,0,109,0,7,164,162,0.0,0,109,0.0,0.0,0,0,0,0,0,0,0.0,1.0274841437632136,1.0,1.1042988019732205,1.018322762508809
LongerDependency,Stride,5,train_test,0.05,0.25,3,109,0.9357798165137615,0.0,0.0,0.06422018348623854,1567,1458,13.376146788990825,14.376146788990825,0.0,0.0,0,0,0,0,0,0,0,0,0,0.0,0.0,0,0,0,109,0,0,0,0,0.0,0,109,0.0,0.0,1,1,1,1,0,16,16.0,0.9304403318442884,0.9055520102105935,1.0,0.9221442246330568
LongerDependency,Markov-1,5,train_test,0.05,0.25,3,109,1.0,0.0,0.0,0.0,1445,436,4.0,13.256880733944953,0.8990825688073395,1.0,109,131,7,7,0,7,6,0,124,1.0,1.0,56,0,0,109,0,7,146,146,0.0,0,109,0.0,0.0,8,7,8,8,8,192,24.0,1.0089965397923875,0.9820069204152249,1.0844290657439446,1.0
LongerDependency,WAM depth=1,5,train_test,0.05,0.25,3,109,1.0,0.0,0.0,0.0,1445,436,4.0,13.256880733944953,0.8990825688073395,1.0,109,131,7,7,0,7,6,0,124,1.0,1.0,56,0,0,109,0,7,146,146,1.0,0,0,40.137614678899084,0.2018348623853211,7,8,7,7,7,168,24.0,1.0089965397923875,0.9820069204152249,1.0844290657439446,1.0
LongerDependency,WAM depth=2,5,train_test,0.05,0.25,3,109,1.0,0.0,0.0,0.0,1554,436,4.0,14.256880733944953,0.8990825688073395,1.0,109,131,7,7,0,7,6,0,124,1.0,1.0,56,0,0,218,0,7,146,146,1.0,0,0,34.99082568807339,0.2018348623853211,15,16,15,15,15,360,24.0,0.9382239382239382,0.9131274131274131,1.0083655083655083,0.9298584298584298
LongerDependency,WAM depth=3,5,train_test,0.05,0.25,3,109,1.0,0.0,0.0,0.0,1663,436,4.0,15.256880733944953,0.8990825688073395,1.0,109,131,7,7,0,7,6,0,124,1.0,1.0,56,0,0,327,0,7,146,146,1.0,0,0,29.844036697247706,0.2018348623853211,24,25,24,24,24,576,24.0,0.8767288033674083,0.8532772098616958,0.9422730006013229,0.8689116055321707
LongerDependency,WAM depth=4,5,train_test,0.05,0.25,3,109,1.0,0.0,0.0,0.0,1922,436,4.0,17.63302752293578,1.0,1.0,109,109,7,7,0,7,7,0,102,1.0,1.0,56,0,0,436,0,7,0,0,1.0,0,0,24.69724770642202,0.0,34,35,34,34,34,816,24.0,0.7585848074921956,0.7382934443288242,0.8152965660770031,0.7518210197710719
LongerDependency,WAM depth=8,5,train_test,0.05,0.25,3,109,1.0,0.0,0.0,0.0,2358,436,4.0,21.63302752293578,1.0,1.0,109,109,7,7,0,7,7,0,102,1.0,1.0,56,0,0,872,0,7,0,0,1.0,0,0,24.293577981651374,0.0,74,75,74,74,74,1776,24.0,0.6183206106870229,0.6017811704834606,0.6645462256149279,0.6128074639525021
Probabilistic,None,5,train_test,0.05,0.25,3,109,0.963302752293578,0.0,0.0,0.03669724770642202,1020,1020,9.357798165137615,9.357798165137615,0.0,0.0,0,0,0,0,0,0,0,0,0,0.0,0.0,0,0,0,0,0,0,0,0,0.0,0,0,0.0,0.0,0,0,0,0,0,0,0.0,1.0,0.9696078431372549,1.1068627450980393,0.9764705882352941
Probabilistic,NextLine,5,train_test,0.05,0.25,3,109,0.981651376146789,0.0,0.0,0.01834862385321101,989,728,6.678899082568807,9.073394495412844,0.5779816513761468,0.5779816513761468,109,109,3,3,0,2,1,1,106,0.6666666666666666,0.5,24,0,0,109,0,3,146,145,0.0,0,109,0.0,0.0,0,0,0,0,0,0,0.0,1.031344792719919,1.0,1.1415571284125379,1.0070778564206269
Probabilistic,Stride,5,train_test,0.05,0.25,3,109,0.963302752293578,0.0,0.0,0.03669724770642202,1129,1020,9.357798165137615,10.357798165137615,0.0,0.0,0,0,0,0,0,0,0,0,0,0.0,0.0,0,0,0,109,0,0,0,0,0.0,0,109,0.0,0.0,1,1,1,1,0,16,16.0,0.9034543844109831,0.8759964570416298,1.0,0.8821966341895483
Probabilistic,Markov-1,5,train_test,0.05,0.25,3,109,1.0,0.0,0.0,0.0,996,436,4.0,9.137614678899082,0.908256880733945,1.0,109,146,4,4,0,4,3,0,142,1.0,1.0,32,0,0,109,0,4,146,146,0.0,0,109,0.0,0.0,5,4,5,5,5,120,24.0,1.0240963855421688,0.9929718875502008,1.1335341365461848,1.0
Probabilistic,WAM depth=1,5,train_test,0.05,0.25,3,109,1.0,0.0,0.0,0.0,996,436,4.0,9.137614678899082,0.908256880733945,1.0,109,146,4,4,0,4,3,0,142,1.0,1.0,32,0,0,109,0,4,146,146,1.0,0,0,71.89908256880734,0.30444987785356853,4,5,4,4,4,96,24.0,1.0240963855421688,0.9929718875502008,1.1335341365461848,1.0
Probabilistic,WAM depth=2,5,train_test,0.05,0.25,3,109,1.0,0.0,0.0,0.0,1105,436,4.0,10.137614678899082,0.908256880733945,1.0,109,146,4,4,0,4,3,0,142,1.0,1.0,32,0,0,218,0,4,146,146,1.0,0,0,60.137614678899084,0.30444987785356853,9,10,9,9,9,216,24.0,0.9230769230769231,0.8950226244343892,1.0217194570135746,0.9013574660633484
Probabilistic,WAM depth=3,5,train_test,0.05,0.25,3,109,1.0,0.0,0.0,0.0,1214,436,4.0,11.137614678899082,0.908256880733945,1.0,109,146,4,4,0,4,3,0,142,1.0,1.0,32,0,0,327,0,4,146,146,1.0,0,0,48.22018348623853,0.30601093898956777,15,16,15,15,15,360,24.0,0.8401976935749588,0.814662273476112,0.9299835255354201,0.8204283360790774
Probabilistic,WAM depth=4,5,train_test,0.05,0.25,3,109,1.0,0.0,0.0,0.0,1323,436,4.0,12.137614678899082,0.908256880733945,1.0,109,146,4,4,0,4,3,0,142,1.0,1.0,32,0,0,436,0,4,146,146,1.0,0,0,41.15596330275229,0.30601093898956777,23,24,23,23,23,552,24.0,0.7709750566893424,0.7475434618291761,0.8533635676492819,0.7528344671201814
Probabilistic,WAM depth=8,5,train_test,0.05,0.25,3,109,1.0,0.0,0.0,0.0,1759,436,4.0,16.137614678899084,0.908256880733945,1.0,109,146,4,4,0,4,3,0,142,1.0,1.0,32,0,0,872,0,4,146,146,1.0,0,0,18.844036697247706,0.3132720963053045,81,82,81,81,81,1944,24.0,0.579874928936896,0.5622512791358727,0.641841955656623,0.5662308129619101
PhaseChanging,None,5,train_test,0.05,0.25,3,109,0.9724770642201835,0.0,0.0,0.027522935779816515,874,874,8.01834862385321,8.01834862385321,0.0,0.0,0,0,0,0,0,0,0,0,0,0.0,0.0,0,0,0,0,0,0,0,0,0.0,0,0,0.0,0.0,0,0,0,0,0,0,0.0,1.0,1.131578947368421,1.1247139588100687,1.139588100686499
PhaseChanging,NextLine,5,train_test,0.05,0.25,3,109,0.981651376146789,0.0,0.0,0.01834862385321101,989,728,6.678899082568807,9.073394495412844,0.3394495412844037,0.3394495412844037,109,109,3,3,0,1,1,2,106,0.3333333333333333,0.3333333333333333,24,0,0,109,0,3,0,-2,0.0,0,109,0.0,0.0,0,0,0,0,0,0,0.0,0.8837209302325582,1.0,0.993933265925177,1.0070778564206269
PhaseChanging,Stride,5,train_test,0.05,0.25,3,109,0.9724770642201835,0.0,0.0,0.027522935779816515,983,874,8.01834862385321,9.01834862385321,0.0,0.0,0,0,0,0,0,0,0,0,0,0.0,0.0,0,0,0,109,0,0,0,0,0.0,0,109,0.0,0.0,1,1,1,1,0,16,16.0,0.8891149542217701,1.0061037639877926,1.0,1.0132248219735505
PhaseChanging,Markov-1,5,train_test,0.05,0.25,3,109,1.0,0.0,0.0,0.0,996,436,4.0,9.137614678899082,0.6697247706422018,1.0,109,145,4,4,0,3,3,1,141,0.75,1.0,32,0,0,109,0,4,0,-1,0.0,0,109,0.0,0.0,6,5,6,6,6,144,24.0,0.8775100401606426,0.9929718875502008,0.9869477911646586,1.0
PhaseChanging,WAM depth=1,5,train_test,0.05,0.25,3,109,1.0,0.0,0.0,0.0,996,436,4.0,9.137614678899082,0.6697247706422018,1.0,109,145,4,4,0,3,3,1,141,0.75,1.0,32,0,0,109,0,4,0,-1,1.0,0,0,43.14678899082569,0.28506734374677734,5,6,5,5,5,120,24.0,0.8775100401606426,0.9929718875502008,0.9869477911646586,1.0
PhaseChanging,WAM depth=2,5,train_test,0.05,0.25,3,109,1.0,0.0,0.0,0.0,1104,436,4.0,10.128440366972477,1.0,1.0,109,109,3,3,0,3,3,0,106,1.0,1.0,24,0,0,218,0,3,0,0,1.0,0,0,23.0,0.0,11,12,11,11,11,264,24.0,0.7916666666666666,0.8958333333333334,0.8903985507246377,0.9021739130434783
PhaseChanging,WAM depth=3,5,train_test,0.05,0.25,3,109,1.0,0.0,0.0,0.0,1213,436,4.0,11.128440366972477,1.0,1.0,109,109,3,3,0,3,3,0,106,1.0,1.0,24,0,0,327,0,3,0,0,1.0,0,0,22.660550458715598,0.0,18,19,18,18,18,432,24.0,0.720527617477329,0.8153338829348722,0.8103874690849134,0.8211046990931574
PhaseChanging,WAM depth=4,5,train_test,0.05,0.25,3,109,1.0,0.0,0.0,0.0,1322,436,4.0,12.128440366972477,1.0,1.0,109,109,3,3,0,3,3,0,106,1.0,1.0,24,0,0,436,0,3,0,0,1.0,0,0,22.3302752293578,0.0,26,27,26,26,26,624,24.0,0.6611195158850227,0.7481089258698941,0.74357034795764,0.7534039334341907
PhaseChanging,WAM depth=8,5,train_test,0.05,0.25,3,109,1.0,0.0,0.0,0.0,1758,436,4.0,16.128440366972477,1.0,1.0,109,109,3,3,0,3,3,0,106,1.0,1.0,24,0,0,872,0,3,0,0,1.0,0,0,21.0,0.0,68,69,68,68,68,1632,24.0,0.49715585893060293,0.5625711035267349,0.5591581342434585,0.5665529010238908
Random,None,5,train_test,0.05,0.25,3,109,0.05504587155963303,0.0,0.0,0.944954128440367,15474,15474,141.96330275229357,141.96330275229357,0.0,0.0,0,0,0,0,0,0,0,0,0,0.0,0.0,0,0,39,0,0,0,0,0,0.0,0,0,0.0,0.0,0,0,0,0,0,0,0.0,1.0,0.9578001809486881,1.007044073930464,1.0002584981258886
Random,NextLine,5,train_test,0.05,0.25,3,109,0.09174311926605505,0.01834862385321101,0.0,0.8899082568807339,14821,14614,134.07339449541286,135.9724770642202,0.0,0.0,109,109,98,97,0,6,0,92,11,0.061224489795918366,0.05825242718446602,784,1,70,109,0,98,876,846,0.0,0,109,0.0,0.0,0,0,0,0,0,0,0.0,1.0440591053235275,1.0,1.0514135348492004,1.0443289926455706
Random,Stride,5,train_test,0.05,0.25,3,109,0.05504587155963303,0.0,0.0,0.944954128440367,15583,15474,141.96330275229357,142.96330275229357,0.0,0.0,0,0,0,0,0,0,0,0,0,0.0,0.0,0,0,39,109,0,0,0,0,0.0,0,109,0.0,0.0,1,1,1,1,0,16,16.0,0.9930051979721491,0.9511005583007123,1.0,0.9932618879548225
Random,Markov-1,5,train_test,0.05,0.25,3,109,0.045871559633027525,0.01834862385321101,0.0,0.9357798165137615,15478,15344,140.77064220183487,142.0,0.0,0.0,24,26,25,25,0,1,0,24,1,0.04,0.009708737864077669,200,1,54,109,0,25,146,133,0.0,0,109,0.0,0.0,250,224,250,250,250,6000,24.0,0.9997415686781238,0.9575526553818323,1.0067838221992504,1.0
Random,WAM depth=1,5,train_test,0.05,0.25,3,109,0.045871559633027525,0.01834862385321101,0.0,0.9357798165137615,15478,15344,140.77064220183487,142.0,0.0,0.0,24,26,25,25,0,1,0,24,1,0.04,0.009708737864077669,200,1,54,109,0,25,146,133,0.22018348623853212,0,85,0.23853211009174313,0.08333333333333333,224,225,224,224,224,5376,24.0,0.9997415686781238,0.9575526553818323,1.0067838221992504,1.0
Random,WAM depth=2,5,train_test,0.05,0.25,3,109,0.045871559633027525,0.01834862385321101,0.0,0.9357798165137615,15587,15344,140.77064220183487,143.0,0.0,0.0,24,26,25,25,0,1,0,24,1,0.04,0.009708737864077669,200,1,54,218,0,25,146,133,0.0,24,85,0.23853211009174313,0.08333333333333333,473,474,473,473,473,11352,24.0,0.9927503688971578,0.9508564829665747,0.9997433758901649,0.993006993006993
Random,WAM depth=3,5,train_test,0.05,0.25,3,109,0.045871559633027525,0.01834862385321101,0.0,0.9357798165137615,15696,15344,140.77064220183487,144.0,0.0,0.0,24,26,25,25,0,1,0,24,1,0.04,0.009708737864077669,200,1,54,327,0,25,146,133,0.0,24,85,0.23853211009174313,0.08333333333333333,721,722,721,721,721,17304,24.0,0.9858562691131498,0.9442533129459735,0.9928007135575942,0.9861111111111112
Random,WAM depth=4,5,train_test,0.05,0.25,3,109,0.045871559633027525,0.01834862385321101,0.0,0.9357798165137615,15805,15344,140.77064220183487,145.0,0.0,0.0,24,26,25,25,0,1,0,24,1,0.04,0.009708737864077669,200,1,54,436,0,25,146,133,0.0,24,85,0.23853211009174313,0.08333333333333333,968,969,968,968,968,23232,24.0,0.9790572603606453,0.937741221132553,0.9859538120847833,0.9793103448275862
Random,WAM depth=8,5,train_test,0.05,0.25,3,109,0.045871559633027525,0.01834862385321101,0.0,0.9357798165137615,16241,15344,140.77064220183487,149.0,0.0,0.0,24,26,25,25,0,1,0,24,1,0.04,0.009708737864077669,200,1,54,872,0,25,146,133,0.0,24,85,0.23853211009174313,0.08333333333333333,1946,1947,1946,1946,1946,46704,24.0,0.9527738439751247,0.9125669601625516,0.9594852533710978,0.9530201342281879
Sequential,None,6,train_test,0.05,0.25,3,109,0.0,0.0,0.0,1.0,16350,16350,150.0,150.0,0.0,0.0,0,0,0,0,0,0,0,0,0,0.0,0.0,0,0,45,0,0,0,0,0,0.0,0,0,0.0,0.0,0,0,0,0,0,0,0.0,1.0,1.0333333333333334,1.0333333333333334,1.0066666666666666
Sequential,NextLine,6,train_test,0.05,0.25,3,109,1.0,0.0,0.0,0.0,16895,436,4.0,155.0,1.0,1.0,109,109,109,109,0,109,109,0,0,1.0,1.0,872,0,45,109,0,109,0,0,0.0,0,109,0.0,0.0,0,0,0,0,0,0,0.0,0.967741935483871,1.0,1.0,0.9741935483870968
Sequential,Stride,6,train_test,0.05,0.25,3,109,1.0,0.0,0.0,0.0,16895,436,4.0,155.0,1.0,1.0,109,109,109,109,0,109,109,0,0,1.0,1.0,872,0,45,109,0,109,0,0,0.0,0,109,0.0,0.0,1,1,1,1,0,16,16.0,0.967741935483871,1.0,1.0,0.9741935483870968
Sequential,Markov-1,6,train_test,0.05,0.25,3,109,0.0,0.0,0.0,1.0,16459,16350,150.0,151.0,0.0,0.0,0,0,0,0,0,0,0,0,0,0.0,0.0,0,0,45,109,0,0,0,0,0.0,0,109,0.0,0.0,250,250,250,250,250,6000,24.0,0.9933774834437086,1.0264900662251655,1.0264900662251655,1.0
Sequential,WAM depth=1,6,train_test,0.05,0.25,3,109,0.0,0.0,0.0,1.0,16459,16350,150.0,151.0,0.0,0.0,0,0,0,0,0,0,0,0,0,0.0,0.0,0,0,45,109,0,0,0,0,0.0,0,109,0.0,0.0,250,251,250,250,250,6000,24.0,0.9933774834437086,1.0264900662251655,1.0264900662251655,1.0
Sequential,WAM depth=2,6,train_test,0.05,0.25,3,109,0.0,0.0,0.0,1.0,16568,16350,150.0,152.0,0.0,0.0,0,0,0,0,0,0,0,0,0,0.0,0.0,0,0,45,218,0,0,0,0,0.0,0,109,0.0,0.0,499,500,499,499,499,11976,24.0,0.9868421052631579,1.019736842105263,1.019736842105263,0.993421052631579
Sequential,WAM depth=3,6,train_test,0.05,0.25,3,109,0.0,0.0,0.0,1.0,16677,16350,150.0,153.0,0.0,0.0,0,0,0,0,0,0,0,0,0,0.0,0.0,0,0,45,327,0,0,0,0,0.0,0,109,0.0,0.0,747,748,747,747,747,17928,24.0,0.9803921568627451,1.0130718954248366,1.0130718954248366,0.9869281045751634
Sequential,WAM depth=4,6,train_test,0.05,0.25,3,109,0.0,0.0,0.0,1.0,16786,16350,150.0,154.0,0.0,0.0,0,0,0,0,0,0,0,0,0,0.0,0.0,0,0,45,436,0,0,0,0,0.0,0,109,0.0,0.0,994,995,994,994,994,23856,24.0,0.974025974025974,1.0064935064935066,1.0064935064935066,0.9805194805194806
Sequential,WAM depth=8,6,train_test,0.05,0.25,3,109,0.0,0.0,0.0,1.0,17222,16350,150.0,158.0,0.0,0.0,0,0,0,0,0,0,0,0,0,0.0,0.0,0,0,45,872,0,0,0,0,0.0,0,109,0.0,0.0,1972,1973,1972,1972,1972,47328,24.0,0.9493670886075949,0.9810126582278481,0.9810126582278481,0.9556962025316456
Stride,None,6,train_test,0.05,0.25,3,109,0.0,0.0,0.0,1.0,16350,16350,150.0,150.0,0.0,0.0,0,0,0,0,0,0,0,0,0,0.0,0.0,0,0,45,0,0,0,0,0,0.0,0,0,0.0,0.0,0,0,0,0,0,0,0.0,1.0,1.0133333333333334,1.0333333333333334,1.0066666666666666
Stride,NextLine,6,train_test,0.05,0.25,3,109,0.0,0.0,0.0,1.0,16568,16350,150.0,152.0,0.0,0.0,109,109,109,108,0,0,0,109,0,0.0,0.0,872,0,77,109,0,109,0,-33,0.0,0,109,0.0,0.0,0,0,0,0,0,0,0.0,0.9868421052631579,1.0,1.019736842105263,0.993421052631579
Stride,Stride,6,train_test,0.05,0.25,3,109,1.0,0.0,0.0,0.0,16895,436,4.0,155.0,1.0,1.0,109,109,109,109,0,109,109,0,0,1.0,1.0,872,0,45,109,0,109,0,0,0.0,0,109,0.0,0.0,1,1,1,1,0,16,16.0,0.967741935483871,0.9806451612903225,1.0,0.9741935483870968
Stride,Markov-1,6,train_test,0.05,0.25,3,109,0.0,0.0,0.0,1.0,16459,16350,150.0,151.0,0.0,0.0,0,0,0,0,0,0,0,0,0,0.0,0.0,0,0,45,109,0,0,0,0,0.0,0,109,0.0,0.0,250,250,250,250,250,6000,24.0,0.9933774834437086,1.0066225165562914,1.0264900662251655,1.0
Stride,WAM depth=1,6,train_test,0.05,0.25,3,109,0.0,0.0,0.0,1.0,16459,16350,150.0,151.0,0.0,0.0,0,0,0,0,0,0,0,0,0,0.0,0.0,0,0,45,109,0,0,0,0,0.0,0,109,0.0,0.0,250,251,250,250,250,6000,24.0,0.9933774834437086,1.0066225165562914,1.0264900662251655,1.0
Stride,WAM depth=2,6,train_test,0.05,0.25,3,109,0.0,0.0,0.0,1.0,16568,16350,150.0,152.0,0.0,0.0,0,0,0,0,0,0,0,0,0,0.0,0.0,0,0,45,218,0,0,0,0,0.0,0,109,0.0,0.0,499,500,499,499,499,11976,24.0,0.9868421052631579,1.0,1.019736842105263,0.993421052631579
Stride,WAM depth=3,6,train_test,0.05,0.25,3,109,0.0,0.0,0.0,1.0,16677,16350,150.0,153.0,0.0,0.0,0,0,0,0,0,0,0,0,0,0.0,0.0,0,0,45,327,0,0,0,0,0.0,0,109,0.0,0.0,747,748,747,747,747,17928,24.0,0.9803921568627451,0.9934640522875817,1.0130718954248366,0.9869281045751634
Stride,WAM depth=4,6,train_test,0.05,0.25,3,109,0.0,0.0,0.0,1.0,16786,16350,150.0,154.0,0.0,0.0,0,0,0,0,0,0,0,0,0,0.0,0.0,0,0,45,436,0,0,0,0,0.0,0,109,0.0,0.0,994,995,994,994,994,23856,24.0,0.974025974025974,0.987012987012987,1.0064935064935066,0.9805194805194806
Stride,WAM depth=8,6,train_test,0.05,0.25,3,109,0.0,0.0,0.0,1.0,17222,16350,150.0,158.0,0.0,0.0,0,0,0,0,0,0,0,0,0,0.0,0.0,0,0,45,872,0,0,0,0,0.0,0,109,0.0,0.0,1972,1973,1972,1972,1972,47328,24.0,0.9493670886075949,0.9620253164556962,0.9810126582278481,0.9556962025316456
Repeating,None,6,train_test,0.05,0.25,3,109,0.963302752293578,0.0,0.0,0.03669724770642202,1020,1020,9.357798165137615,9.357798165137615,0.0,0.0,0,0,0,0,0,0,0,0,0,0.0,0.0,0,0,0,0,0,0,0,0,0.0,0,0,0.0,0.0,0,0,0,0,0,0,0.0,1.0,1.119607843137255,1.119607843137255,1.1225490196078431
Repeating,NextLine,6,train_test,0.05,0.25,3,109,0.9908256880733946,0.0,0.0,0.009174311926605505,1142,582,5.339449541284404,10.477064220183486,0.7522935779816514,0.7522935779816514,109,109,4,4,0,3,3,1,105,0.75,0.75,32,0,0,109,0,4,0,-1,0.0,0,109,0.0,0.0,0,0,0,0,0,0,0.0,0.8931698774080561,1.0,1.0,1.0026269702276707
Repeating,Stride,6,train_test,0.05,0.25,3,109,0.9908256880733946,0.0,0.0,0.009174311926605505,1142,582,5.339449541284404,10.477064220183486,0.7522935779816514,0.7522935779816514,109,109,4,4,0,3,3,1,105,0.75,0.75,32,0,0,109,0,4,0,-1,0.0,0,109,0.0,0.0,1,1,1,1,0,16,16.0,0.8931698774080561,1.0,1.0,1.0026269702276707
Repeating,Markov-1,6,train_test,0.05,0.25,3,109,1.0,0.0,0.0,0.0,1145,436,4.0,10.504587155963304,1.0,1.0,109,109,4,4,0,4,4,0,105,1.0,1.0,32,0,0,109,0,4,0,0,0.0,0,109,0.0,0.0,4,4,4,4,4,96,24.0,0.8908296943231441,0.9973799126637555,0.9973799126637555,1.0
Repeating,WAM depth=1,6,train_test,0.05,0.25,3,109,1.0,0.0,0.0,0.0,1145,436,4.0,10.504587155963304,1.0,1.0,109,109,4,4,0,4,4,0,105,1.0,1.0,32,0,0,109,0,4,0,0,1.0,0,0,62.4954128440367,0.0,4,5,4,4,4,96,24.0,0.8908296943231441,0.9973799126637555,0.9973799126637555,1.0
Repeating,WAM depth=2,6,train_test,0.05,0.25,3,109,1.0,0.0,0.0,0.0,1254,436,4.0,11.504587155963304,1.0,1.0,109,109,4,4,0,4,4,0,105,1.0,1.0,32,0,0,218,0,4,0,0,1.0,0,0,62.24770642201835,0.0,8,9,8,8,8,192,24.0,0.8133971291866029,0.9106858054226475,0.9106858054226475,0.9130781499202552
Repeating,WAM depth=3,6,train_test,0.05,0.25,3,109,1.0,0.0,0.0,0.0,1363,436,4.0,12.504587155963304,1.0,1.0,109,109,4,4,0,4,4,0,105,1.0,1.0,32,0,0,327,0,4,0,0,1.0,0,0,62.0,0.0,12,13,12,12,12,288,24.0,0.7483492296404989,0.8378576669112252,0.8378576669112252,0.8400586940572267
Repeating,WAM depth=4,6,train_test,0.05,0.25,3,109,1.0,0.0,0.0,0.0,1472,436,4.0,13.504587155963304,1.0,1.0,109,109,4,4,0,4,4,0,105,1.0,1.0,32,0,0,436,0,4,0,0,1.0,0,0,61.74311926605505,0.0,16,17,16,16,16,384,24.0,0.6929347826086957,0.7758152173913043,0.7758152173913043,0.7778532608695652
Repeating,WAM depth=8,6,train_test,0.05,0.25,3,109,1.0,0.0,0.0,0.0,1908,436,4.0,17.504587155963304,1.0,1.0,109,109,4,4,0,4,4,0,105,1.0,1.0,32,0,0,872,0,4,0,0,1.0,0,0,60.74311926605505,0.0,32,33,32,32,32,768,24.0,0.5345911949685535,0.5985324947589099,0.5985324947589099,0.600104821802935
Contextual,None,6,train_test,0.05,0.25,3,109,0.9541284403669725,0.0,0.0,0.045871559633027525,1166,1166,10.697247706422019,10.697247706422019,0.0,0.0,0,0,0,0,0,0,0,0,0,0.0,0.0,0,0,0,0,0,0,0,0,0.0,0,0,0.0,0.0,0,0,0,0,0,0,0.0,1.0,0.9742710120068611,1.0934819897084047,0.9828473413379074
Contextual,NextLine,6,train_test,0.05,0.25,3,109,0.9724770642201835,0.0,0.0,0.027522935779816515,1136,874,8.01834862385321,10.422018348623853,0.1651376146788991,0.1651376146788991,109,109,4,4,0,2,1,2,105,0.5,0.4,32,0,0,109,0,4,146,144,0.0,0,109,0.0,0.0,0,0,0,0,0,0,0.0,1.0264084507042253,1.0,1.1223591549295775,1.0088028169014085
Contextual,Stride,6,train_test,0.05,0.25,3,109,0.9541284403669725,0.0,0.0,0.045871559633027525,1275,1166,10.697247706422019,11.697247706422019,0.0,0.0,0,0,0,0,0,0,0,0,0,0.0,0.0,0,0,0,109,0,0,0,0,0.0,0,109,0.0,0.0,1,1,1,1,0,16,16.0,0.9145098039215687,0.8909803921568628,1.0,0.8988235294117647
Contextual,Markov-1,6,train_test,0.05,0.25,3,109,1.0,0.0,0.0,0.0,1146,436,4.0,10.513761467889909,0.8256880733944955,1.0,109,146,5,5,0,5,4,0,141,1.0,1.0,40,0,0,109,0,5,146,146,0.0,0,109,0.0,0.0,6,5,6,6,6,144,24.0,1.0174520069808028,0.9912739965095986,1.112565445026178,1.0
Contextual,WAM depth=1,6,train_test,0.05,0.25,3,109,1.0,0.0,0.0,0.0,1146,436,4.0,10.513761467889909,0.8256880733944955,1.0,109,146,5,5,0,5,4,0,141,1.0,1.0,40,0,0,109,0,5,146,146,1.0,0,0,55.75229357798165,0.3394139966466874,5,6,5,5,5,120,24.0,1.0174520069808028,0.9912739965095986,1.112565445026178,1.0
Contextual,WAM depth=2,6,train_test,0.05,0.25,3,109,1.0,0.0,0.0,0.0,1404,436,4.0,12.880733944954128,1.0,1.0,109,109,5,5,0,5,5,0,104,1.0,1.0,40,0,0,218,0,5,0,0,1.0,0,0,41.4954128440367,0.0,11,12,11,11,11,264,24.0,0.8304843304843305,0.8091168091168092,0.9081196581196581,0.8162393162393162
Contextual,WAM depth=3,6,train_test,0.05,0.25,3,109,1.0,0.0,0.0,0.0,1513,436,4.0,13.880733944954128,1.0,1.0,109,109,5,5,0,5,5,0,104,1.0,1.0,40,0,0,327,0,5,0,0,1.0,0,0,41.330275229357795,0.0,17,18,17,17,17,408,24.0,0.7706543291473893,0.7508261731658956,0.8426966292134831,0.7574355584930601
Contextual,WAM depth=4,6,train_test,0.05,0.25,3,109,1.0,0.0,0.0,0.0,1622,436,4.0,14.880733944954128,1.0,1.0,109,109,5,5,0,5,5,0,104,1.0,1.0,40,0,0,436,0,5,0,0,1.0,0,0,41.1651376146789,0.0,23,24,23,23,23,552,24.0,0.718865598027127,0.7003699136868065,0.7860665844636252,0.7065351418002466
Contextual,WAM depth=8,6,train_test,0.05,0.25,3,109,1.0,0.0,0.0,0.0,2058,436,4.0,18.880733944954127,1.0,1.0,109,109,5,5,0,5,5,0,104,1.0,1.0,40,0,0,872,0,5,0,0,1.0,0,0,40.4954128440367,0.0,47,48,47,47,47,1128,24.0,0.5665694849368319,0.5519922254616132,0.619533527696793,0.5568513119533528
LongerDependency,None,6,train_test,0.05,0.25,3,109,0.9357798165137615,0.0,0.0,0.06422018348623854,1458,1458,13.376146788990825,13.376146788990825,0.0,0.0,0,0,0,0,0,0,0,0,0,0.0,0.0,0,0,0,0,0,0,0,0,0.0,0,0,0.0,0.0,0,0,0,0,0,0,0.0,1.0,0.9732510288065843,1.0747599451303156,0.9910836762688614
LongerDependency,NextLine,6,train_test,0.05,0.25,3,109,0.981651376146789,0.0,0.0,0.01834862385321101,1419,728,6.678899082568807,13.01834862385321,0.5045871559633027,0.5045871559633027,109,109,7,7,0,5,4,2,102,0.7142857142857143,0.7142857142857143,56,0,0,109,0,7,164,162,0.0,0,109,0.0,0.0,0,0,0,0,0,0,0.0,1.0274841437632136,1.0,1.1042988019732205,1.018322762508809
LongerDependency,Stride,6,train_test,0.05,0.25,3,109,0.9357798165137615,0.0,0.0,0.06422018348623854,1567,1458,13.376146788990825,14.376146788990825,0.0,0.0,0,0,0,0,0,0,0,0,0,0.0,0.0,0,0,0,109,0,0,0,0,0.0,0,109,0.0,0.0,1,1,1,1,0,16,16.0,0.9304403318442884,0.9055520102105935,1.0,0.9221442246330568
LongerDependency,Markov-1,6,train_test,0.05,0.25,3,109,1.0,0.0,0.0,0.0,1445,436,4.0,13.256880733944953,0.8990825688073395,1.0,109,131,7,7,0,7,6,0,124,1.0,1.0,56,0,0,109,0,7,146,146,0.0,0,109,0.0,0.0,8,7,8,8,8,192,24.0,1.0089965397923875,0.9820069204152249,1.0844290657439446,1.0
LongerDependency,WAM depth=1,6,train_test,0.05,0.25,3,109,1.0,0.0,0.0,0.0,1445,436,4.0,13.256880733944953,0.8990825688073395,1.0,109,131,7,7,0,7,6,0,124,1.0,1.0,56,0,0,109,0,7,146,146,1.0,0,0,40.137614678899084,0.2018348623853211,7,8,7,7,7,168,24.0,1.0089965397923875,0.9820069204152249,1.0844290657439446,1.0
LongerDependency,WAM depth=2,6,train_test,0.05,0.25,3,109,1.0,0.0,0.0,0.0,1554,436,4.0,14.256880733944953,0.8990825688073395,1.0,109,131,7,7,0,7,6,0,124,1.0,1.0,56,0,0,218,0,7,146,146,1.0,0,0,34.99082568807339,0.2018348623853211,15,16,15,15,15,360,24.0,0.9382239382239382,0.9131274131274131,1.0083655083655083,0.9298584298584298
LongerDependency,WAM depth=3,6,train_test,0.05,0.25,3,109,1.0,0.0,0.0,0.0,1663,436,4.0,15.256880733944953,0.8990825688073395,1.0,109,131,7,7,0,7,6,0,124,1.0,1.0,56,0,0,327,0,7,146,146,1.0,0,0,29.844036697247706,0.2018348623853211,24,25,24,24,24,576,24.0,0.8767288033674083,0.8532772098616958,0.9422730006013229,0.8689116055321707
LongerDependency,WAM depth=4,6,train_test,0.05,0.25,3,109,1.0,0.0,0.0,0.0,1922,436,4.0,17.63302752293578,1.0,1.0,109,109,7,7,0,7,7,0,102,1.0,1.0,56,0,0,436,0,7,0,0,1.0,0,0,24.69724770642202,0.0,34,35,34,34,34,816,24.0,0.7585848074921956,0.7382934443288242,0.8152965660770031,0.7518210197710719
LongerDependency,WAM depth=8,6,train_test,0.05,0.25,3,109,1.0,0.0,0.0,0.0,2358,436,4.0,21.63302752293578,1.0,1.0,109,109,7,7,0,7,7,0,102,1.0,1.0,56,0,0,872,0,7,0,0,1.0,0,0,24.293577981651374,0.0,74,75,74,74,74,1776,24.0,0.6183206106870229,0.6017811704834606,0.6645462256149279,0.6128074639525021
Probabilistic,None,6,train_test,0.05,0.25,3,109,0.963302752293578,0.0,0.0,0.03669724770642202,1020,1020,9.357798165137615,9.357798165137615,0.0,0.0,0,0,0,0,0,0,0,0,0,0.0,0.0,0,0,0,0,0,0,0,0,0.0,0,0,0.0,0.0,0,0,0,0,0,0,0.0,1.0,0.9696078431372549,1.1068627450980393,0.9764705882352941
Probabilistic,NextLine,6,train_test,0.05,0.25,3,109,0.981651376146789,0.0,0.0,0.01834862385321101,989,728,6.678899082568807,9.073394495412844,0.5963302752293578,0.5963302752293578,109,109,3,3,0,2,1,1,106,0.6666666666666666,0.5,24,0,0,109,0,3,146,145,0.0,0,109,0.0,0.0,0,0,0,0,0,0,0.0,1.031344792719919,1.0,1.1415571284125379,1.0070778564206269
Probabilistic,Stride,6,train_test,0.05,0.25,3,109,0.963302752293578,0.0,0.0,0.03669724770642202,1129,1020,9.357798165137615,10.357798165137615,0.0,0.0,0,0,0,0,0,0,0,0,0,0.0,0.0,0,0,0,109,0,0,0,0,0.0,0,109,0.0,0.0,1,1,1,1,0,16,16.0,0.9034543844109831,0.8759964570416298,1.0,0.8821966341895483
Probabilistic,Markov-1,6,train_test,0.05,0.25,3,109,1.0,0.0,0.0,0.0,996,436,4.0,9.137614678899082,0.926605504587156,1.0,109,146,4,4,0,4,3,0,142,1.0,1.0,32,0,0,109,0,4,146,146,0.0,0,109,0.0,0.0,5,4,5,5,5,120,24.0,1.0240963855421688,0.9929718875502008,1.1335341365461848,1.0
Probabilistic,WAM depth=1,6,train_test,0.05,0.25,3,109,1.0,0.0,0.0,0.0,996,436,4.0,9.137614678899082,0.926605504587156,1.0,109,146,4,4,0,4,3,0,142,1.0,1.0,32,0,0,109,0,4,146,146,1.0,0,0,72.8348623853211,0.2945163718657144,4,5,4,4,4,96,24.0,1.0240963855421688,0.9929718875502008,1.1335341365461848,1.0
Probabilistic,WAM depth=2,6,train_test,0.05,0.25,3,109,1.0,0.0,0.0,0.0,1105,436,4.0,10.137614678899082,0.926605504587156,1.0,109,146,4,4,0,4,3,0,142,1.0,1.0,32,0,0,218,0,4,146,146,1.0,0,0,62.00917431192661,0.2945163718657144,9,10,9,9,9,216,24.0,0.9230769230769231,0.8950226244343892,1.0217194570135746,0.9013574660633484
Probabilistic,WAM depth=3,6,train_test,0.05,0.25,3,109,1.0,0.0,0.0,0.0,1214,436,4.0,11.137614678899082,0.926605504587156,1.0,109,146,4,4,0,4,3,0,142,1.0,1.0,32,0,0,327,0,4,146,146,1.0,0,0,51.027522935779814,0.2919251456616437,15,16,15,15,15,360,24.0,0.8401976935749588,0.814662273476112,0.9299835255354201,0.8204283360790774
Probabilistic,WAM depth=4,6,train_test,0.05,0.25,3,109,1.0,0.0,0.0,0.0,1323,436,4.0,12.137614678899082,0.926605504587156,1.0,109,146,4,4,0,4,3,0,142,1.0,1.0,32,0,0,436,0,4,146,146,1.0,0,0,44.31192660550459,0.2919251456616437,23,24,23,23,23,552,24.0,0.7709750566893424,0.7475434618291761,0.8533635676492819,0.7528344671201814
Probabilistic,WAM depth=8,6,train_test,0.05,0.25,3,109,1.0,0.0,0.0,0.0,1759,436,4.0,16.137614678899084,0.926605504587156,1.0,109,144,4,4,0,4,3,0,140,1.0,1.0,32,0,0,872,0,4,146,146,1.0,0,0,22.422018348623855,0.2789146574358567,78,79,78,78,78,1872,24.0,0.579874928936896,0.5622512791358727,0.641841955656623,0.5662308129619101
PhaseChanging,None,6,train_test,0.05,0.25,3,109,0.9724770642201835,0.0,0.0,0.027522935779816515,874,874,8.01834862385321,8.01834862385321,0.0,0.0,0,0,0,0,0,0,0,0,0,0.0,0.0,0,0,0,0,0,0,0,0,0.0,0,0,0.0,0.0,0,0,0,0,0,0,0.0,1.0,1.131578947368421,1.1247139588100687,1.139588100686499
PhaseChanging,NextLine,6,train_test,0.05,0.25,3,109,0.981651376146789,0.0,0.0,0.01834862385321101,989,728,6.678899082568807,9.073394495412844,0.3394495412844037,0.3394495412844037,109,109,3,3,0,1,1,2,106,0.3333333333333333,0.3333333333333333,24,0,0,109,0,3,0,-2,0.0,0,109,0.0,0.0,0,0,0,0,0,0,0.0,0.8837209302325582,1.0,0.993933265925177,1.0070778564206269
PhaseChanging,Stride,6,train_test,0.05,0.25,3,109,0.9724770642201835,0.0,0.0,0.027522935779816515,983,874,8.01834862385321,9.01834862385321,0.0,0.0,0,0,0,0,0,0,0,0,0,0.0,0.0,0,0,0,109,0,0,0,0,0.0,0,109,0.0,0.0,1,1,1,1,0,16,16.0,0.8891149542217701,1.0061037639877926,1.0,1.0132248219735505
PhaseChanging,Markov-1,6,train_test,0.05,0.25,3,109,1.0,0.0,0.0,0.0,996,436,4.0,9.137614678899082,0.6697247706422018,1.0,109,145,4,4,0,3,3,1,141,0.75,1.0,32,0,0,109,0,4,0,-1,0.0,0,109,0.0,0.0,6,5,6,6,6,144,24.0,0.8775100401606426,0.9929718875502008,0.9869477911646586,1.0
PhaseChanging,WAM depth=1,6,train_test,0.05,0.25,3,109,1.0,0.0,0.0,0.0,996,436,4.0,9.137614678899082,0.6697247706422018,1.0,109,145,4,4,0,3,3,1,141,0.75,1.0,32,0,0,109,0,4,0,-1,1.0,0,0,43.14678899082569,0.28506734374677734,5,6,5,5,5,120,24.0,0.8775100401606426,0.9929718875502008,0.9869477911646586,1.0
PhaseChanging,WAM depth=2,6,train_test,0.05,0.25,3,109,1.0,0.0,0.0,0.0,1104,436,4.0,10.128440366972477,1.0,1.0,109,109,3,3,0,3,3,0,106,1.0,1.0,24,0,0,218,0,3,0,0,1.0,0,0,23.0,0.0,11,12,11,11,11,264,24.0,0.7916666666666666,0.8958333333333334,0.8903985507246377,0.9021739130434783
PhaseChanging,WAM depth=3,6,train_test,0.05,0.25,3,109,1.0,0.0,0.0,0.0,1213,436,4.0,11.128440366972477,1.0,1.0,109,109,3,3,0,3,3,0,106,1.0,1.0,24,0,0,327,0,3,0,0,1.0,0,0,22.660550458715598,0.0,18,19,18,18,18,432,24.0,0.720527617477329,0.8153338829348722,0.8103874690849134,0.8211046990931574
PhaseChanging,WAM depth=4,6,train_test,0.05,0.25,3,109,1.0,0.0,0.0,0.0,1322,436,4.0,12.128440366972477,1.0,1.0,109,109,3,3,0,3,3,0,106,1.0,1.0,24,0,0,436,0,3,0,0,1.0,0,0,22.3302752293578,0.0,26,27,26,26,26,624,24.0,0.6611195158850227,0.7481089258698941,0.74357034795764,0.7534039334341907
PhaseChanging,WAM depth=8,6,train_test,0.05,0.25,3,109,1.0,0.0,0.0,0.0,1758,436,4.0,16.128440366972477,1.0,1.0,109,109,3,3,0,3,3,0,106,1.0,1.0,24,0,0,872,0,3,0,0,1.0,0,0,21.0,0.0,68,69,68,68,68,1632,24.0,0.49715585893060293,0.5625711035267349,0.5591581342434585,0.5665529010238908
Random,None,6,train_test,0.05,0.25,3,109,0.05504587155963303,0.0,0.0,0.944954128440367,15474,15474,141.96330275229357,141.96330275229357,0.0,0.0,0,0,0,0,0,0,0,0,0,0.0,0.0,0,0,39,0,0,0,0,0,0.0,0,0,0.0,0.0,0,0,0,0,0,0,0.0,1.0,1.0063978286157425,1.007044073930464,1.000387747188833
Random,NextLine,6,train_test,0.05,0.25,3,109,0.027522935779816515,0.03669724770642202,0.0,0.9357798165137615,15573,15360,140.91743119266056,142.87155963302752,0.0,0.0,109,109,104,103,0,1,0,103,5,0.009615384615384616,0.009708737864077669,832,3,74,109,0,104,146,114,0.0,0,109,0.0,0.0,0,0,0,0,0,0,0.0,0.9936428433827779,1.0,1.0006421370320426,0.9940281256020035
Random,Stride,6,train_test,0.05,0.25,3,109,0.05504587155963303,0.0,0.0,0.944954128440367,15583,15474,141.96330275229357,142.96330275229357,0.0,0.0,0,0,0,0,0,0,0,0,0,0.0,0.0,0,0,39,109,0,0,0,0,0.0,0,109,0.0,0.0,1,1,1,1,0,16,16.0,0.9930051979721491,0.9993582750433164,1.0,0.9933902329461592
Random,Markov-1,6,train_test,0.05,0.25,3,109,0.05504587155963303,0.01834862385321101,0.0,0.926605504587156,15480,15198,139.43119266055047,142.0183486238532,0.04,0.04,25,27,24,24,0,2,1,22,3,0.08333333333333333,0.019417475728155338,192,2,50,109,0,24,146,137,0.0,0,109,0.0,0.0,249,227,249,249,249,5976,24.0,0.9996124031007751,1.0060077519379844,1.0066537467700258,1.0
Random,WAM depth=1,6,train_test,0.05,0.25,3,109,0.05504587155963303,0.01834862385321101,0.0,0.926605504587156,15480,15198,139.43119266055047,142.0183486238532,0.04,0.04,25,27,24,24,0,2,1,22,3,0.08333333333333333,0.019417475728155338,192,2,50,109,0,24,146,137,0.22935779816513763,0,84,0.25688073394495414,0.06339850002884624,227,228,227,227,227,5448,24.0,0.9996124031007751,1.0060077519379844,1.0066537467700258,1.0
Random,WAM depth=2,6,train_test,0.05,0.25,3,109,0.05504587155963303,0.01834862385321101,0.0,0.926605504587156,15589,15198,139.43119266055047,143.0183486238532,0.04,0.04,25,27,24,24,0,2,1,22,3,0.08333333333333333,0.019417475728155338,192,2,50,218,0,24,146,137,0.009174311926605505,24,84,0.25688073394495414,0.06339850002884624,475,476,475,475,475,11400,24.0,0.9926230033998332,0.998973635255629,0.9996151132208608,0.9930078901789724
Random,WAM depth=3,6,train_test,0.05,0.25,3,109,0.05504587155963303,0.01834862385321101,0.0,0.926605504587156,15698,15198,139.43119266055047,144.0183486238532,0.04,0.04,25,27,24,24,0,2,1,22,3,0.08333333333333333,0.019417475728155338,192,2,50,327,0,24,146,137,0.0,25,84,0.25688073394495414,0.06339850002884624,723,724,723,723,723,17352,24.0,0.9857306663269206,0.9920372021913619,0.992674226016053,0.9861128806217353
Random,WAM depth=4,6,train_test,0.05,0.25,3,109,0.05504587155963303,0.01834862385321101,0.0,0.926605504587156,15807,15198,139.43119266055047,145.0183486238532,0.04,0.04,25,27,24,24,0,2,1,22,3,0.08333333333333333,0.019417475728155338,192,2,50,436,0,24,146,137,0.0,25,84,0.25688073394495414,0.06339850002884624,970,971,970,970,970,23280,24.0,0.9789333839438223,0.9851964319605239,0.985829063073322,0.9793129626115012
Random,WAM depth=8,6,train_test,0.05,0.25,3,109,0.05504587155963303,0.01834862385321101,0.0,0.926605504587156,16243,15198,139.43119266055047,149.0183486238532,0.04,0.04,25,27,24,24,0,2,1,22,3,0.08333333333333333,0.019417475728155338,192,2,50,872,0,24,146,137,0.0,25,84,0.25688073394495414,0.06339850002884624,1948,1949,1948,1948,1948,46752,24.0,0.9526565289663239,0.9587514621683186,0.959367111986702,0.9530259188573539
Sequential,None,7,train_test,0.05,0.25,3,109,0.0,0.0,0.0,1.0,16350,16350,150.0,150.0,0.0,0.0,0,0,0,0,0,0,0,0,0,0.0,0.0,0,0,45,0,0,0,0,0,0.0,0,0,0.0,0.0,0,0,0,0,0,0,0.0,1.0,1.0333333333333334,1.0333333333333334,1.0066666666666666
Sequential,NextLine,7,train_test,0.05,0.25,3,109,1.0,0.0,0.0,0.0,16895,436,4.0,155.0,1.0,1.0,109,109,109,109,0,109,109,0,0,1.0,1.0,872,0,45,109,0,109,0,0,0.0,0,109,0.0,0.0,0,0,0,0,0,0,0.0,0.967741935483871,1.0,1.0,0.9741935483870968
Sequential,Stride,7,train_test,0.05,0.25,3,109,1.0,0.0,0.0,0.0,16895,436,4.0,155.0,1.0,1.0,109,109,109,109,0,109,109,0,0,1.0,1.0,872,0,45,109,0,109,0,0,0.0,0,109,0.0,0.0,1,1,1,1,0,16,16.0,0.967741935483871,1.0,1.0,0.9741935483870968
Sequential,Markov-1,7,train_test,0.05,0.25,3,109,0.0,0.0,0.0,1.0,16459,16350,150.0,151.0,0.0,0.0,0,0,0,0,0,0,0,0,0,0.0,0.0,0,0,45,109,0,0,0,0,0.0,0,109,0.0,0.0,250,250,250,250,250,6000,24.0,0.9933774834437086,1.0264900662251655,1.0264900662251655,1.0
Sequential,WAM depth=1,7,train_test,0.05,0.25,3,109,0.0,0.0,0.0,1.0,16459,16350,150.0,151.0,0.0,0.0,0,0,0,0,0,0,0,0,0,0.0,0.0,0,0,45,109,0,0,0,0,0.0,0,109,0.0,0.0,250,251,250,250,250,6000,24.0,0.9933774834437086,1.0264900662251655,1.0264900662251655,1.0
Sequential,WAM depth=2,7,train_test,0.05,0.25,3,109,0.0,0.0,0.0,1.0,16568,16350,150.0,152.0,0.0,0.0,0,0,0,0,0,0,0,0,0,0.0,0.0,0,0,45,218,0,0,0,0,0.0,0,109,0.0,0.0,499,500,499,499,499,11976,24.0,0.9868421052631579,1.019736842105263,1.019736842105263,0.993421052631579
Sequential,WAM depth=3,7,train_test,0.05,0.25,3,109,0.0,0.0,0.0,1.0,16677,16350,150.0,153.0,0.0,0.0,0,0,0,0,0,0,0,0,0,0.0,0.0,0,0,45,327,0,0,0,0,0.0,0,109,0.0,0.0,747,748,747,747,747,17928,24.0,0.9803921568627451,1.0130718954248366,1.0130718954248366,0.9869281045751634
Sequential,WAM depth=4,7,train_test,0.05,0.25,3,109,0.0,0.0,0.0,1.0,16786,16350,150.0,154.0,0.0,0.0,0,0,0,0,0,0,0,0,0,0.0,0.0,0,0,45,436,0,0,0,0,0.0,0,109,0.0,0.0,994,995,994,994,994,23856,24.0,0.974025974025974,1.0064935064935066,1.0064935064935066,0.9805194805194806
Sequential,WAM depth=8,7,train_test,0.05,0.25,3,109,0.0,0.0,0.0,1.0,17222,16350,150.0,158.0,0.0,0.0,0,0,0,0,0,0,0,0,0,0.0,0.0,0,0,45,872,0,0,0,0,0.0,0,109,0.0,0.0,1972,1973,1972,1972,1972,47328,24.0,0.9493670886075949,0.9810126582278481,0.9810126582278481,0.9556962025316456
Stride,None,7,train_test,0.05,0.25,3,109,0.0,0.0,0.0,1.0,16350,16350,150.0,150.0,0.0,0.0,0,0,0,0,0,0,0,0,0,0.0,0.0,0,0,45,0,0,0,0,0,0.0,0,0,0.0,0.0,0,0,0,0,0,0,0.0,1.0,1.0133333333333334,1.0333333333333334,1.0066666666666666
Stride,NextLine,7,train_test,0.05,0.25,3,109,0.0,0.0,0.0,1.0,16568,16350,150.0,152.0,0.0,0.0,109,109,109,108,0,0,0,109,0,0.0,0.0,872,0,77,109,0,109,0,-33,0.0,0,109,0.0,0.0,0,0,0,0,0,0,0.0,0.9868421052631579,1.0,1.019736842105263,0.993421052631579
Stride,Stride,7,train_test,0.05,0.25,3,109,1.0,0.0,0.0,0.0,16895,436,4.0,155.0,1.0,1.0,109,109,109,109,0,109,109,0,0,1.0,1.0,872,0,45,109,0,109,0,0,0.0,0,109,0.0,0.0,1,1,1,1,0,16,16.0,0.967741935483871,0.9806451612903225,1.0,0.9741935483870968
Stride,Markov-1,7,train_test,0.05,0.25,3,109,0.0,0.0,0.0,1.0,16459,16350,150.0,151.0,0.0,0.0,0,0,0,0,0,0,0,0,0,0.0,0.0,0,0,45,109,0,0,0,0,0.0,0,109,0.0,0.0,250,250,250,250,250,6000,24.0,0.9933774834437086,1.0066225165562914,1.0264900662251655,1.0
Stride,WAM depth=1,7,train_test,0.05,0.25,3,109,0.0,0.0,0.0,1.0,16459,16350,150.0,151.0,0.0,0.0,0,0,0,0,0,0,0,0,0,0.0,0.0,0,0,45,109,0,0,0,0,0.0,0,109,0.0,0.0,250,251,250,250,250,6000,24.0,0.9933774834437086,1.0066225165562914,1.0264900662251655,1.0
Stride,WAM depth=2,7,train_test,0.05,0.25,3,109,0.0,0.0,0.0,1.0,16568,16350,150.0,152.0,0.0,0.0,0,0,0,0,0,0,0,0,0,0.0,0.0,0,0,45,218,0,0,0,0,0.0,0,109,0.0,0.0,499,500,499,499,499,11976,24.0,0.9868421052631579,1.0,1.019736842105263,0.993421052631579
Stride,WAM depth=3,7,train_test,0.05,0.25,3,109,0.0,0.0,0.0,1.0,16677,16350,150.0,153.0,0.0,0.0,0,0,0,0,0,0,0,0,0,0.0,0.0,0,0,45,327,0,0,0,0,0.0,0,109,0.0,0.0,747,748,747,747,747,17928,24.0,0.9803921568627451,0.9934640522875817,1.0130718954248366,0.9869281045751634
Stride,WAM depth=4,7,train_test,0.05,0.25,3,109,0.0,0.0,0.0,1.0,16786,16350,150.0,154.0,0.0,0.0,0,0,0,0,0,0,0,0,0,0.0,0.0,0,0,45,436,0,0,0,0,0.0,0,109,0.0,0.0,994,995,994,994,994,23856,24.0,0.974025974025974,0.987012987012987,1.0064935064935066,0.9805194805194806
Stride,WAM depth=8,7,train_test,0.05,0.25,3,109,0.0,0.0,0.0,1.0,17222,16350,150.0,158.0,0.0,0.0,0,0,0,0,0,0,0,0,0,0.0,0.0,0,0,45,872,0,0,0,0,0.0,0,109,0.0,0.0,1972,1973,1972,1972,1972,47328,24.0,0.9493670886075949,0.9620253164556962,0.9810126582278481,0.9556962025316456
Repeating,None,7,train_test,0.05,0.25,3,109,0.963302752293578,0.0,0.0,0.03669724770642202,1020,1020,9.357798165137615,9.357798165137615,0.0,0.0,0,0,0,0,0,0,0,0,0,0.0,0.0,0,0,0,0,0,0,0,0,0.0,0,0,0.0,0.0,0,0,0,0,0,0,0.0,1.0,1.119607843137255,1.119607843137255,1.1225490196078431
Repeating,NextLine,7,train_test,0.05,0.25,3,109,0.9908256880733946,0.0,0.0,0.009174311926605505,1142,582,5.339449541284404,10.477064220183486,0.7522935779816514,0.7522935779816514,109,109,4,4,0,3,3,1,105,0.75,0.75,32,0,0,109,0,4,0,-1,0.0,0,109,0.0,0.0,0,0,0,0,0,0,0.0,0.8931698774080561,1.0,1.0,1.0026269702276707
Repeating,Stride,7,train_test,0.05,0.25,3,109,0.9908256880733946,0.0,0.0,0.009174311926605505,1142,582,5.339449541284404,10.477064220183486,0.7522935779816514,0.7522935779816514,109,109,4,4,0,3,3,1,105,0.75,0.75,32,0,0,109,0,4,0,-1,0.0,0,109,0.0,0.0,1,1,1,1,0,16,16.0,0.8931698774080561,1.0,1.0,1.0026269702276707
Repeating,Markov-1,7,train_test,0.05,0.25,3,109,1.0,0.0,0.0,0.0,1145,436,4.0,10.504587155963304,1.0,1.0,109,109,4,4,0,4,4,0,105,1.0,1.0,32,0,0,109,0,4,0,0,0.0,0,109,0.0,0.0,4,4,4,4,4,96,24.0,0.8908296943231441,0.9973799126637555,0.9973799126637555,1.0
Repeating,WAM depth=1,7,train_test,0.05,0.25,3,109,1.0,0.0,0.0,0.0,1145,436,4.0,10.504587155963304,1.0,1.0,109,109,4,4,0,4,4,0,105,1.0,1.0,32,0,0,109,0,4,0,0,1.0,0,0,62.4954128440367,0.0,4,5,4,4,4,96,24.0,0.8908296943231441,0.9973799126637555,0.9973799126637555,1.0
Repeating,WAM depth=2,7,train_test,0.05,0.25,3,109,1.0,0.0,0.0,0.0,1254,436,4.0,11.504587155963304,1.0,1.0,109,109,4,4,0,4,4,0,105,1.0,1.0,32,0,0,218,0,4,0,0,1.0,0,0,62.24770642201835,0.0,8,9,8,8,8,192,24.0,0.8133971291866029,0.9106858054226475,0.9106858054226475,0.9130781499202552
Repeating,WAM depth=3,7,train_test,0.05,0.25,3,109,1.0,0.0,0.0,0.0,1363,436,4.0,12.504587155963304,1.0,1.0,109,109,4,4,0,4,4,0,105,1.0,1.0,32,0,0,327,0,4,0,0,1.0,0,0,62.0,0.0,12,13,12,12,12,288,24.0,0.7483492296404989,0.8378576669112252,0.8378576669112252,0.8400586940572267
Repeating,WAM depth=4,7,train_test,0.05,0.25,3,109,1.0,0.0,0.0,0.0,1472,436,4.0,13.504587155963304,1.0,1.0,109,109,4,4,0,4,4,0,105,1.0,1.0,32,0,0,436,0,4,0,0,1.0,0,0,61.74311926605505,0.0,16,17,16,16,16,384,24.0,0.6929347826086957,0.7758152173913043,0.7758152173913043,0.7778532608695652
Repeating,WAM depth=8,7,train_test,0.05,0.25,3,109,1.0,0.0,0.0,0.0,1908,436,4.0,17.504587155963304,1.0,1.0,109,109,4,4,0,4,4,0,105,1.0,1.0,32,0,0,872,0,4,0,0,1.0,0,0,60.74311926605505,0.0,32,33,32,32,32,768,24.0,0.5345911949685535,0.5985324947589099,0.5985324947589099,0.600104821802935
Contextual,None,7,train_test,0.05,0.25,3,109,0.9541284403669725,0.0,0.0,0.045871559633027525,1166,1166,10.697247706422019,10.697247706422019,0.0,0.0,0,0,0,0,0,0,0,0,0,0.0,0.0,0,0,0,0,0,0,0,0,0.0,0,0,0.0,0.0,0,0,0,0,0,0,0.0,1.0,0.9742710120068611,1.0934819897084047,0.9828473413379074
Contextual,NextLine,7,train_test,0.05,0.25,3,109,0.9724770642201835,0.0,0.0,0.027522935779816515,1136,874,8.01834862385321,10.422018348623853,0.1651376146788991,0.1651376146788991,109,109,4,4,0,2,1,2,105,0.5,0.4,32,0,0,109,0,4,146,144,0.0,0,109,0.0,0.0,0,0,0,0,0,0,0.0,1.0264084507042253,1.0,1.1223591549295775,1.0088028169014085
Contextual,Stride,7,train_test,0.05,0.25,3,109,0.9541284403669725,0.0,0.0,0.045871559633027525,1275,1166,10.697247706422019,11.697247706422019,0.0,0.0,0,0,0,0,0,0,0,0,0,0.0,0.0,0,0,0,109,0,0,0,0,0.0,0,109,0.0,0.0,1,1,1,1,0,16,16.0,0.9145098039215687,0.8909803921568628,1.0,0.8988235294117647
Contextual,Markov-1,7,train_test,0.05,0.25,3,109,1.0,0.0,0.0,0.0,1146,436,4.0,10.513761467889909,0.8256880733944955,1.0,109,146,5,5,0,5,4,0,141,1.0,1.0,40,0,0,109,0,5,146,146,0.0,0,109,0.0,0.0,6,5,6,6,6,144,24.0,1.0174520069808028,0.9912739965095986,1.112565445026178,1.0
Contextual,WAM depth=1,7,train_test,0.05,0.25,3,109,1.0,0.0,0.0,0.0,1146,436,4.0,10.513761467889909,0.8256880733944955,1.0,109,146,5,5,0,5,4,0,141,1.0,1.0,40,0,0,109,0,5,146,146,1.0,0,0,55.75229357798165,0.3394139966466874,5,6,5,5,5,120,24.0,1.0174520069808028,0.9912739965095986,1.112565445026178,1.0
Contextual,WAM depth=2,7,train_test,0.05,0.25,3,109,1.0,0.0,0.0,0.0,1404,436,4.0,12.880733944954128,1.0,1.0,109,109,5,5,0,5,5,0,104,1.0,1.0,40,0,0,218,0,5,0,0,1.0,0,0,41.4954128440367,0.0,11,12,11,11,11,264,24.0,0.8304843304843305,0.8091168091168092,0.9081196581196581,0.8162393162393162
Contextual,WAM depth=3,7,train_test,0.05,0.25,3,109,1.0,0.0,0.0,0.0,1513,436,4.0,13.880733944954128,1.0,1.0,109,109,5,5,0,5,5,0,104,1.0,1.0,40,0,0,327,0,5,0,0,1.0,0,0,41.330275229357795,0.0,17,18,17,17,17,408,24.0,0.7706543291473893,0.7508261731658956,0.8426966292134831,0.7574355584930601
Contextual,WAM depth=4,7,train_test,0.05,0.25,3,109,1.0,0.0,0.0,0.0,1622,436,4.0,14.880733944954128,1.0,1.0,109,109,5,5,0,5,5,0,104,1.0,1.0,40,0,0,436,0,5,0,0,1.0,0,0,41.1651376146789,0.0,23,24,23,23,23,552,24.0,0.718865598027127,0.7003699136868065,0.7860665844636252,0.7065351418002466
Contextual,WAM depth=8,7,train_test,0.05,0.25,3,109,1.0,0.0,0.0,0.0,2058,436,4.0,18.880733944954127,1.0,1.0,109,109,5,5,0,5,5,0,104,1.0,1.0,40,0,0,872,0,5,0,0,1.0,0,0,40.4954128440367,0.0,47,48,47,47,47,1128,24.0,0.5665694849368319,0.5519922254616132,0.619533527696793,0.5568513119533528
LongerDependency,None,7,train_test,0.05,0.25,3,109,0.9357798165137615,0.0,0.0,0.06422018348623854,1458,1458,13.376146788990825,13.376146788990825,0.0,0.0,0,0,0,0,0,0,0,0,0,0.0,0.0,0,0,0,0,0,0,0,0,0.0,0,0,0.0,0.0,0,0,0,0,0,0,0.0,1.0,0.9732510288065843,1.0747599451303156,0.9910836762688614
LongerDependency,NextLine,7,train_test,0.05,0.25,3,109,0.981651376146789,0.0,0.0,0.01834862385321101,1419,728,6.678899082568807,13.01834862385321,0.5045871559633027,0.5045871559633027,109,109,7,7,0,5,4,2,102,0.7142857142857143,0.7142857142857143,56,0,0,109,0,7,164,162,0.0,0,109,0.0,0.0,0,0,0,0,0,0,0.0,1.0274841437632136,1.0,1.1042988019732205,1.018322762508809
LongerDependency,Stride,7,train_test,0.05,0.25,3,109,0.9357798165137615,0.0,0.0,0.06422018348623854,1567,1458,13.376146788990825,14.376146788990825,0.0,0.0,0,0,0,0,0,0,0,0,0,0.0,0.0,0,0,0,109,0,0,0,0,0.0,0,109,0.0,0.0,1,1,1,1,0,16,16.0,0.9304403318442884,0.9055520102105935,1.0,0.9221442246330568
LongerDependency,Markov-1,7,train_test,0.05,0.25,3,109,1.0,0.0,0.0,0.0,1445,436,4.0,13.256880733944953,0.8990825688073395,1.0,109,131,7,7,0,7,6,0,124,1.0,1.0,56,0,0,109,0,7,146,146,0.0,0,109,0.0,0.0,8,7,8,8,8,192,24.0,1.0089965397923875,0.9820069204152249,1.0844290657439446,1.0
LongerDependency,WAM depth=1,7,train_test,0.05,0.25,3,109,1.0,0.0,0.0,0.0,1445,436,4.0,13.256880733944953,0.8990825688073395,1.0,109,131,7,7,0,7,6,0,124,1.0,1.0,56,0,0,109,0,7,146,146,1.0,0,0,40.137614678899084,0.2018348623853211,7,8,7,7,7,168,24.0,1.0089965397923875,0.9820069204152249,1.0844290657439446,1.0
LongerDependency,WAM depth=2,7,train_test,0.05,0.25,3,109,1.0,0.0,0.0,0.0,1554,436,4.0,14.256880733944953,0.8990825688073395,1.0,109,131,7,7,0,7,6,0,124,1.0,1.0,56,0,0,218,0,7,146,146,1.0,0,0,34.99082568807339,0.2018348623853211,15,16,15,15,15,360,24.0,0.9382239382239382,0.9131274131274131,1.0083655083655083,0.9298584298584298
LongerDependency,WAM depth=3,7,train_test,0.05,0.25,3,109,1.0,0.0,0.0,0.0,1663,436,4.0,15.256880733944953,0.8990825688073395,1.0,109,131,7,7,0,7,6,0,124,1.0,1.0,56,0,0,327,0,7,146,146,1.0,0,0,29.844036697247706,0.2018348623853211,24,25,24,24,24,576,24.0,0.8767288033674083,0.8532772098616958,0.9422730006013229,0.8689116055321707
LongerDependency,WAM depth=4,7,train_test,0.05,0.25,3,109,1.0,0.0,0.0,0.0,1922,436,4.0,17.63302752293578,1.0,1.0,109,109,7,7,0,7,7,0,102,1.0,1.0,56,0,0,436,0,7,0,0,1.0,0,0,24.69724770642202,0.0,34,35,34,34,34,816,24.0,0.7585848074921956,0.7382934443288242,0.8152965660770031,0.7518210197710719
LongerDependency,WAM depth=8,7,train_test,0.05,0.25,3,109,1.0,0.0,0.0,0.0,2358,436,4.0,21.63302752293578,1.0,1.0,109,109,7,7,0,7,7,0,102,1.0,1.0,56,0,0,872,0,7,0,0,1.0,0,0,24.293577981651374,0.0,74,75,74,74,74,1776,24.0,0.6183206106870229,0.6017811704834606,0.6645462256149279,0.6128074639525021
Probabilistic,None,7,train_test,0.05,0.25,3,109,0.963302752293578,0.0,0.0,0.03669724770642202,1020,1020,9.357798165137615,9.357798165137615,0.0,0.0,0,0,0,0,0,0,0,0,0,0.0,0.0,0,0,0,0,0,0,0,0,0.0,0,0,0.0,0.0,0,0,0,0,0,0,0.0,1.0,0.9696078431372549,1.1068627450980393,0.9764705882352941
Probabilistic,NextLine,7,train_test,0.05,0.25,3,109,0.981651376146789,0.0,0.0,0.01834862385321101,989,728,6.678899082568807,9.073394495412844,0.5596330275229358,0.5596330275229358,109,109,3,3,0,2,1,1,106,0.6666666666666666,0.5,24,0,0,109,0,3,146,145,0.0,0,109,0.0,0.0,0,0,0,0,0,0,0.0,1.031344792719919,1.0,1.1415571284125379,1.0070778564206269
Probabilistic,Stride,7,train_test,0.05,0.25,3,109,0.963302752293578,0.0,0.0,0.03669724770642202,1129,1020,9.357798165137615,10.357798165137615,0.0,0.0,0,0,0,0,0,0,0,0,0,0.0,0.0,0,0,0,109,0,0,0,0,0.0,0,109,0.0,0.0,1,1,1,1,0,16,16.0,0.9034543844109831,0.8759964570416298,1.0,0.8821966341895483
Probabilistic,Markov-1,7,train_test,0.05,0.25,3,109,1.0,0.0,0.0,0.0,996,436,4.0,9.137614678899082,0.8899082568807339,1.0,109,146,4,4,0,4,3,0,142,1.0,1.0,32,0,0,109,0,4,146,146,0.0,0,109,0.0,0.0,5,4,5,5,5,120,24.0,1.0240963855421688,0.9929718875502008,1.1335341365461848,1.0
Probabilistic,WAM depth=1,7,train_test,0.05,0.25,3,109,1.0,0.0,0.0,0.0,996,436,4.0,9.137614678899082,0.8899082568807339,1.0,109,146,4,4,0,4,3,0,142,1.0,1.0,32,0,0,109,0,4,146,146,1.0,0,0,73.02752293577981,0.23138778650578373,4,5,4,4,4,96,24.0,1.0240963855421688,0.9929718875502008,1.1335341365461848,1.0
Probabilistic,WAM depth=2,7,train_test,0.05,0.25,3,109,1.0,0.0,0.0,0.0,1105,436,4.0,10.137614678899082,0.8899082568807339,1.0,109,146,4,4,0,4,3,0,142,1.0,1.0,32,0,0,218,0,4,146,146,1.0,0,0,62.39449541284404,0.23138778650578373,9,10,9,9,9,216,24.0,0.9230769230769231,0.8950226244343892,1.0217194570135746,0.9013574660633484
Probabilistic,WAM depth=3,7,train_test,0.05,0.25,3,109,1.0,0.0,0.0,0.0,1214,436,4.0,11.137614678899082,0.8899082568807339,1.0,109,146,4,4,0,4,3,0,142,1.0,1.0,32,0,0,327,0,4,146,146,1.0,0,0,51.71559633027523,0.22648695034064503,15,16,15,15,15,360,24.0,0.8401976935749588,0.814662273476112,0.9299835255354201,0.8204283360790774
Probabilistic,WAM depth=4,7,train_test,0.05,0.25,3,109,1.0,0.0,0.0,0.0,1323,436,4.0,12.137614678899082,0.8899082568807339,1.0,109,146,4,4,0,4,3,0,142,1.0,1.0,32,0,0,436,0,4,146,146,1.0,0,0,45.91743119266055,0.22648695034064503,23,24,23,23,23,552,24.0,0.7709750566893424,0.7475434618291761,0.8533635676492819,0.7528344671201814
Probabilistic,WAM depth=8,7,train_test,0.05,0.25,3,109,1.0,0.0,0.0,0.0,1759,436,4.0,16.137614678899084,0.8899082568807339,0.9724770642201835,109,141,4,4,0,4,3,0,137,1.0,1.0,32,0,0,872,0,4,146,146,0.963302752293578,4,0,26.256880733944953,0.2044525903809032,78,79,78,78,78,1872,24.0,0.579874928936896,0.5622512791358727,0.641841955656623,0.5662308129619101
PhaseChanging,None,7,train_test,0.05,0.25,3,109,0.9724770642201835,0.0,0.0,0.027522935779816515,874,874,8.01834862385321,8.01834862385321,0.0,0.0,0,0,0,0,0,0,0,0,0,0.0,0.0,0,0,0,0,0,0,0,0,0.0,0,0,0.0,0.0,0,0,0,0,0,0,0.0,1.0,1.131578947368421,1.1247139588100687,1.139588100686499
PhaseChanging,NextLine,7,train_test,0.05,0.25,3,109,0.981651376146789,0.0,0.0,0.01834862385321101,989,728,6.678899082568807,9.073394495412844,0.3394495412844037,0.3394495412844037,109,109,3,3,0,1,1,2,106,0.3333333333333333,0.3333333333333333,24,0,0,109,0,3,0,-2,0.0,0,109,0.0,0.0,0,0,0,0,0,0,0.0,0.8837209302325582,1.0,0.993933265925177,1.0070778564206269
PhaseChanging,Stride,7,train_test,0.05,0.25,3,109,0.9724770642201835,0.0,0.0,0.027522935779816515,983,874,8.01834862385321,9.01834862385321,0.0,0.0,0,0,0,0,0,0,0,0,0,0.0,0.0,0,0,0,109,0,0,0,0,0.0,0,109,0.0,0.0,1,1,1,1,0,16,16.0,0.8891149542217701,1.0061037639877926,1.0,1.0132248219735505
PhaseChanging,Markov-1,7,train_test,0.05,0.25,3,109,1.0,0.0,0.0,0.0,996,436,4.0,9.137614678899082,0.6697247706422018,1.0,109,145,4,4,0,3,3,1,141,0.75,1.0,32,0,0,109,0,4,0,-1,0.0,0,109,0.0,0.0,6,5,6,6,6,144,24.0,0.8775100401606426,0.9929718875502008,0.9869477911646586,1.0
PhaseChanging,WAM depth=1,7,train_test,0.05,0.25,3,109,1.0,0.0,0.0,0.0,996,436,4.0,9.137614678899082,0.6697247706422018,1.0,109,145,4,4,0,3,3,1,141,0.75,1.0,32,0,0,109,0,4,0,-1,1.0,0,0,43.14678899082569,0.28506734374677734,5,6,5,5,5,120,24.0,0.8775100401606426,0.9929718875502008,0.9869477911646586,1.0
PhaseChanging,WAM depth=2,7,train_test,0.05,0.25,3,109,1.0,0.0,0.0,0.0,1104,436,4.0,10.128440366972477,1.0,1.0,109,109,3,3,0,3,3,0,106,1.0,1.0,24,0,0,218,0,3,0,0,1.0,0,0,23.0,0.0,11,12,11,11,11,264,24.0,0.7916666666666666,0.8958333333333334,0.8903985507246377,0.9021739130434783
PhaseChanging,WAM depth=3,7,train_test,0.05,0.25,3,109,1.0,0.0,0.0,0.0,1213,436,4.0,11.128440366972477,1.0,1.0,109,109,3,3,0,3,3,0,106,1.0,1.0,24,0,0,327,0,3,0,0,1.0,0,0,22.660550458715598,0.0,18,19,18,18,18,432,24.0,0.720527617477329,0.8153338829348722,0.8103874690849134,0.8211046990931574
PhaseChanging,WAM depth=4,7,train_test,0.05,0.25,3,109,1.0,0.0,0.0,0.0,1322,436,4.0,12.128440366972477,1.0,1.0,109,109,3,3,0,3,3,0,106,1.0,1.0,24,0,0,436,0,3,0,0,1.0,0,0,22.3302752293578,0.0,26,27,26,26,26,624,24.0,0.6611195158850227,0.7481089258698941,0.74357034795764,0.7534039334341907
PhaseChanging,WAM depth=8,7,train_test,0.05,0.25,3,109,1.0,0.0,0.0,0.0,1758,436,4.0,16.128440366972477,1.0,1.0,109,109,3,3,0,3,3,0,106,1.0,1.0,24,0,0,872,0,3,0,0,1.0,0,0,21.0,0.0,68,69,68,68,68,1632,24.0,0.49715585893060293,0.5625711035267349,0.5591581342434585,0.5665529010238908
Random,None,7,train_test,0.05,0.25,3,109,0.03669724770642202,0.009174311926605505,0.0,0.9541284403669725,15628,15628,143.37614678899084,143.37614678899084,0.0,0.0,0,0,0,0,0,0,0,0,0,0.0,0.0,0,0,41,0,0,0,0,0,0.0,0,0,0.0,0.0,0,0,0,0,0,0,0.0,1.0,0.9859227028410545,1.006974660865114,0.9806117225492705
Random,NextLine,7,train_test,0.05,0.25,3,109,0.05504587155963303,0.01834862385321101,0.0,0.926605504587156,15408,15198,139.43119266055047,141.3577981651376,0.0,0.0,109,109,101,100,0,3,0,98,8,0.0297029702970297,0.028846153846153848,808,5,73,109,0,101,438,406,0.0,0,109,0.0,0.0,0,0,0,0,0,0,0.0,1.0142782969885773,1.0,1.0213525441329179,0.9946131879543094
Random,Stride,7,train_test,0.05,0.25,3,109,0.03669724770642202,0.009174311926605505,0.0,0.9541284403669725,15737,15628,143.37614678899084,144.37614678899084,0.0,0.0,0,0,0,0,0,0,0,0,0,0.0,0.0,0,0,41,109,0,0,0,0,0.0,0,109,0.0,0.0,1,1,1,1,0,16,16.0,0.9930736480904874,0.9790938552455996,1.0,0.973819660672301
Random,Markov-1,7,train_test,0.05,0.25,3,109,0.06422018348623854,0.01834862385321101,0.0,0.9174311926605505,15325,15052,138.09174311926606,140.59633027522935,0.0,0.0,24,27,25,25,0,4,1,21,2,0.16,0.038461538461538464,200,0,49,109,0,25,445,438,0.0,0,109,0.0,0.0,250,224,250,250,250,6000,24.0,1.0197716150081566,1.005415986949429,1.0268841761827079,1.0
Random,WAM depth=1,7,train_test,0.05,0.25,3,109,0.06422018348623854,0.01834862385321101,0.0,0.9174311926605505,15325,15052,138.09174311926606,140.59633027522935,0.0,0.0,24,27,25,25,0,4,1,21,2,0.16,0.038461538461538464,200,0,49,109,0,25,445,438,0.22018348623853212,0,85,0.24770642201834864,0.125,224,225,224,224,224,5376,24.0,1.0197716150081566,1.005415986949429,1.0268841761827079,1.0
Random,WAM depth=2,7,train_test,0.05,0.25,3,109,0.06422018348623854,0.01834862385321101,0.0,0.9174311926605505,15432,15052,138.09174311926606,141.57798165137615,0.0,0.0,24,27,25,25,0,4,1,21,2,0.16,0.038461538461538464,200,0,49,218,0,25,447,440,0.0,24,85,0.24770642201834864,0.125,473,474,473,473,473,11352,24.0,1.0127008812856402,0.9984447900466563,1.0197641264904096,0.993066355624676
Random,WAM depth=3,7,train_test,0.05,0.25,3,109,0.06422018348623854,0.01834862385321101,0.0,0.9174311926605505,15539,15052,138.09174311926606,142.55963302752295,0.0,0.0,24,27,25,25,0,4,1,21,2,0.16,0.038461538461538464,200,0,49,327,0,25,449,442,0.0,24,85,0.24770642201834864,0.125,721,722,721,721,721,17304,24.0,1.0057275242937127,0.9915695990732994,1.0127421326983719,0.9862282000128708
Random,WAM depth=4,7,train_test,0.05,0.25,3,109,0.06422018348623854,0.01834862385321101,0.0,0.9174311926605505,15646,15052,138.09174311926606,143.54128440366972,0.0,0.0,24,27,25,25,0,4,1,21,2,0.16,0.038461538461538464,200,0,49,436,0,25,451,444,0.0,24,85,0.24770642201834864,0.125,968,969,968,968,968,23232,24.0,0.9988495462098939,0.9847884443308194,1.0058161830499808,0.9794835740764413
Random,WAM depth=8,7,train_test,0.05,0.25,3,109,0.06422018348623854,0.01834862385321101,0.0,0.9174311926605505,16074,15052,138.09174311926606,147.4678899082569,0.0,0.0,24,27,25,25,0,4,1,21,2,0.16,0.038461538461538464,200,0,49,872,0,25,459,452,0.0,24,85,0.24770642201834864,0.125,1946,1947,1946,1946,1946,46704,24.0,0.9722533283563519,0.9585666293393057,0.9790344655966157,0.9534030110737838
Sequential,None,8,train_test,0.05,0.25,3,109,0.0,0.0,0.0,1.0,16350,16350,150.0,150.0,0.0,0.0,0,0,0,0,0,0,0,0,0,0.0,0.0,0,0,45,0,0,0,0,0,0.0,0,0,0.0,0.0,0,0,0,0,0,0,0.0,1.0,1.0333333333333334,1.0333333333333334,1.0066666666666666
Sequential,NextLine,8,train_test,0.05,0.25,3,109,1.0,0.0,0.0,0.0,16895,436,4.0,155.0,1.0,1.0,109,109,109,109,0,109,109,0,0,1.0,1.0,872,0,45,109,0,109,0,0,0.0,0,109,0.0,0.0,0,0,0,0,0,0,0.0,0.967741935483871,1.0,1.0,0.9741935483870968
Sequential,Stride,8,train_test,0.05,0.25,3,109,1.0,0.0,0.0,0.0,16895,436,4.0,155.0,1.0,1.0,109,109,109,109,0,109,109,0,0,1.0,1.0,872,0,45,109,0,109,0,0,0.0,0,109,0.0,0.0,1,1,1,1,0,16,16.0,0.967741935483871,1.0,1.0,0.9741935483870968
Sequential,Markov-1,8,train_test,0.05,0.25,3,109,0.0,0.0,0.0,1.0,16459,16350,150.0,151.0,0.0,0.0,0,0,0,0,0,0,0,0,0,0.0,0.0,0,0,45,109,0,0,0,0,0.0,0,109,0.0,0.0,250,250,250,250,250,6000,24.0,0.9933774834437086,1.0264900662251655,1.0264900662251655,1.0
Sequential,WAM depth=1,8,train_test,0.05,0.25,3,109,0.0,0.0,0.0,1.0,16459,16350,150.0,151.0,0.0,0.0,0,0,0,0,0,0,0,0,0,0.0,0.0,0,0,45,109,0,0,0,0,0.0,0,109,0.0,0.0,250,251,250,250,250,6000,24.0,0.9933774834437086,1.0264900662251655,1.0264900662251655,1.0
Sequential,WAM depth=2,8,train_test,0.05,0.25,3,109,0.0,0.0,0.0,1.0,16568,16350,150.0,152.0,0.0,0.0,0,0,0,0,0,0,0,0,0,0.0,0.0,0,0,45,218,0,0,0,0,0.0,0,109,0.0,0.0,499,500,499,499,499,11976,24.0,0.9868421052631579,1.019736842105263,1.019736842105263,0.993421052631579
Sequential,WAM depth=3,8,train_test,0.05,0.25,3,109,0.0,0.0,0.0,1.0,16677,16350,150.0,153.0,0.0,0.0,0,0,0,0,0,0,0,0,0,0.0,0.0,0,0,45,327,0,0,0,0,0.0,0,109,0.0,0.0,747,748,747,747,747,17928,24.0,0.9803921568627451,1.0130718954248366,1.0130718954248366,0.9869281045751634
Sequential,WAM depth=4,8,train_test,0.05,0.25,3,109,0.0,0.0,0.0,1.0,16786,16350,150.0,154.0,0.0,0.0,0,0,0,0,0,0,0,0,0,0.0,0.0,0,0,45,436,0,0,0,0,0.0,0,109,0.0,0.0,994,995,994,994,994,23856,24.0,0.974025974025974,1.0064935064935066,1.0064935064935066,0.9805194805194806
Sequential,WAM depth=8,8,train_test,0.05,0.25,3,109,0.0,0.0,0.0,1.0,17222,16350,150.0,158.0,0.0,0.0,0,0,0,0,0,0,0,0,0,0.0,0.0,0,0,45,872,0,0,0,0,0.0,0,109,0.0,0.0,1972,1973,1972,1972,1972,47328,24.0,0.9493670886075949,0.9810126582278481,0.9810126582278481,0.9556962025316456
Stride,None,8,train_test,0.05,0.25,3,109,0.0,0.0,0.0,1.0,16350,16350,150.0,150.0,0.0,0.0,0,0,0,0,0,0,0,0,0,0.0,0.0,0,0,45,0,0,0,0,0,0.0,0,0,0.0,0.0,0,0,0,0,0,0,0.0,1.0,1.0133333333333334,1.0333333333333334,1.0066666666666666
Stride,NextLine,8,train_test,0.05,0.25,3,109,0.0,0.0,0.0,1.0,16568,16350,150.0,152.0,0.0,0.0,109,109,109,108,0,0,0,109,0,0.0,0.0,872,0,77,109,0,109,0,-33,0.0,0,109,0.0,0.0,0,0,0,0,0,0,0.0,0.9868421052631579,1.0,1.019736842105263,0.993421052631579
Stride,Stride,8,train_test,0.05,0.25,3,109,1.0,0.0,0.0,0.0,16895,436,4.0,155.0,1.0,1.0,109,109,109,109,0,109,109,0,0,1.0,1.0,872,0,45,109,0,109,0,0,0.0,0,109,0.0,0.0,1,1,1,1,0,16,16.0,0.967741935483871,0.9806451612903225,1.0,0.9741935483870968
Stride,Markov-1,8,train_test,0.05,0.25,3,109,0.0,0.0,0.0,1.0,16459,16350,150.0,151.0,0.0,0.0,0,0,0,0,0,0,0,0,0,0.0,0.0,0,0,45,109,0,0,0,0,0.0,0,109,0.0,0.0,250,250,250,250,250,6000,24.0,0.9933774834437086,1.0066225165562914,1.0264900662251655,1.0
Stride,WAM depth=1,8,train_test,0.05,0.25,3,109,0.0,0.0,0.0,1.0,16459,16350,150.0,151.0,0.0,0.0,0,0,0,0,0,0,0,0,0,0.0,0.0,0,0,45,109,0,0,0,0,0.0,0,109,0.0,0.0,250,251,250,250,250,6000,24.0,0.9933774834437086,1.0066225165562914,1.0264900662251655,1.0
Stride,WAM depth=2,8,train_test,0.05,0.25,3,109,0.0,0.0,0.0,1.0,16568,16350,150.0,152.0,0.0,0.0,0,0,0,0,0,0,0,0,0,0.0,0.0,0,0,45,218,0,0,0,0,0.0,0,109,0.0,0.0,499,500,499,499,499,11976,24.0,0.9868421052631579,1.0,1.019736842105263,0.993421052631579
Stride,WAM depth=3,8,train_test,0.05,0.25,3,109,0.0,0.0,0.0,1.0,16677,16350,150.0,153.0,0.0,0.0,0,0,0,0,0,0,0,0,0,0.0,0.0,0,0,45,327,0,0,0,0,0.0,0,109,0.0,0.0,747,748,747,747,747,17928,24.0,0.9803921568627451,0.9934640522875817,1.0130718954248366,0.9869281045751634
Stride,WAM depth=4,8,train_test,0.05,0.25,3,109,0.0,0.0,0.0,1.0,16786,16350,150.0,154.0,0.0,0.0,0,0,0,0,0,0,0,0,0,0.0,0.0,0,0,45,436,0,0,0,0,0.0,0,109,0.0,0.0,994,995,994,994,994,23856,24.0,0.974025974025974,0.987012987012987,1.0064935064935066,0.9805194805194806
Stride,WAM depth=8,8,train_test,0.05,0.25,3,109,0.0,0.0,0.0,1.0,17222,16350,150.0,158.0,0.0,0.0,0,0,0,0,0,0,0,0,0,0.0,0.0,0,0,45,872,0,0,0,0,0.0,0,109,0.0,0.0,1972,1973,1972,1972,1972,47328,24.0,0.9493670886075949,0.9620253164556962,0.9810126582278481,0.9556962025316456
Repeating,None,8,train_test,0.05,0.25,3,109,0.963302752293578,0.0,0.0,0.03669724770642202,1020,1020,9.357798165137615,9.357798165137615,0.0,0.0,0,0,0,0,0,0,0,0,0,0.0,0.0,0,0,0,0,0,0,0,0,0.0,0,0,0.0,0.0,0,0,0,0,0,0,0.0,1.0,1.119607843137255,1.119607843137255,1.1225490196078431
Repeating,NextLine,8,train_test,0.05,0.25,3,109,0.9908256880733946,0.0,0.0,0.009174311926605505,1142,582,5.339449541284404,10.477064220183486,0.7522935779816514,0.7522935779816514,109,109,4,4,0,3,3,1,105,0.75,0.75,32,0,0,109,0,4,0,-1,0.0,0,109,0.0,0.0,0,0,0,0,0,0,0.0,0.8931698774080561,1.0,1.0,1.0026269702276707
Repeating,Stride,8,train_test,0.05,0.25,3,109,0.9908256880733946,0.0,0.0,0.009174311926605505,1142,582,5.339449541284404,10.477064220183486,0.7522935779816514,0.7522935779816514,109,109,4,4,0,3,3,1,105,0.75,0.75,32,0,0,109,0,4,0,-1,0.0,0,109,0.0,0.0,1,1,1,1,0,16,16.0,0.8931698774080561,1.0,1.0,1.0026269702276707
Repeating,Markov-1,8,train_test,0.05,0.25,3,109,1.0,0.0,0.0,0.0,1145,436,4.0,10.504587155963304,1.0,1.0,109,109,4,4,0,4,4,0,105,1.0,1.0,32,0,0,109,0,4,0,0,0.0,0,109,0.0,0.0,4,4,4,4,4,96,24.0,0.8908296943231441,0.9973799126637555,0.9973799126637555,1.0
Repeating,WAM depth=1,8,train_test,0.05,0.25,3,109,1.0,0.0,0.0,0.0,1145,436,4.0,10.504587155963304,1.0,1.0,109,109,4,4,0,4,4,0,105,1.0,1.0,32,0,0,109,0,4,0,0,1.0,0,0,62.4954128440367,0.0,4,5,4,4,4,96,24.0,0.8908296943231441,0.9973799126637555,0.9973799126637555,1.0
Repeating,WAM depth=2,8,train_test,0.05,0.25,3,109,1.0,0.0,0.0,0.0,1254,436,4.0,11.504587155963304,1.0,1.0,109,109,4,4,0,4,4,0,105,1.0,1.0,32,0,0,218,0,4,0,0,1.0,0,0,62.24770642201835,0.0,8,9,8,8,8,192,24.0,0.8133971291866029,0.9106858054226475,0.9106858054226475,0.9130781499202552
Repeating,WAM depth=3,8,train_test,0.05,0.25,3,109,1.0,0.0,0.0,0.0,1363,436,4.0,12.504587155963304,1.0,1.0,109,109,4,4,0,4,4,0,105,1.0,1.0,32,0,0,327,0,4,0,0,1.0,0,0,62.0,0.0,12,13,12,12,12,288,24.0,0.7483492296404989,0.8378576669112252,0.8378576669112252,0.8400586940572267
Repeating,WAM depth=4,8,train_test,0.05,0.25,3,109,1.0,0.0,0.0,0.0,1472,436,4.0,13.504587155963304,1.0,1.0,109,109,4,4,0,4,4,0,105,1.0,1.0,32,0,0,436,0,4,0,0,1.0,0,0,61.74311926605505,0.0,16,17,16,16,16,384,24.0,0.6929347826086957,0.7758152173913043,0.7758152173913043,0.7778532608695652
Repeating,WAM depth=8,8,train_test,0.05,0.25,3,109,1.0,0.0,0.0,0.0,1908,436,4.0,17.504587155963304,1.0,1.0,109,109,4,4,0,4,4,0,105,1.0,1.0,32,0,0,872,0,4,0,0,1.0,0,0,60.74311926605505,0.0,32,33,32,32,32,768,24.0,0.5345911949685535,0.5985324947589099,0.5985324947589099,0.600104821802935
Contextual,None,8,train_test,0.05,0.25,3,109,0.9541284403669725,0.0,0.0,0.045871559633027525,1166,1166,10.697247706422019,10.697247706422019,0.0,0.0,0,0,0,0,0,0,0,0,0,0.0,0.0,0,0,0,0,0,0,0,0,0.0,0,0,0.0,0.0,0,0,0,0,0,0,0.0,1.0,0.9742710120068611,1.0934819897084047,0.9828473413379074
Contextual,NextLine,8,train_test,0.05,0.25,3,109,0.9724770642201835,0.0,0.0,0.027522935779816515,1136,874,8.01834862385321,10.422018348623853,0.1651376146788991,0.1651376146788991,109,109,4,4,0,2,1,2,105,0.5,0.4,32,0,0,109,0,4,146,144,0.0,0,109,0.0,0.0,0,0,0,0,0,0,0.0,1.0264084507042253,1.0,1.1223591549295775,1.0088028169014085
Contextual,Stride,8,train_test,0.05,0.25,3,109,0.9541284403669725,0.0,0.0,0.045871559633027525,1275,1166,10.697247706422019,11.697247706422019,0.0,0.0,0,0,0,0,0,0,0,0,0,0.0,0.0,0,0,0,109,0,0,0,0,0.0,0,109,0.0,0.0,1,1,1,1,0,16,16.0,0.9145098039215687,0.8909803921568628,1.0,0.8988235294117647
Contextual,Markov-1,8,train_test,0.05,0.25,3,109,1.0,0.0,0.0,0.0,1146,436,4.0,10.513761467889909,0.8256880733944955,1.0,109,146,5,5,0,5,4,0,141,1.0,1.0,40,0,0,109,0,5,146,146,0.0,0,109,0.0,0.0,6,5,6,6,6,144,24.0,1.0174520069808028,0.9912739965095986,1.112565445026178,1.0
Contextual,WAM depth=1,8,train_test,0.05,0.25,3,109,1.0,0.0,0.0,0.0,1146,436,4.0,10.513761467889909,0.8256880733944955,1.0,109,146,5,5,0,5,4,0,141,1.0,1.0,40,0,0,109,0,5,146,146,1.0,0,0,55.75229357798165,0.3394139966466874,5,6,5,5,5,120,24.0,1.0174520069808028,0.9912739965095986,1.112565445026178,1.0
Contextual,WAM depth=2,8,train_test,0.05,0.25,3,109,1.0,0.0,0.0,0.0,1404,436,4.0,12.880733944954128,1.0,1.0,109,109,5,5,0,5,5,0,104,1.0,1.0,40,0,0,218,0,5,0,0,1.0,0,0,41.4954128440367,0.0,11,12,11,11,11,264,24.0,0.8304843304843305,0.8091168091168092,0.9081196581196581,0.8162393162393162
Contextual,WAM depth=3,8,train_test,0.05,0.25,3,109,1.0,0.0,0.0,0.0,1513,436,4.0,13.880733944954128,1.0,1.0,109,109,5,5,0,5,5,0,104,1.0,1.0,40,0,0,327,0,5,0,0,1.0,0,0,41.330275229357795,0.0,17,18,17,17,17,408,24.0,0.7706543291473893,0.7508261731658956,0.8426966292134831,0.7574355584930601
Contextual,WAM depth=4,8,train_test,0.05,0.25,3,109,1.0,0.0,0.0,0.0,1622,436,4.0,14.880733944954128,1.0,1.0,109,109,5,5,0,5,5,0,104,1.0,1.0,40,0,0,436,0,5,0,0,1.0,0,0,41.1651376146789,0.0,23,24,23,23,23,552,24.0,0.718865598027127,0.7003699136868065,0.7860665844636252,0.7065351418002466
Contextual,WAM depth=8,8,train_test,0.05,0.25,3,109,1.0,0.0,0.0,0.0,2058,436,4.0,18.880733944954127,1.0,1.0,109,109,5,5,0,5,5,0,104,1.0,1.0,40,0,0,872,0,5,0,0,1.0,0,0,40.4954128440367,0.0,47,48,47,47,47,1128,24.0,0.5665694849368319,0.5519922254616132,0.619533527696793,0.5568513119533528
LongerDependency,None,8,train_test,0.05,0.25,3,109,0.9357798165137615,0.0,0.0,0.06422018348623854,1458,1458,13.376146788990825,13.376146788990825,0.0,0.0,0,0,0,0,0,0,0,0,0,0.0,0.0,0,0,0,0,0,0,0,0,0.0,0,0,0.0,0.0,0,0,0,0,0,0,0.0,1.0,0.9732510288065843,1.0747599451303156,0.9910836762688614
LongerDependency,NextLine,8,train_test,0.05,0.25,3,109,0.981651376146789,0.0,0.0,0.01834862385321101,1419,728,6.678899082568807,13.01834862385321,0.5045871559633027,0.5045871559633027,109,109,7,7,0,5,4,2,102,0.7142857142857143,0.7142857142857143,56,0,0,109,0,7,164,162,0.0,0,109,0.0,0.0,0,0,0,0,0,0,0.0,1.0274841437632136,1.0,1.1042988019732205,1.018322762508809
LongerDependency,Stride,8,train_test,0.05,0.25,3,109,0.9357798165137615,0.0,0.0,0.06422018348623854,1567,1458,13.376146788990825,14.376146788990825,0.0,0.0,0,0,0,0,0,0,0,0,0,0.0,0.0,0,0,0,109,0,0,0,0,0.0,0,109,0.0,0.0,1,1,1,1,0,16,16.0,0.9304403318442884,0.9055520102105935,1.0,0.9221442246330568
LongerDependency,Markov-1,8,train_test,0.05,0.25,3,109,1.0,0.0,0.0,0.0,1445,436,4.0,13.256880733944953,0.8990825688073395,1.0,109,131,7,7,0,7,6,0,124,1.0,1.0,56,0,0,109,0,7,146,146,0.0,0,109,0.0,0.0,8,7,8,8,8,192,24.0,1.0089965397923875,0.9820069204152249,1.0844290657439446,1.0
LongerDependency,WAM depth=1,8,train_test,0.05,0.25,3,109,1.0,0.0,0.0,0.0,1445,436,4.0,13.256880733944953,0.8990825688073395,1.0,109,131,7,7,0,7,6,0,124,1.0,1.0,56,0,0,109,0,7,146,146,1.0,0,0,40.137614678899084,0.2018348623853211,7,8,7,7,7,168,24.0,1.0089965397923875,0.9820069204152249,1.0844290657439446,1.0
LongerDependency,WAM depth=2,8,train_test,0.05,0.25,3,109,1.0,0.0,0.0,0.0,1554,436,4.0,14.256880733944953,0.8990825688073395,1.0,109,131,7,7,0,7,6,0,124,1.0,1.0,56,0,0,218,0,7,146,146,1.0,0,0,34.99082568807339,0.2018348623853211,15,16,15,15,15,360,24.0,0.9382239382239382,0.9131274131274131,1.0083655083655083,0.9298584298584298
LongerDependency,WAM depth=3,8,train_test,0.05,0.25,3,109,1.0,0.0,0.0,0.0,1663,436,4.0,15.256880733944953,0.8990825688073395,1.0,109,131,7,7,0,7,6,0,124,1.0,1.0,56,0,0,327,0,7,146,146,1.0,0,0,29.844036697247706,0.2018348623853211,24,25,24,24,24,576,24.0,0.8767288033674083,0.8532772098616958,0.9422730006013229,0.8689116055321707
LongerDependency,WAM depth=4,8,train_test,0.05,0.25,3,109,1.0,0.0,0.0,0.0,1922,436,4.0,17.63302752293578,1.0,1.0,109,109,7,7,0,7,7,0,102,1.0,1.0,56,0,0,436,0,7,0,0,1.0,0,0,24.69724770642202,0.0,34,35,34,34,34,816,24.0,0.7585848074921956,0.7382934443288242,0.8152965660770031,0.7518210197710719
LongerDependency,WAM depth=8,8,train_test,0.05,0.25,3,109,1.0,0.0,0.0,0.0,2358,436,4.0,21.63302752293578,1.0,1.0,109,109,7,7,0,7,7,0,102,1.0,1.0,56,0,0,872,0,7,0,0,1.0,0,0,24.293577981651374,0.0,74,75,74,74,74,1776,24.0,0.6183206106870229,0.6017811704834606,0.6645462256149279,0.6128074639525021
Probabilistic,None,8,train_test,0.05,0.25,3,109,0.963302752293578,0.0,0.0,0.03669724770642202,1020,1020,9.357798165137615,9.357798165137615,0.0,0.0,0,0,0,0,0,0,0,0,0,0.0,0.0,0,0,0,0,0,0,0,0,0.0,0,0,0.0,0.0,0,0,0,0,0,0,0.0,1.0,0.9735294117647059,1.1068627450980393,0.9754901960784313
Probabilistic,NextLine,8,train_test,0.05,0.25,3,109,0.9908256880733946,0.0,0.0,0.009174311926605505,993,582,5.339449541284404,9.110091743119266,0.5871559633027523,0.5871559633027523,109,109,4,4,0,3,2,1,105,0.75,0.75,32,0,0,109,0,4,146,145,0.0,0,109,0.0,0.0,0,0,0,0,0,0,0.0,1.027190332326284,1.0,1.1369587109768378,1.002014098690836
Probabilistic,Stride,8,train_test,0.05,0.25,3,109,0.963302752293578,0.0,0.0,0.03669724770642202,1129,1020,9.357798165137615,10.357798165137615,0.0,0.0,0,0,0,0,0,0,0,0,0,0.0,0.0,0,0,0,109,0,0,0,0,0.0,0,109,0.0,0.0,1,1,1,1,0,16,16.0,0.9034543844109831,0.8795394154118689,1.0,0.8813108945969885
Probabilistic,Markov-1,8,train_test,0.05,0.25,3,109,1.0,0.0,0.0,0.0,995,436,4.0,9.128440366972477,0.9174311926605505,1.0,109,146,4,4,0,4,3,0,142,1.0,1.0,32,0,0,109,0,4,146,146,0.0,0,109,0.0,0.0,5,4,5,5,5,120,24.0,1.0251256281407035,0.9979899497487437,1.1346733668341709,1.0
Probabilistic,WAM depth=1,8,train_test,0.05,0.25,3,109,1.0,0.0,0.0,0.0,995,436,4.0,9.128440366972477,0.9174311926605505,1.0,109,146,4,4,0,4,3,0,142,1.0,1.0,32,0,0,109,0,4,146,146,1.0,0,0,73.33944954128441,0.26345231034769134,4,5,4,4,4,96,24.0,1.0251256281407035,0.9979899497487437,1.1346733668341709,1.0
Probabilistic,WAM depth=2,8,train_test,0.05,0.25,3,109,1.0,0.0,0.0,0.0,1104,436,4.0,10.128440366972477,0.9174311926605505,1.0,109,146,4,4,0,4,3,0,142,1.0,1.0,32,0,0,218,0,4,146,146,1.0,0,0,63.018348623853214,0.26345231034769134,9,10,9,9,9,216,24.0,0.9239130434782609,0.8994565217391305,1.022644927536232,0.9012681159420289
Probabilistic,WAM depth=3,8,train_test,0.05,0.25,3,109,1.0,0.0,0.0,0.0,1213,436,4.0,11.128440366972477,0.9174311926605505,1.0,109,146,4,4,0,4,3,0,142,1.0,1.0,32,0,0,327,0,4,146,146,1.0,0,0,52.596330275229356,0.2561814365167018,15,16,15,15,15,360,24.0,0.8408903544929925,0.8186314921681781,0.9307502061005771,0.8202802967848309
Probabilistic,WAM depth=4,8,train_test,0.05,0.25,3,109,1.0,0.0,0.0,0.0,1322,436,4.0,12.128440366972477,0.9174311926605505,1.0,109,146,4,4,0,4,3,0,142,1.0,1.0,32,0,0,436,0,4,146,146,1.0,0,0,45.8348623853211,0.2561814365167018,23,24,23,23,23,552,24.0,0.7715582450832073,0.7511346444780636,0.8540090771558245,0.7526475037821483
Probabilistic,WAM depth=8,8,train_test,0.05,0.25,3,109,1.0,0.0,0.0,0.0,1758,436,4.0,16.128440366972477,0.9174311926605505,0.9908256880733946,109,144,4,4,0,4,3,0,140,1.0,1.0,32,0,0,872,0,4,146,146,0.981651376146789,2,0,24.28440366972477,0.2394433102636133,78,79,78,78,78,1872,24.0,0.5802047781569966,0.5648464163822525,0.6422070534698521,0.5659840728100114
PhaseChanging,None,8,train_test,0.05,0.25,3,109,0.9724770642201835,0.0,0.0,0.027522935779816515,874,874,8.01834862385321,8.01834862385321,0.0,0.0,0,0,0,0,0,0,0,0,0,0.0,0.0,0,0,0,0,0,0,0,0,0.0,0,0,0.0,0.0,0,0,0,0,0,0,0.0,1.0,1.131578947368421,1.1247139588100687,1.139588100686499
PhaseChanging,NextLine,8,train_test,0.05,0.25,3,109,0.981651376146789,0.0,0.0,0.01834862385321101,989,728,6.678899082568807,9.073394495412844,0.3394495412844037,0.3394495412844037,109,109,3,3,0,1,1,2,106,0.3333333333333333,0.3333333333333333,24,0,0,109,0,3,0,-2,0.0,0,109,0.0,0.0,0,0,0,0,0,0,0.0,0.8837209302325582,1.0,0.993933265925177,1.0070778564206269
PhaseChanging,Stride,8,train_test,0.05,0.25,3,109,0.9724770642201835,0.0,0.0,0.027522935779816515,983,874,8.01834862385321,9.01834862385321,0.0,0.0,0,0,0,0,0,0,0,0,0,0.0,0.0,0,0,0,109,0,0,0,0,0.0,0,109,0.0,0.0,1,1,1,1,0,16,16.0,0.8891149542217701,1.0061037639877926,1.0,1.0132248219735505
PhaseChanging,Markov-1,8,train_test,0.05,0.25,3,109,1.0,0.0,0.0,0.0,996,436,4.0,9.137614678899082,0.6697247706422018,1.0,109,145,4,4,0,3,3,1,141,0.75,1.0,32,0,0,109,0,4,0,-1,0.0,0,109,0.0,0.0,6,5,6,6,6,144,24.0,0.8775100401606426,0.9929718875502008,0.9869477911646586,1.0
PhaseChanging,WAM depth=1,8,train_test,0.05,0.25,3,109,1.0,0.0,0.0,0.0,996,436,4.0,9.137614678899082,0.6697247706422018,1.0,109,145,4,4,0,3,3,1,141,0.75,1.0,32,0,0,109,0,4,0,-1,1.0,0,0,43.14678899082569,0.28506734374677734,5,6,5,5,5,120,24.0,0.8775100401606426,0.9929718875502008,0.9869477911646586,1.0
PhaseChanging,WAM depth=2,8,train_test,0.05,0.25,3,109,1.0,0.0,0.0,0.0,1104,436,4.0,10.128440366972477,1.0,1.0,109,109,3,3,0,3,3,0,106,1.0,1.0,24,0,0,218,0,3,0,0,1.0,0,0,23.0,0.0,11,12,11,11,11,264,24.0,0.7916666666666666,0.8958333333333334,0.8903985507246377,0.9021739130434783
PhaseChanging,WAM depth=3,8,train_test,0.05,0.25,3,109,1.0,0.0,0.0,0.0,1213,436,4.0,11.128440366972477,1.0,1.0,109,109,3,3,0,3,3,0,106,1.0,1.0,24,0,0,327,0,3,0,0,1.0,0,0,22.660550458715598,0.0,18,19,18,18,18,432,24.0,0.720527617477329,0.8153338829348722,0.8103874690849134,0.8211046990931574
PhaseChanging,WAM depth=4,8,train_test,0.05,0.25,3,109,1.0,0.0,0.0,0.0,1322,436,4.0,12.128440366972477,1.0,1.0,109,109,3,3,0,3,3,0,106,1.0,1.0,24,0,0,436,0,3,0,0,1.0,0,0,22.3302752293578,0.0,26,27,26,26,26,624,24.0,0.6611195158850227,0.7481089258698941,0.74357034795764,0.7534039334341907
PhaseChanging,WAM depth=8,8,train_test,0.05,0.25,3,109,1.0,0.0,0.0,0.0,1758,436,4.0,16.128440366972477,1.0,1.0,109,109,3,3,0,3,3,0,106,1.0,1.0,24,0,0,872,0,3,0,0,1.0,0,0,21.0,0.0,68,69,68,68,68,1632,24.0,0.49715585893060293,0.5625711035267349,0.5591581342434585,0.5665529010238908
Random,None,8,train_test,0.05,0.25,3,109,0.08256880733944955,0.0,0.0,0.9174311926605505,15036,15036,137.94495412844037,137.94495412844037,0.0,0.0,0,0,0,0,0,0,0,0,0,0.0,0.0,0,0,36,0,0,0,0,0,0.0,0,0,0.0,0.0,0,0,0,0,0,0,0.0,1.0,0.9868316041500399,1.0072492684224528,0.9896914072891726
Random,NextLine,8,train_test,0.05,0.25,3,109,0.07339449541284404,0.03669724770642202,0.0,0.8899082568807339,14838,14630,134.22018348623854,136.12844036697248,0.0,0.0,109,109,99,98,0,3,0,96,10,0.030303030303030304,0.03,792,3,70,109,0,99,438,407,0.0,0,109,0.0,0.0,0,0,0,0,0,0,0.0,1.0133441164577437,1.0,1.0206901199622591,1.0028979646852676
Random,Stride,8,train_test,0.05,0.25,3,109,0.08256880733944955,0.0,0.0,0.9174311926605505,15145,15036,137.94495412844037,138.94495412844037,0.0,0.0,0,0,0,0,0,0,0,0,0,0.0,0.0,0,0,36,109,0,0,0,0,0.0,0,109,0.0,0.0,1,1,1,1,0,16,16.0,0.9928029052492572,0.9797292835919446,1.0,0.9825685044569165
Random,Markov-1,8,train_test,0.05,0.25,3,109,0.09174311926605505,0.009174311926605505,0.0,0.8990825688073395,14881,14752,135.3394495412844,136.52293577981652,0.0,0.0,23,24,20,20,0,2,0,18,4,0.1,0.02,160,0,46,109,0,20,292,283,0.0,0,109,0.0,0.0,249,220,249,249,249,5976,24.0,1.0104159666689068,0.9971104092466904,1.0177407432296217,1.0
Random,WAM depth=1,8,train_test,0.05,0.25,3,109,0.09174311926605505,0.009174311926605505,0.0,0.8990825688073395,14881,14752,135.3394495412844,136.52293577981652,0.0,0.0,23,24,20,20,0,2,0,18,4,0.1,0.02,160,0,46,109,0,20,292,283,0.21100917431192662,0,86,0.22018348623853212,0.043478260869565216,220,221,220,220,220,5280,24.0,1.0104159666689068,0.9971104092466904,1.0177407432296217,1.0
Random,WAM depth=2,8,train_test,0.05,0.25,3,109,0.09174311926605505,0.009174311926605505,0.0,0.8990825688073395,14990,14752,135.3394495412844,137.52293577981652,0.0,0.0,23,24,20,20,0,2,0,18,4,0.1,0.02,160,0,46,218,0,20,292,283,0.0,23,86,0.22018348623853212,0.043478260869565216,468,469,468,468,468,11232,24.0,1.0030687124749833,0.9898599066044029,1.0103402268178785,0.9927284856571047
Random,WAM depth=3,8,train_test,0.05,0.25,3,109,0.09174311926605505,0.009174311926605505,0.0,0.8990825688073395,15099,14752,135.3394495412844,138.52293577981652,0.0,0.0,23,24,20,20,0,2,0,18,4,0.1,0.02,160,0,46,327,0,20,292,283,0.0,23,86,0.22018348623853212,0.043478260869565216,716,717,716,716,716,17184,24.0,0.9958275382475661,0.9827140870256308,1.003046559374793,0.9855619577455461
Random,WAM depth=4,8,train_test,0.05,0.25,3,109,0.09174311926605505,0.009174311926605505,0.0,0.8990825688073395,15208,14752,135.3394495412844,139.52293577981652,0.0,0.0,23,24,20,20,0,2,0,18,4,0.1,0.02,160,0,46,436,0,20,292,283,0.0,23,86,0.22018348623853212,0.043478260869565216,963,964,963,963,963,23112,24.0,0.9886901630720674,0.9756706996317728,0.9958574434508154,0.9784981588637559
Random,WAM depth=8,8,train_test,0.05,0.25,3,109,0.09174311926605505,0.009174311926605505,0.0,0.8990825688073395,15644,14752,135.3394495412844,143.52293577981652,0.0,0.0,23,24,20,20,0,2,0,18,4,0.1,0.02,160,0,46,872,0,20,292,283,0.0,23,86,0.22018348623853212,0.043478260869565216,1941,1942,1941,1941,1941,46584,24.0,0.9611352595244184,0.9484786499616467,0.9681027870109946,0.9512273075939658
Sequential,None,9,train_test,0.05,0.25,3,109,0.0,0.0,0.0,1.0,16350,16350,150.0,150.0,0.0,0.0,0,0,0,0,0,0,0,0,0,0.0,0.0,0,0,45,0,0,0,0,0,0.0,0,0,0.0,0.0,0,0,0,0,0,0,0.0,1.0,1.0333333333333334,1.0333333333333334,1.0066666666666666
Sequential,NextLine,9,train_test,0.05,0.25,3,109,1.0,0.0,0.0,0.0,16895,436,4.0,155.0,1.0,1.0,109,109,109,109,0,109,109,0,0,1.0,1.0,872,0,45,109,0,109,0,0,0.0,0,109,0.0,0.0,0,0,0,0,0,0,0.0,0.967741935483871,1.0,1.0,0.9741935483870968
Sequential,Stride,9,train_test,0.05,0.25,3,109,1.0,0.0,0.0,0.0,16895,436,4.0,155.0,1.0,1.0,109,109,109,109,0,109,109,0,0,1.0,1.0,872,0,45,109,0,109,0,0,0.0,0,109,0.0,0.0,1,1,1,1,0,16,16.0,0.967741935483871,1.0,1.0,0.9741935483870968
Sequential,Markov-1,9,train_test,0.05,0.25,3,109,0.0,0.0,0.0,1.0,16459,16350,150.0,151.0,0.0,0.0,0,0,0,0,0,0,0,0,0,0.0,0.0,0,0,45,109,0,0,0,0,0.0,0,109,0.0,0.0,250,250,250,250,250,6000,24.0,0.9933774834437086,1.0264900662251655,1.0264900662251655,1.0
Sequential,WAM depth=1,9,train_test,0.05,0.25,3,109,0.0,0.0,0.0,1.0,16459,16350,150.0,151.0,0.0,0.0,0,0,0,0,0,0,0,0,0,0.0,0.0,0,0,45,109,0,0,0,0,0.0,0,109,0.0,0.0,250,251,250,250,250,6000,24.0,0.9933774834437086,1.0264900662251655,1.0264900662251655,1.0
Sequential,WAM depth=2,9,train_test,0.05,0.25,3,109,0.0,0.0,0.0,1.0,16568,16350,150.0,152.0,0.0,0.0,0,0,0,0,0,0,0,0,0,0.0,0.0,0,0,45,218,0,0,0,0,0.0,0,109,0.0,0.0,499,500,499,499,499,11976,24.0,0.9868421052631579,1.019736842105263,1.019736842105263,0.993421052631579
Sequential,WAM depth=3,9,train_test,0.05,0.25,3,109,0.0,0.0,0.0,1.0,16677,16350,150.0,153.0,0.0,0.0,0,0,0,0,0,0,0,0,0,0.0,0.0,0,0,45,327,0,0,0,0,0.0,0,109,0.0,0.0,747,748,747,747,747,17928,24.0,0.9803921568627451,1.0130718954248366,1.0130718954248366,0.9869281045751634
Sequential,WAM depth=4,9,train_test,0.05,0.25,3,109,0.0,0.0,0.0,1.0,16786,16350,150.0,154.0,0.0,0.0,0,0,0,0,0,0,0,0,0,0.0,0.0,0,0,45,436,0,0,0,0,0.0,0,109,0.0,0.0,994,995,994,994,994,23856,24.0,0.974025974025974,1.0064935064935066,1.0064935064935066,0.9805194805194806
Sequential,WAM depth=8,9,train_test,0.05,0.25,3,109,0.0,0.0,0.0,1.0,17222,16350,150.0,158.0,0.0,0.0,0,0,0,0,0,0,0,0,0,0.0,0.0,0,0,45,872,0,0,0,0,0.0,0,109,0.0,0.0,1972,1973,1972,1972,1972,47328,24.0,0.9493670886075949,0.9810126582278481,0.9810126582278481,0.9556962025316456
Stride,None,9,train_test,0.05,0.25,3,109,0.0,0.0,0.0,1.0,16350,16350,150.0,150.0,0.0,0.0,0,0,0,0,0,0,0,0,0,0.0,0.0,0,0,45,0,0,0,0,0,0.0,0,0,0.0,0.0,0,0,0,0,0,0,0.0,1.0,1.0133333333333334,1.0333333333333334,1.0066666666666666
Stride,NextLine,9,train_test,0.05,0.25,3,109,0.0,0.0,0.0,1.0,16568,16350,150.0,152.0,0.0,0.0,109,109,109,108,0,0,0,109,0,0.0,0.0,872,0,77,109,0,109,0,-33,0.0,0,109,0.0,0.0,0,0,0,0,0,0,0.0,0.9868421052631579,1.0,1.019736842105263,0.993421052631579
Stride,Stride,9,train_test,0.05,0.25,3,109,1.0,0.0,0.0,0.0,16895,436,4.0,155.0,1.0,1.0,109,109,109,109,0,109,109,0,0,1.0,1.0,872,0,45,109,0,109,0,0,0.0,0,109,0.0,0.0,1,1,1,1,0,16,16.0,0.967741935483871,0.9806451612903225,1.0,0.9741935483870968
Stride,Markov-1,9,train_test,0.05,0.25,3,109,0.0,0.0,0.0,1.0,16459,16350,150.0,151.0,0.0,0.0,0,0,0,0,0,0,0,0,0,0.0,0.0,0,0,45,109,0,0,0,0,0.0,0,109,0.0,0.0,250,250,250,250,250,6000,24.0,0.9933774834437086,1.0066225165562914,1.0264900662251655,1.0
Stride,WAM depth=1,9,train_test,0.05,0.25,3,109,0.0,0.0,0.0,1.0,16459,16350,150.0,151.0,0.0,0.0,0,0,0,0,0,0,0,0,0,0.0,0.0,0,0,45,109,0,0,0,0,0.0,0,109,0.0,0.0,250,251,250,250,250,6000,24.0,0.9933774834437086,1.0066225165562914,1.0264900662251655,1.0
Stride,WAM depth=2,9,train_test,0.05,0.25,3,109,0.0,0.0,0.0,1.0,16568,16350,150.0,152.0,0.0,0.0,0,0,0,0,0,0,0,0,0,0.0,0.0,0,0,45,218,0,0,0,0,0.0,0,109,0.0,0.0,499,500,499,499,499,11976,24.0,0.9868421052631579,1.0,1.019736842105263,0.993421052631579
Stride,WAM depth=3,9,train_test,0.05,0.25,3,109,0.0,0.0,0.0,1.0,16677,16350,150.0,153.0,0.0,0.0,0,0,0,0,0,0,0,0,0,0.0,0.0,0,0,45,327,0,0,0,0,0.0,0,109,0.0,0.0,747,748,747,747,747,17928,24.0,0.9803921568627451,0.9934640522875817,1.0130718954248366,0.9869281045751634
Stride,WAM depth=4,9,train_test,0.05,0.25,3,109,0.0,0.0,0.0,1.0,16786,16350,150.0,154.0,0.0,0.0,0,0,0,0,0,0,0,0,0,0.0,0.0,0,0,45,436,0,0,0,0,0.0,0,109,0.0,0.0,994,995,994,994,994,23856,24.0,0.974025974025974,0.987012987012987,1.0064935064935066,0.9805194805194806
Stride,WAM depth=8,9,train_test,0.05,0.25,3,109,0.0,0.0,0.0,1.0,17222,16350,150.0,158.0,0.0,0.0,0,0,0,0,0,0,0,0,0,0.0,0.0,0,0,45,872,0,0,0,0,0.0,0,109,0.0,0.0,1972,1973,1972,1972,1972,47328,24.0,0.9493670886075949,0.9620253164556962,0.9810126582278481,0.9556962025316456
Repeating,None,9,train_test,0.05,0.25,3,109,0.963302752293578,0.0,0.0,0.03669724770642202,1020,1020,9.357798165137615,9.357798165137615,0.0,0.0,0,0,0,0,0,0,0,0,0,0.0,0.0,0,0,0,0,0,0,0,0,0.0,0,0,0.0,0.0,0,0,0,0,0,0,0.0,1.0,1.119607843137255,1.119607843137255,1.1225490196078431
Repeating,NextLine,9,train_test,0.05,0.25,3,109,0.9908256880733946,0.0,0.0,0.009174311926605505,1142,582,5.339449541284404,10.477064220183486,0.7522935779816514,0.7522935779816514,109,109,4,4,0,3,3,1,105,0.75,0.75,32,0,0,109,0,4,0,-1,0.0,0,109,0.0,0.0,0,0,0,0,0,0,0.0,0.8931698774080561,1.0,1.0,1.0026269702276707
Repeating,Stride,9,train_test,0.05,0.25,3,109,0.9908256880733946,0.0,0.0,0.009174311926605505,1142,582,5.339449541284404,10.477064220183486,0.7522935779816514,0.7522935779816514,109,109,4,4,0,3,3,1,105,0.75,0.75,32,0,0,109,0,4,0,-1,0.0,0,109,0.0,0.0,1,1,1,1,0,16,16.0,0.8931698774080561,1.0,1.0,1.0026269702276707
Repeating,Markov-1,9,train_test,0.05,0.25,3,109,1.0,0.0,0.0,0.0,1145,436,4.0,10.504587155963304,1.0,1.0,109,109,4,4,0,4,4,0,105,1.0,1.0,32,0,0,109,0,4,0,0,0.0,0,109,0.0,0.0,4,4,4,4,4,96,24.0,0.8908296943231441,0.9973799126637555,0.9973799126637555,1.0
Repeating,WAM depth=1,9,train_test,0.05,0.25,3,109,1.0,0.0,0.0,0.0,1145,436,4.0,10.504587155963304,1.0,1.0,109,109,4,4,0,4,4,0,105,1.0,1.0,32,0,0,109,0,4,0,0,1.0,0,0,62.4954128440367,0.0,4,5,4,4,4,96,24.0,0.8908296943231441,0.9973799126637555,0.9973799126637555,1.0
Repeating,WAM depth=2,9,train_test,0.05,0.25,3,109,1.0,0.0,0.0,0.0,1254,436,4.0,11.504587155963304,1.0,1.0,109,109,4,4,0,4,4,0,105,1.0,1.0,32,0,0,218,0,4,0,0,1.0,0,0,62.24770642201835,0.0,8,9,8,8,8,192,24.0,0.8133971291866029,0.9106858054226475,0.9106858054226475,0.9130781499202552
Repeating,WAM depth=3,9,train_test,0.05,0.25,3,109,1.0,0.0,0.0,0.0,1363,436,4.0,12.504587155963304,1.0,1.0,109,109,4,4,0,4,4,0,105,1.0,1.0,32,0,0,327,0,4,0,0,1.0,0,0,62.0,0.0,12,13,12,12,12,288,24.0,0.7483492296404989,0.8378576669112252,0.8378576669112252,0.8400586940572267
Repeating,WAM depth=4,9,train_test,0.05,0.25,3,109,1.0,0.0,0.0,0.0,1472,436,4.0,13.504587155963304,1.0,1.0,109,109,4,4,0,4,4,0,105,1.0,1.0,32,0,0,436,0,4,0,0,1.0,0,0,61.74311926605505,0.0,16,17,16,16,16,384,24.0,0.6929347826086957,0.7758152173913043,0.7758152173913043,0.7778532608695652
Repeating,WAM depth=8,9,train_test,0.05,0.25,3,109,1.0,0.0,0.0,0.0,1908,436,4.0,17.504587155963304,1.0,1.0,109,109,4,4,0,4,4,0,105,1.0,1.0,32,0,0,872,0,4,0,0,1.0,0,0,60.74311926605505,0.0,32,33,32,32,32,768,24.0,0.5345911949685535,0.5985324947589099,0.5985324947589099,0.600104821802935
Contextual,None,9,train_test,0.05,0.25,3,109,0.9541284403669725,0.0,0.0,0.045871559633027525,1166,1166,10.697247706422019,10.697247706422019,0.0,0.0,0,0,0,0,0,0,0,0,0,0.0,0.0,0,0,0,0,0,0,0,0,0.0,0,0,0.0,0.0,0,0,0,0,0,0,0.0,1.0,0.9742710120068611,1.0934819897084047,0.9828473413379074
Contextual,NextLine,9,train_test,0.05,0.25,3,109,0.9724770642201835,0.0,0.0,0.027522935779816515,1136,874,8.01834862385321,10.422018348623853,0.1651376146788991,0.1651376146788991,109,109,4,4,0,2,1,2,105,0.5,0.4,32,0,0,109,0,4,146,144,0.0,0,109,0.0,0.0,0,0,0,0,0,0,0.0,1.0264084507042253,1.0,1.1223591549295775,1.0088028169014085
Contextual,Stride,9,train_test,0.05,0.25,3,109,0.9541284403669725,0.0,0.0,0.045871559633027525,1275,1166,10.697247706422019,11.697247706422019,0.0,0.0,0,0,0,0,0,0,0,0,0,0.0,0.0,0,0,0,109,0,0,0,0,0.0,0,109,0.0,0.0,1,1,1,1,0,16,16.0,0.9145098039215687,0.8909803921568628,1.0,0.8988235294117647
Contextual,Markov-1,9,train_test,0.05,0.25,3,109,1.0,0.0,0.0,0.0,1146,436,4.0,10.513761467889909,0.8256880733944955,1.0,109,146,5,5,0,5,4,0,141,1.0,1.0,40,0,0,109,0,5,146,146,0.0,0,109,0.0,0.0,6,5,6,6,6,144,24.0,1.0174520069808028,0.9912739965095986,1.112565445026178,1.0
Contextual,WAM depth=1,9,train_test,0.05,0.25,3,109,1.0,0.0,0.0,0.0,1146,436,4.0,10.513761467889909,0.8256880733944955,1.0,109,146,5,5,0,5,4,0,141,1.0,1.0,40,0,0,109,0,5,146,146,1.0,0,0,55.75229357798165,0.3394139966466874,5,6,5,5,5,120,24.0,1.0174520069808028,0.9912739965095986,1.112565445026178,1.0
Contextual,WAM depth=2,9,train_test,0.05,0.25,3,109,1.0,0.0,0.0,0.0,1404,436,4.0,12.880733944954128,1.0,1.0,109,109,5,5,0,5,5,0,104,1.0,1.0,40,0,0,218,0,5,0,0,1.0,0,0,41.4954128440367,0.0,11,12,11,11,11,264,24.0,0.8304843304843305,0.8091168091168092,0.9081196581196581,0.8162393162393162
Contextual,WAM depth=3,9,train_test,0.05,0.25,3,109,1.0,0.0,0.0,0.0,1513,436,4.0,13.880733944954128,1.0,1.0,109,109,5,5,0,5,5,0,104,1.0,1.0,40,0,0,327,0,5,0,0,1.0,0,0,41.330275229357795,0.0,17,18,17,17,17,408,24.0,0.7706543291473893,0.7508261731658956,0.8426966292134831,0.7574355584930601
Contextual,WAM depth=4,9,train_test,0.05,0.25,3,109,1.0,0.0,0.0,0.0,1622,436,4.0,14.880733944954128,1.0,1.0,109,109,5,5,0,5,5,0,104,1.0,1.0,40,0,0,436,0,5,0,0,1.0,0,0,41.1651376146789,0.0,23,24,23,23,23,552,24.0,0.718865598027127,0.7003699136868065,0.7860665844636252,0.7065351418002466
Contextual,WAM depth=8,9,train_test,0.05,0.25,3,109,1.0,0.0,0.0,0.0,2058,436,4.0,18.880733944954127,1.0,1.0,109,109,5,5,0,5,5,0,104,1.0,1.0,40,0,0,872,0,5,0,0,1.0,0,0,40.4954128440367,0.0,47,48,47,47,47,1128,24.0,0.5665694849368319,0.5519922254616132,0.619533527696793,0.5568513119533528
LongerDependency,None,9,train_test,0.05,0.25,3,109,0.9357798165137615,0.0,0.0,0.06422018348623854,1458,1458,13.376146788990825,13.376146788990825,0.0,0.0,0,0,0,0,0,0,0,0,0,0.0,0.0,0,0,0,0,0,0,0,0,0.0,0,0,0.0,0.0,0,0,0,0,0,0,0.0,1.0,0.9732510288065843,1.0747599451303156,0.9910836762688614
LongerDependency,NextLine,9,train_test,0.05,0.25,3,109,0.981651376146789,0.0,0.0,0.01834862385321101,1419,728,6.678899082568807,13.01834862385321,0.5045871559633027,0.5045871559633027,109,109,7,7,0,5,4,2,102,0.7142857142857143,0.7142857142857143,56,0,0,109,0,7,164,162,0.0,0,109,0.0,0.0,0,0,0,0,0,0,0.0,1.0274841437632136,1.0,1.1042988019732205,1.018322762508809
LongerDependency,Stride,9,train_test,0.05,0.25,3,109,0.9357798165137615,0.0,0.0,0.06422018348623854,1567,1458,13.376146788990825,14.376146788990825,0.0,0.0,0,0,0,0,0,0,0,0,0,0.0,0.0,0,0,0,109,0,0,0,0,0.0,0,109,0.0,0.0,1,1,1,1,0,16,16.0,0.9304403318442884,0.9055520102105935,1.0,0.9221442246330568
LongerDependency,Markov-1,9,train_test,0.05,0.25,3,109,1.0,0.0,0.0,0.0,1445,436,4.0,13.256880733944953,0.8990825688073395,1.0,109,131,7,7,0,7,6,0,124,1.0,1.0,56,0,0,109,0,7,146,146,0.0,0,109,0.0,0.0,8,7,8,8,8,192,24.0,1.0089965397923875,0.9820069204152249,1.0844290657439446,1.0
LongerDependency,WAM depth=1,9,train_test,0.05,0.25,3,109,1.0,0.0,0.0,0.0,1445,436,4.0,13.256880733944953,0.8990825688073395,1.0,109,131,7,7,0,7,6,0,124,1.0,1.0,56,0,0,109,0,7,146,146,1.0,0,0,40.137614678899084,0.2018348623853211,7,8,7,7,7,168,24.0,1.0089965397923875,0.9820069204152249,1.0844290657439446,1.0
LongerDependency,WAM depth=2,9,train_test,0.05,0.25,3,109,1.0,0.0,0.0,0.0,1554,436,4.0,14.256880733944953,0.8990825688073395,1.0,109,131,7,7,0,7,6,0,124,1.0,1.0,56,0,0,218,0,7,146,146,1.0,0,0,34.99082568807339,0.2018348623853211,15,16,15,15,15,360,24.0,0.9382239382239382,0.9131274131274131,1.0083655083655083,0.9298584298584298
LongerDependency,WAM depth=3,9,train_test,0.05,0.25,3,109,1.0,0.0,0.0,0.0,1663,436,4.0,15.256880733944953,0.8990825688073395,1.0,109,131,7,7,0,7,6,0,124,1.0,1.0,56,0,0,327,0,7,146,146,1.0,0,0,29.844036697247706,0.2018348623853211,24,25,24,24,24,576,24.0,0.8767288033674083,0.8532772098616958,0.9422730006013229,0.8689116055321707
LongerDependency,WAM depth=4,9,train_test,0.05,0.25,3,109,1.0,0.0,0.0,0.0,1922,436,4.0,17.63302752293578,1.0,1.0,109,109,7,7,0,7,7,0,102,1.0,1.0,56,0,0,436,0,7,0,0,1.0,0,0,24.69724770642202,0.0,34,35,34,34,34,816,24.0,0.7585848074921956,0.7382934443288242,0.8152965660770031,0.7518210197710719
LongerDependency,WAM depth=8,9,train_test,0.05,0.25,3,109,1.0,0.0,0.0,0.0,2358,436,4.0,21.63302752293578,1.0,1.0,109,109,7,7,0,7,7,0,102,1.0,1.0,56,0,0,872,0,7,0,0,1.0,0,0,24.293577981651374,0.0,74,75,74,74,74,1776,24.0,0.6183206106870229,0.6017811704834606,0.6645462256149279,0.6128074639525021
Probabilistic,None,9,train_test,0.05,0.25,3,109,0.963302752293578,0.0,0.0,0.03669724770642202,1020,1020,9.357798165137615,9.357798165137615,0.0,0.0,0,0,0,0,0,0,0,0,0,0.0,0.0,0,0,0,0,0,0,0,0,0.0,0,0,0.0,0.0,0,0,0,0,0,0,0.0,1.0,0.9696078431372549,1.1068627450980393,0.9764705882352941
Probabilistic,NextLine,9,train_test,0.05,0.25,3,109,0.981651376146789,0.0,0.0,0.01834862385321101,989,728,6.678899082568807,9.073394495412844,0.5779816513761468,0.5779816513761468,109,109,3,3,0,2,1,1,106,0.6666666666666666,0.5,24,0,0,109,0,3,146,145,0.0,0,109,0.0,0.0,0,0,0,0,0,0,0.0,1.031344792719919,1.0,1.1415571284125379,1.0070778564206269
Probabilistic,Stride,9,train_test,0.05,0.25,3,109,0.963302752293578,0.0,0.0,0.03669724770642202,1129,1020,9.357798165137615,10.357798165137615,0.0,0.0,0,0,0,0,0,0,0,0,0,0.0,0.0,0,0,0,109,0,0,0,0,0.0,0,109,0.0,0.0,1,1,1,1,0,16,16.0,0.9034543844109831,0.8759964570416298,1.0,0.8821966341895483
Probabilistic,Markov-1,9,train_test,0.05,0.25,3,109,1.0,0.0,0.0,0.0,996,436,4.0,9.137614678899082,0.908256880733945,1.0,109,146,4,4,0,4,3,0,142,1.0,1.0,32,0,0,109,0,4,146,146,0.0,0,109,0.0,0.0,5,4,5,5,5,120,24.0,1.0240963855421688,0.9929718875502008,1.1335341365461848,1.0
Probabilistic,WAM depth=1,9,train_test,0.05,0.25,3,109,1.0,0.0,0.0,0.0,996,436,4.0,9.137614678899082,0.908256880733945,1.0,109,146,4,4,0,4,3,0,142,1.0,1.0,32,0,0,109,0,4,146,146,1.0,0,0,74.0,0.23138778650578373,4,5,4,4,4,96,24.0,1.0240963855421688,0.9929718875502008,1.1335341365461848,1.0
Probabilistic,WAM depth=2,9,train_test,0.05,0.25,3,109,1.0,0.0,0.0,0.0,1105,436,4.0,10.137614678899082,0.908256880733945,1.0,109,146,4,4,0,4,3,0,142,1.0,1.0,32,0,0,218,0,4,146,146,1.0,0,0,64.33944954128441,0.23138778650578373,9,10,9,9,9,216,24.0,0.9230769230769231,0.8950226244343892,1.0217194570135746,0.9013574660633484
Probabilistic,WAM depth=3,9,train_test,0.05,0.25,3,109,1.0,0.0,0.0,0.0,1214,436,4.0,11.137614678899082,0.908256880733945,1.0,109,146,4,4,0,4,3,0,142,1.0,1.0,32,0,0,327,0,4,146,146,1.0,0,0,54.61467889908257,0.22911660866433792,15,16,15,15,15,360,24.0,0.8401976935749588,0.814662273476112,0.9299835255354201,0.8204283360790774
Probabilistic,WAM depth=4,9,train_test,0.05,0.25,3,109,1.0,0.0,0.0,0.0,1323,436,4.0,12.137614678899082,0.908256880733945,1.0,109,146,4,4,0,4,3,0,142,1.0,1.0,32,0,0,436,0,4,146,146,1.0,0,0,47.87155963302752,0.22911660866433792,23,24,23,23,23,552,24.0,0.7709750566893424,0.7475434618291761,0.8533635676492819,0.7528344671201814
Probabilistic,WAM depth=8,9,train_test,0.05,0.25,3,109,1.0,0.0,0.0,0.0,1759,436,4.0,16.137614678899084,0.908256880733945,1.0,109,145,4,4,0,4,3,0,141,1.0,1.0,32,0,0,872,0,4,146,146,1.0,0,0,25.24770642201835,0.22610527811843842,78,79,78,78,78,1872,24.0,0.579874928936896,0.5622512791358727,0.641841955656623,0.5662308129619101
PhaseChanging,None,9,train_test,0.05,0.25,3,109,0.9724770642201835,0.0,0.0,0.027522935779816515,874,874,8.01834862385321,8.01834862385321,0.0,0.0,0,0,0,0,0,0,0,0,0,0.0,0.0,0,0,0,0,0,0,0,0,0.0,0,0,0.0,0.0,0,0,0,0,0,0,0.0,1.0,1.131578947368421,1.1247139588100687,1.139588100686499
PhaseChanging,NextLine,9,train_test,0.05,0.25,3,109,0.981651376146789,0.0,0.0,0.01834862385321101,989,728,6.678899082568807,9.073394495412844,0.3394495412844037,0.3394495412844037,109,109,3,3,0,1,1,2,106,0.3333333333333333,0.3333333333333333,24,0,0,109,0,3,0,-2,0.0,0,109,0.0,0.0,0,0,0,0,0,0,0.0,0.8837209302325582,1.0,0.993933265925177,1.0070778564206269
PhaseChanging,Stride,9,train_test,0.05,0.25,3,109,0.9724770642201835,0.0,0.0,0.027522935779816515,983,874,8.01834862385321,9.01834862385321,0.0,0.0,0,0,0,0,0,0,0,0,0,0.0,0.0,0,0,0,109,0,0,0,0,0.0,0,109,0.0,0.0,1,1,1,1,0,16,16.0,0.8891149542217701,1.0061037639877926,1.0,1.0132248219735505
PhaseChanging,Markov-1,9,train_test,0.05,0.25,3,109,1.0,0.0,0.0,0.0,996,436,4.0,9.137614678899082,0.6697247706422018,1.0,109,145,4,4,0,3,3,1,141,0.75,1.0,32,0,0,109,0,4,0,-1,0.0,0,109,0.0,0.0,6,5,6,6,6,144,24.0,0.8775100401606426,0.9929718875502008,0.9869477911646586,1.0
PhaseChanging,WAM depth=1,9,train_test,0.05,0.25,3,109,1.0,0.0,0.0,0.0,996,436,4.0,9.137614678899082,0.6697247706422018,1.0,109,145,4,4,0,3,3,1,141,0.75,1.0,32,0,0,109,0,4,0,-1,1.0,0,0,43.14678899082569,0.28506734374677734,5,6,5,5,5,120,24.0,0.8775100401606426,0.9929718875502008,0.9869477911646586,1.0
PhaseChanging,WAM depth=2,9,train_test,0.05,0.25,3,109,1.0,0.0,0.0,0.0,1104,436,4.0,10.128440366972477,1.0,1.0,109,109,3,3,0,3,3,0,106,1.0,1.0,24,0,0,218,0,3,0,0,1.0,0,0,23.0,0.0,11,12,11,11,11,264,24.0,0.7916666666666666,0.8958333333333334,0.8903985507246377,0.9021739130434783
PhaseChanging,WAM depth=3,9,train_test,0.05,0.25,3,109,1.0,0.0,0.0,0.0,1213,436,4.0,11.128440366972477,1.0,1.0,109,109,3,3,0,3,3,0,106,1.0,1.0,24,0,0,327,0,3,0,0,1.0,0,0,22.660550458715598,0.0,18,19,18,18,18,432,24.0,0.720527617477329,0.8153338829348722,0.8103874690849134,0.8211046990931574
PhaseChanging,WAM depth=4,9,train_test,0.05,0.25,3,109,1.0,0.0,0.0,0.0,1322,436,4.0,12.128440366972477,1.0,1.0,109,109,3,3,0,3,3,0,106,1.0,1.0,24,0,0,436,0,3,0,0,1.0,0,0,22.3302752293578,0.0,26,27,26,26,26,624,24.0,0.6611195158850227,0.7481089258698941,0.74357034795764,0.7534039334341907
PhaseChanging,WAM depth=8,9,train_test,0.05,0.25,3,109,1.0,0.0,0.0,0.0,1758,436,4.0,16.128440366972477,1.0,1.0,109,109,3,3,0,3,3,0,106,1.0,1.0,24,0,0,872,0,3,0,0,1.0,0,0,21.0,0.0,68,69,68,68,68,1632,24.0,0.49715585893060293,0.5625711035267349,0.5591581342434585,0.5665529010238908
Random,None,9,train_test,0.05,0.25,3,109,0.06422018348623854,0.0,0.0,0.9357798165137615,15328,15328,140.62385321100916,140.62385321100916,0.0,0.0,0,0,0,0,0,0,0,0,0,0.0,0.0,0,0,38,0,0,0,0,0,0.0,0,0,0.0,0.0,0,0,0,0,0,0,0.0,1.0,0.9945850730688935,1.0071111691022965,1.0085464509394573
Random,NextLine,9,train_test,0.05,0.25,3,109,0.08256880733944955,0.0,0.0,0.9174311926605505,15245,15036,137.94495412844037,139.86238532110093,0.0,0.0,109,109,100,99,0,2,0,98,9,0.02,0.0196078431372549,800,2,70,109,0,100,292,259,0.0,0,109,0.0,0.0,0,0,0,0,0,0,0.0,1.005444408002624,1.0,1.012594293210889,1.0140373893079697
Random,Stride,9,train_test,0.05,0.25,3,109,0.06422018348623854,0.0,0.0,0.9357798165137615,15437,15328,140.62385321100916,141.62385321100916,0.0,0.0,0,0,0,0,0,0,0,0,0,0.0,0.0,0,0,38,109,0,0,0,0,0.0,0,109,0.0,0.0,1,1,1,1,0,16,16.0,0.9929390425600829,0.9875623501975772,1.0,1.0014251473731943
Random,Markov-1,9,train_test,0.05,0.25,3,109,0.06422018348623854,0.0,0.0,0.9357798165137615,15459,15328,140.62385321100916,141.8256880733945,0.0,0.0,20,25,22,22,0,0,0,22,3,0.0,0.0,176,0,49,109,0,22,0,-11,0.0,0,109,0.0,0.0,250,215,250,250,250,6000,24.0,0.9915259719257391,0.9861569312374668,0.9985768807814218,1.0
Random,WAM depth=1,9,train_test,0.05,0.25,3,109,0.06422018348623854,0.0,0.0,0.9357798165137615,15459,15328,140.62385321100916,141.8256880733945,0.0,0.0,20,25,22,22,0,0,0,22,3,0.0,0.0,176,0,49,109,0,22,0,-11,0.1834862385321101,0,89,0.22935779816513763,0.2292481250360578,215,216,215,215,215,5160,24.0,0.9915259719257391,0.9861569312374668,0.9985768807814218,1.0
Random,WAM depth=2,9,train_test,0.05,0.25,3,109,0.06422018348623854,0.0,0.0,0.9357798165137615,15568,15328,140.62385321100916,142.8256880733945,0.0,0.0,20,25,22,22,0,0,0,22,3,0.0,0.0,176,0,49,218,0,22,0,-11,0.0,20,89,0.22935779816513763,0.2292481250360578,464,465,464,464,464,11136,24.0,0.9845837615621789,0.9792523124357657,0.9915853031860226,0.9929984583761562
Random,WAM depth=3,9,train_test,0.05,0.25,3,109,0.06422018348623854,0.0,0.0,0.9357798165137615,15677,15328,140.62385321100916,143.8256880733945,0.0,0.0,20,25,22,22,0,0,0,22,3,0.0,0.0,176,0,49,327,0,22,0,-11,0.0,20,89,0.22935779816513763,0.2292481250360578,712,713,712,712,712,17088,24.0,0.9777380876443197,0.972443707341966,0.9846909485233144,0.9860942782420106
Random,WAM depth=4,9,train_test,0.05,0.25,3,109,0.06422018348623854,0.0,0.0,0.9357798165137615,15786,15328,140.62385321100916,144.8256880733945,0.0,0.0,20,25,22,22,0,0,0,22,3,0.0,0.0,176,0,49,436,0,22,0,-11,0.0,20,89,0.22935779816513763,0.2292481250360578,959,960,959,959,959,23016,24.0,0.9709869504624351,0.9657291270746231,0.9778918028632966,0.9792854427974155
Random,WAM depth=8,9,train_test,0.05,0.25,3,109,0.06422018348623854,0.0,0.0,0.9357798165137615,16222,15328,140.62385321100916,148.8256880733945,0.0,0.0,20,25,22,22,0,0,0,22,3,0.0,0.0,176,0,49,872,0,22,0,-11,0.0,20,89,0.22935779816513763,0.2292481250360578,1937,1938,1937,1937,1937,46488,24.0,0.9448896560226853,0.9397731475773641,0.9516089261496733,0.9529651091110837
