workload,category,window,window_index,winner,difference,gmc_confidence,wam_confidence,gmc_accuracy,wam_accuracy,context_reuse_depth16,context_entropy_depth1,context_entropy_depth16,entropy_reduction,h1_oracle_accuracy,h8_oracle_accuracy,h16_oracle_accuracy,h32_oracle_accuracy,stride_stability,delta_entropy,sequential_fraction,unique_lines,mean_reuse_distance,median_reuse_distance,gmc_late_prefetch_rate,wam_late_prefetch_rate,gmc_prefetch_precision,wam_prefetch_precision,gmc_coverage,wam_coverage,gmc_cache_pollution,wam_cache_pollution,gmc_bandwidth_bytes,wam_bandwidth_bytes
binary_tree_size65536_seed0_loads,tree,100,0,WAM,0.0019479840473317633,0.74,0.6909370636709602,0.07142857142857142,0.11904761904761904,0.01,0.09148628630581251,0.08402933531721606,0.0074569509885964586,0.12121212121212122,0.13043478260869565,0.11904761904761904,0.11764705882352941,0.12506253126563283,5.2006867704872795,0.10101010101010101,50.0,58.56493827160494,16,0.0,0.0,0.5714285714285714,1.0,0.21,0.12,0,0,168,96
binary_tree_size65536_seed0_loads,tree,100,1,GMC-style,-0.05428040095634179,0.5,0.6425757017252708,0.07142857142857142,0.11904761904761904,0.175,0.09148628630581251,0.08402933531721606,0.0074569509885964586,0.11904761904761904,0.12987012987012986,0.11594202898550725,0.11320754716981132,0.12506253126563283,5.2006867704872795,0.12121212121212122,37.0,53.48641975308642,16,0.0,0.0,1.0,0.75,0.13,0.16,0,0,104,128
binary_tree_size65536_seed0_loads,tree,100,2,WAM,0.04032648729327071,0.62,0.6060935473369603,0.08333333333333333,0.11904761904761904,0.23170731707317074,0.09148628630581251,0.08402933531721606,0.0074569509885964586,0.11904761904761904,0.1038961038961039,0.11594202898550725,0.11320754716981132,0.12506253126563283,5.2006867704872795,0.1111111111111111,34.0,53.464691358024695,16,0.0,0.0,0.75,1.0,0.08,0.07,0,0,64,56
binary_tree_size65536_seed0_loads,tree,500,0,WAM,0.0012966782778780495,0.618,0.6240493034402632,0.08264462809917356,0.12396694214876033,0.4405940594059406,0.09148628630581251,0.08402933531721606,0.0074569509885964586,0.12550607287449392,0.1273100616016427,0.12526096033402923,0.12526997840172785,0.12506253126563283,5.2006867704872795,0.11022044088176353,61.0,57.58762886597938,16,0.0,0.0,0.5454545454545454,1.0,0.044,0.024,0,0,176,96
binary_tree_size65536_seed0_loads,tree,500,1,WAM,0.04876903699784152,0.556,0.6142435633687158,0.07024793388429752,0.12396694214876033,0.5029239766081871,0.09148628630581251,0.08402933531721606,0.0074569509885964586,0.12396694214876033,0.12578616352201258,0.12366737739872068,0.12362030905077263,0.12506253126563283,5.2006867704872795,0.11022044088176353,48.0,53.2659793814433,16,0.0,0.06666666666666667,0.65,0.6521739130434783,0.04,0.046,0,0,160,184
binary_tree_size65536_seed0_loads,tree,500,2,GMC-style,-0.01667371238338866,0.622,0.6036690102277786,0.08471074380165289,0.12396694214876033,0.4585635359116022,0.09148628630581251,0.08402933531721606,0.0074569509885964586,0.12396694214876033,0.12159329140461216,0.12366737739872068,0.12362030905077263,0.12506253126563283,5.2006867704872795,0.10821643286573146,52.0,54.44701030927835,16,0.0,0.0,0.45454545454545453,1.0,0.022,0.008,0,0,88,32
binary_tree_size65536_seed0_loads,tree,1000,0,WAM,0.0013441088276797686,0.628,0.6152401282138412,0.08231707317073171,0.12398373983739837,0.5736434108527132,0.09148628630581251,0.08402933531721606,0.0074569509885964586,0.12474849094567404,0.12563323201621074,0.12461695607763024,0.12461059190031153,0.12506253126563283,5.2006867704872795,0.1061061061061061,61.0,56.92786324786325,16,0.0,0.0,0.48,1.0,0.025,0.012,0,0,200,96
binary_tree_size65536_seed0_loads,tree,1000,1,WAM,0.24378723984930062,0.577,0.6198648590173501,0.07621951219512195,0.12601626016260162,0.5724907063197026,0.09148628630581251,0.08402933531721606,0.0074569509885964586,0.12704918032786885,0.1259029927760578,0.12695109261186263,0.12698412698412698,0.12506253126563283,5.2006867704872795,0.1111111111111111,62.0,54.526495726495725,16,0.0,0.16,0.4782608695652174,1.0,0.023,0.025,0,0,184,200
binary_tree_size65536_seed0_loads,tree,1000,2,WAM,0.05167016023639737,0.589,0.6039376053113427,0.07926829268292683,0.12398373983739837,0.49642857142857144,0.09148628630581251,0.08402933531721606,0.0074569509885964586,0.12668743509865005,0.12343096234309624,0.12658227848101267,0.12660944206008584,0.12506253126563283,5.2006867704872795,0.10810810810810811,62.0,54.84923076923077,16,0.0,0.1,0.5,1.0,0.012,0.01,0,0,96,80
binary_tree_size65536_seed1_loads,tree,100,0,WAM,0.0019479840473317633,0.74,0.6909370636709602,0.07142857142857142,0.11904761904761904,0.01,0.09148628630581251,0.08402933531721606,0.0074569509885964586,0.12121212121212122,0.13043478260869565,0.11904761904761904,0.11764705882352941,0.12506253126563283,5.2006867704872795,0.10101010101010101,50.0,58.56493827160494,16,0.0,0.0,0.5714285714285714,1.0,0.21,0.12,0,0,168,96
binary_tree_size65536_seed1_loads,tree,100,1,GMC-style,-0.05428040095634179,0.5,0.6425757017252708,0.07142857142857142,0.11904761904761904,0.175,0.09148628630581251,0.08402933531721606,0.0074569509885964586,0.11904761904761904,0.12987012987012986,0.11594202898550725,0.11320754716981132,0.12506253126563283,5.2006867704872795,0.12121212121212122,37.0,53.48641975308642,16,0.0,0.0,1.0,0.75,0.13,0.16,0,0,104,128
binary_tree_size65536_seed1_loads,tree,100,2,WAM,0.04032648729327071,0.62,0.6060935473369603,0.08333333333333333,0.11904761904761904,0.23170731707317074,0.09148628630581251,0.08402933531721606,0.0074569509885964586,0.11904761904761904,0.1038961038961039,0.11594202898550725,0.11320754716981132,0.12506253126563283,5.2006867704872795,0.1111111111111111,34.0,53.464691358024695,16,0.0,0.0,0.75,1.0,0.08,0.07,0,0,64,56
binary_tree_size65536_seed1_loads,tree,500,0,WAM,0.0012966782778780495,0.618,0.6240493034402632,0.08264462809917356,0.12396694214876033,0.4405940594059406,0.09148628630581251,0.08402933531721606,0.0074569509885964586,0.12550607287449392,0.1273100616016427,0.12526096033402923,0.12526997840172785,0.12506253126563283,5.2006867704872795,0.11022044088176353,61.0,57.58762886597938,16,0.0,0.0,0.5454545454545454,1.0,0.044,0.024,0,0,176,96
binary_tree_size65536_seed1_loads,tree,500,1,WAM,0.04876903699784152,0.556,0.6142435633687158,0.07024793388429752,0.12396694214876033,0.5029239766081871,0.09148628630581251,0.08402933531721606,0.0074569509885964586,0.12396694214876033,0.12578616352201258,0.12366737739872068,0.12362030905077263,0.12506253126563283,5.2006867704872795,0.11022044088176353,48.0,53.2659793814433,16,0.0,0.06666666666666667,0.65,0.6521739130434783,0.04,0.046,0,0,160,184
binary_tree_size65536_seed1_loads,tree,500,2,GMC-style,-0.01667371238338866,0.622,0.6036690102277786,0.08471074380165289,0.12396694214876033,0.4585635359116022,0.09148628630581251,0.08402933531721606,0.0074569509885964586,0.12396694214876033,0.12159329140461216,0.12366737739872068,0.12362030905077263,0.12506253126563283,5.2006867704872795,0.10821643286573146,52.0,54.44701030927835,16,0.0,0.0,0.45454545454545453,1.0,0.022,0.008,0,0,88,32
binary_tree_size65536_seed1_loads,tree,1000,0,WAM,0.0013441088276797686,0.628,0.6152401282138412,0.08231707317073171,0.12398373983739837,0.5736434108527132,0.09148628630581251,0.08402933531721606,0.0074569509885964586,0.12474849094567404,0.12563323201621074,0.12461695607763024,0.12461059190031153,0.12506253126563283,5.2006867704872795,0.1061061061061061,61.0,56.92786324786325,16,0.0,0.0,0.48,1.0,0.025,0.012,0,0,200,96
binary_tree_size65536_seed1_loads,tree,1000,1,WAM,0.24378723984930062,0.577,0.6198648590173501,0.07621951219512195,0.12601626016260162,0.5724907063197026,0.09148628630581251,0.08402933531721606,0.0074569509885964586,0.12704918032786885,0.1259029927760578,0.12695109261186263,0.12698412698412698,0.12506253126563283,5.2006867704872795,0.1111111111111111,62.0,54.526495726495725,16,0.0,0.16,0.4782608695652174,1.0,0.023,0.025,0,0,184,200
binary_tree_size65536_seed1_loads,tree,1000,2,WAM,0.05167016023639737,0.589,0.6039376053113427,0.07926829268292683,0.12398373983739837,0.49642857142857144,0.09148628630581251,0.08402933531721606,0.0074569509885964586,0.12668743509865005,0.12343096234309624,0.12658227848101267,0.12660944206008584,0.12506253126563283,5.2006867704872795,0.10810810810810811,62.0,54.84923076923077,16,0.0,0.1,0.5,1.0,0.012,0.01,0,0,96,80
binary_tree_size65536_seed2_loads,tree,100,0,WAM,0.21721420977425665,0.56,0.6015584227319521,0.07142857142857142,0.11904761904761904,0.06315789473684211,0.12377994610057753,0.10099466051039967,0.022785285590177867,0.12121212121212122,0.13043478260869565,0.11904761904761904,0.11764705882352941,0.12506253126563283,5.819775196106805,0.09090909090909091,47.0,79.76830491474423,32.0,0.0,0.0,0.75,0.7857142857142857,0.04,0.14,0,0,32,112
binary_tree_size65536_seed2_loads,tree,100,1,WAM,0.13086105065878972,0.535,0.5857874493161955,0.07142857142857142,0.11904761904761904,0.010101010101010102,0.12377994610057753,0.10099466051039967,0.022785285590177867,0.12345679012345678,0.13513513513513514,0.12121212121212122,0.11320754716981132,0.12506253126563283,5.819775196106805,0.0707070707070707,54.0,80.5025075225677,32.0,0.0,0.0,0.8,0.6842105263157895,0.1,0.19,0,0,80,152
binary_tree_size65536_seed2_loads,tree,100,2,WAM,0.5346329464401318,0.65,0.7208703727662457,0.07142857142857142,0.11904761904761904,0.07446808510638298,0.12377994610057753,0.10099466051039967,0.022785285590177867,0.125,0.1095890410958904,0.12307692307692308,0.12244897959183673,0.12506253126563283,5.819775196106805,0.09090909090909091,58.0,82.66098294884654,32.0,0.0,0.0,0.25,0.7931034482758621,0.16,0.29,2,0,128,232
binary_tree_size65536_seed2_loads,tree,500,0,WAM,0.23272237508805915,0.558,0.6147908673914462,0.07644628099173553,0.12396694214876033,0.41007194244604317,0.12377994610057753,0.10099466051039967,0.022785285590177867,0.12653061224489795,0.12422360248447205,0.12631578947368421,0.12636165577342048,0.12506253126563283,5.819775196106805,0.0841683366733467,82.0,81.95906432748538,32.0,0.0,0.0,0.21428571428571427,0.8695652173913043,0.028,0.046,0,0,112,184
binary_tree_size65536_seed2_loads,tree,500,1,WAM,0.00978871903004741,0.581,0.6248062955683921,0.07024793388429752,0.12396694214876033,0.31952662721893493,0.12377994610057753,0.10099466051039967,0.022785285590177867,0.13245033112582782,0.1210762331838565,0.13211845102505695,0.1320754716981132,0.12506253126563283,5.819775196106805,0.08016032064128256,82.0,82.55054302422724,32.0,0.0,0.0,0.3939393939393939,0.5,0.066,0.06,2,11,264,240
binary_tree_size65536_seed2_loads,tree,500,2,WAM,0.12263528540458757,0.626,0.6081996904409808,0.0743801652892562,0.12396694214876033,0.3253731343283582,0.12377994610057753,0.10099466051039967,0.022785285590177867,0.13186813186813187,0.125,0.1318181818181818,0.1320754716981132,0.12506253126563283,5.819775196106805,0.0841683366733467,94.0,87.90392648287386,32.0,0.11764705882352941,0.0,0.425,0.5238095238095238,0.08,0.084,2,8,320,336
binary_tree_size65536_seed2_loads,tree,1000,0,WAM,0.08046327954977572,0.532,0.6118029028882777,0.07317073170731707,0.12398373983739837,0.48484848484848486,0.12377994610057753,0.10099466051039967,0.022785285590177867,0.12653061224489795,0.12538540596094552,0.12642487046632125,0.12644889357218125,0.12506253126563283,5.819775196106805,0.08108108108108109,93.0,85.20870767104354,32.0,0.0,0.0,0.21428571428571427,0.7586206896551724,0.014,0.029,1,0,112,232
binary_tree_size65536_seed2_loads,tree,1000,1,WAM,0.030565848933259643,0.555,0.6180473782787596,0.0701219512195122,0.12601626016260162,0.3942505133470226,0.12377994610057753,0.10099466051039967,0.022785285590177867,0.13537117903930132,0.12101210121012101,0.1352549889135255,0.13528748590755355,0.12506253126563283,5.819775196106805,0.08008008008008008,89.0,84.99585348997927,32.0,0.16666666666666666,0.0,0.5,0.6046511627906976,0.036,0.043,1,6,288,344
binary_tree_size65536_seed2_loads,tree,1000,2,WAM,0.04667303129241618,0.563,0.604494865044021,0.07215447154471545,0.12398373983739837,0.36738703339882123,0.12377994610057753,0.10099466051039967,0.022785285590177867,0.1310418904403867,0.12554112554112554,0.13100436681222707,0.13111111111111112,0.12506253126563283,5.819775196106805,0.08408408408408409,101.0,90.84243261921216,32.0,0.15789473684210525,0.0,0.40425531914893614,0.4426229508196721,0.047,0.061,5,22,376,488
binary_tree_size65536_seed3_loads,tree,100,0,WAM,0.29497423685492863,0.5,0.6093622635546242,0.08333333333333333,0.11904761904761904,0.01,0.09137393384696493,0.08760358720842848,0.0037703466385364537,0.16,0.11764705882352941,0.16666666666666666,0.16666666666666666,0.12506253126563283,5.768433982417577,0.0707070707070707,54.0,72.33721518987342,16,0.0,0.0,0.0,0.7647058823529411,0.1,0.17,0,0,80,136
binary_tree_size65536_seed3_loads,tree,100,1,WAM,0.2929742862927718,0.43,0.648991804408976,0.05952380952380952,0.11904761904761904,0.1348314606741573,0.09137393384696493,0.08760358720842848,0.0037703466385364537,0.13333333333333333,0.14705882352941177,0.13333333333333333,0.12244897959183673,0.12506253126563283,5.768433982417577,0.06060606060606061,41.0,73.23037974683544,16,0.0,0.0,0.0,0.7692307692307693,0.0,0.13,0,0,0,104
binary_tree_size65536_seed3_loads,tree,100,2,WAM,0.2679875914555372,0.41,0.6305291121404423,0.05952380952380952,0.11904761904761904,0.08602150537634409,0.09137393384696493,0.08760358720842848,0.0037703466385364537,0.11904761904761904,0.1038961038961039,0.11594202898550725,0.11320754716981132,0.12506253126563283,5.768433982417577,0.06060606060606061,44.0,72.84759493670886,16,0.0,0.0,0.0,0.5263157894736842,0.02,0.19,0,0,16,152
binary_tree_size65536_seed3_loads,tree,500,0,WAM,0.07217328398792056,0.44,0.6432881364166158,0.07024793388429752,0.12396694214876033,0.3069620253164557,0.09137393384696493,0.08760358720842848,0.0037703466385364537,0.14187643020594964,0.11926605504587157,0.13921113689095127,0.13975903614457832,0.12506253126563283,5.768433982417577,0.06613226452905811,93.0,80.72168421052632,16,0.0,0.0,0.5555555555555556,0.75,0.036,0.048,8,2,144,192
binary_tree_size65536_seed3_loads,tree,500,1,WAM,0.10807336061328798,0.46,0.6512798166611442,0.07024793388429752,0.12396694214876033,0.39615384615384613,0.09137393384696493,0.08760358720842848,0.0037703466385364537,0.13215859030837004,0.1297539149888143,0.13211845102505695,0.13114754098360656,0.12506253126563283,5.768433982417577,0.06412825651302605,74.0,74.85052631578948,16,0.5,0.2777777777777778,0.4444444444444444,0.6666666666666666,0.018,0.054,0,0,72,216
binary_tree_size65536_seed3_loads,tree,500,2,WAM,0.08649801923887823,0.437,0.6357477434940875,0.07024793388429752,0.12396694214876033,0.35125448028673834,0.09137393384696493,0.08760358720842848,0.0037703466385364537,0.12396694214876033,0.12159329140461216,0.12366737739872068,0.12362030905077263,0.12506253126563283,5.768433982417577,0.06212424849699399,72.0,73.47284210526315,16,0.0,0.23529411764705882,1.0,0.4358974358974359,0.012,0.078,0,4,48,312
binary_tree_size65536_seed3_loads,tree,1000,0,WAM,0.029801318191784443,0.431,0.6507941124870699,0.06808943089430894,0.12398373983739837,0.36616702355460384,0.09137393384696493,0.08760358720842848,0.0037703466385364537,0.13732004429678848,0.12235817575083426,0.13692480359147025,0.13714285714285715,0.12506253126563283,5.768433982417577,0.06406406406406406,118.0,89.80660869565217,16,0.0,0.0,0.6521739130434783,0.75,0.023,0.024,8,4,184,192
binary_tree_size65536_seed3_loads,tree,1000,1,WAM,0.003788988339986088,0.439,0.6646243147002058,0.0701219512195122,0.12601626016260162,0.44395604395604393,0.09137393384696493,0.08760358720842848,0.0037703466385364537,0.13671444321940462,0.12333333333333334,0.1367713004484305,0.13636363636363635,0.12506253126563283,5.768433982417577,0.06506506506506507,107.0,84.42226086956522,16,0.5,0.0,0.23529411764705882,0.13793103448275862,0.017,0.029,6,12,136,232
binary_tree_size65536_seed3_loads,tree,1000,2,WAM,0.019293362702475614,0.443,0.6457289768213229,0.07113821138211382,0.12398373983739837,0.4513888888888889,0.09137393384696493,0.08760358720842848,0.0037703466385364537,0.13038906414300735,0.12182203389830508,0.13034188034188035,0.13043478260869565,0.12506253126563283,5.768433982417577,0.06306306306306306,101.0,81.50330434782609,16,0.0,0.1,1.0,0.6060606060606061,0.003,0.033,0,2,24,264
binary_tree_size65536_seed4_loads,tree,100,0,WAM,0.2817121507325291,0.455,0.5537435765135964,0.07142857142857142,0.11904761904761904,0.06315789473684211,0.1006263452526414,0.08539642179729427,0.015229923455347127,0.12121212121212122,0.13043478260869565,0.11904761904761904,0.11764705882352941,0.12506253126563283,5.529042256399802,0.1111111111111111,54.0,74.32638888888889,32.0,0.5,0.0,0.5714285714285714,0.9333333333333333,0.07,0.15,0,0,56,120
binary_tree_size65536_seed4_loads,tree,100,1,WAM,0.02593723783288171,0.445,0.5436703238853587,0.08333333333333333,0.11904761904761904,0.06315789473684211,0.1006263452526414,0.08539642179729427,0.015229923455347127,0.11904761904761904,0.12987012987012986,0.11594202898550725,0.11320754716981132,0.12506253126563283,5.529042256399802,0.10101010101010101,55.0,74.87996031746032,32.0,0.0,0.0,0.625,0.7333333333333333,0.16,0.15,0,0,128,120
binary_tree_size65536_seed4_loads,tree,100,2,WAM,0.2584692456323321,0.47,0.5751010340596422,0.07142857142857142,0.11904761904761904,0.13095238095238096,0.1006263452526414,0.08539642179729427,0.015229923455347127,0.11904761904761904,0.1038961038961039,0.11594202898550725,0.11320754716981132,0.12506253126563283,5.529042256399802,0.12121212121212122,45.0,73.5704365079365,32.0,0.0,0.0,0.0,0.3225806451612903,0.04,0.31,0,0,32,248
binary_tree_size65536_seed4_loads,tree,500,0,WAM,0.1583930324075924,0.473,0.5770756177320878,0.0743801652892562,0.12396694214876033,0.40569395017793597,0.1006263452526414,0.08539642179729427,0.015229923455347127,0.12783505154639174,0.12552301255230125,0.1276595744680851,0.1277533039647577,0.12506253126563283,5.529042256399802,0.1062124248496994,84.0,75.2657284768212,32.0,0.4,0.0,0.5,1.0,0.02,0.032,1,0,80,128
binary_tree_size65536_seed4_loads,tree,500,1,WAM,0.015051821517317876,0.435,0.5717133945414061,0.0743801652892562,0.12396694214876033,0.3111888111888112,0.1006263452526414,0.08539642179729427,0.015229923455347127,0.12875536480686695,0.12200435729847495,0.1286031042128603,0.12873563218390804,0.12506253126563283,5.529042256399802,0.1062124248496994,77.0,75.46605960264901,32.0,0.0,0.0,0.7368421052631579,0.7142857142857143,0.038,0.042,0,0,152,168
binary_tree_size65536_seed4_loads,tree,500,2,WAM,0.12489902623732929,0.447,0.6256816358030164,0.07231404958677685,0.12396694214876033,0.38596491228070173,0.1006263452526414,0.08539642179729427,0.015229923455347127,0.12605042016806722,0.11940298507462686,0.12581344902386118,0.1258426966292135,0.12506253126563283,5.529042256399802,0.11222444889779559,80.0,75.83526490066225,32.0,0.15384615384615385,0.0,0.7647058823529411,0.8076923076923077,0.034,0.052,0,0,136,208
binary_tree_size65536_seed4_loads,tree,1000,0,WAM,0.09634940157603955,0.461,0.5744997176769472,0.07520325203252033,0.12398373983739837,0.4611764705882353,0.1006263452526414,0.08539642179729427,0.015229923455347127,0.12588832487309645,0.12474437627811862,0.12577319587628866,0.12578616352201258,0.12506253126563283,5.529042256399802,0.1061061061061061,84.0,77.24074074074075,32.0,0.5,0.125,0.4,1.0,0.015,0.024,1,0,120,192
binary_tree_size65536_seed4_loads,tree,1000,1,WAM,0.11687999198860011,0.466,0.5853280379423997,0.07926829268292683,0.12601626016260162,0.4861111111111111,0.1006263452526414,0.08539642179729427,0.015229923455347127,0.12836438923395446,0.12304483837330553,0.12828601472134596,0.12834224598930483,0.12506253126563283,5.529042256399802,0.10810810810810811,84.0,76.20919067215364,32.0,0.5,0.2926829268292683,0.4,0.6119402985074627,0.015,0.067,1,14,120,536
binary_tree_size65536_seed4_loads,tree,1000,2,GMC-style,-0.029084864558055923,0.469,0.6122814664976706,0.07520325203252033,0.12398373983739837,0.47098214285714285,0.1006263452526414,0.08539642179729427,0.015229923455347127,0.12629399585921325,0.12304483837330553,0.12618296529968454,0.12620320855614972,0.12506253126563283,5.529042256399802,0.1111111111111111,84.0,77.64677640603567,32.0,0.2222222222222222,0.09090909090909091,0.7714285714285715,0.88,0.035,0.05,0,3,280,400
graph_bfs_size65536_seed0_loads,graph,100,0,WAM,0.040834692775538084,0.42193837535014006,0.5316666666666666,0.0,0.0,0.01,0.36464559072014074,0.0,0.36464559072014074,0.0,0.0,0.0,0.0,0.727863931965983,2.992256070043299,0.0,91.0,702.0606936416185,632.0,0.0,0.0,0.13846153846153847,0.20689655172413793,0.65,0.58,0,0,520,464
graph_bfs_size65536_seed0_loads,graph,100,1,WAM,0.07622169125524514,0.41200840336134453,0.49733333333333335,0.0,0.0,0.01,0.36464559072014074,0.0,0.36464559072014074,0.0,0.0,0.0,0.0,0.727863931965983,2.992256070043299,0.0,91.0,639.6729106628242,632.0,0.0,0.0,0.2,0.29508196721311475,0.65,0.61,0,0,520,488
graph_bfs_size65536_seed0_loads,graph,100,2,GMC-style,-0.11978485391810922,0.4278207282913165,0.31,0.0,0.0,0.01,0.36464559072014074,0.0,0.36464559072014074,0.0,0.0,0.0,0.0,0.727863931965983,2.992256070043299,0.0,90.0,660.6702127659574,632.0,0.0,0.0,0.234375,0.1875,0.64,0.32,0,0,512,256
graph_bfs_size65536_seed0_loads,graph,500,0,GMC-style,-0.010239472362869595,0.41061484593837533,0.5133,0.0,0.0,0.002,0.36464559072014074,0.0,0.36464559072014074,0.0,0.0,0.0,0.0,0.727863931965983,2.992256070043299,0.0,452.0,836.015984015984,1149,0.0,0.0,0.14361702127659576,0.14367816091954022,0.752,0.696,0,2,3008,2784
graph_bfs_size65536_seed0_loads,graph,500,1,GMC-style,-0.026479624982784777,0.4103357142857143,0.44403333333333334,0.0,0.0,0.002,0.36464559072014074,0.0,0.36464559072014074,0.0,0.0,0.0,0.0,0.727863931965983,2.992256070043299,0.0,452.0,750.6282998944034,632,0.0,0.0,0.22994652406417113,0.25666666666666665,0.748,0.6,0,0,2992,2400
graph_bfs_size65536_seed0_loads,graph,500,2,GMC-style,-0.14856737337329107,0.42353893557422967,0.3682666666666667,0.0,0.0,0.002,0.36464559072014074,0.0,0.36464559072014074,0.0,0.0,0.0,0.0,0.727863931965983,2.992256070043299,0.0,451.0,649.6015801354401,587.0,0.0,0.0,0.27466666666666667,0.23376623376623376,0.75,0.462,0,1,3000,1848
graph_bfs_size65536_seed0_loads,graph,1000,0,GMC-style,-0.038755570851622734,0.41639474789915965,0.5155166666666666,0.0,0.0,0.001,0.36464559072014074,0.0,0.36464559072014074,0.0,0.0,0.0,0.0,0.727863931965983,2.992256070043299,0.0,870.0,928.2706222865412,1149.0,0.0,0.0,0.17709720372836218,0.1568627450980392,0.751,0.663,25,57,6008,5304
graph_bfs_size65536_seed0_loads,graph,1000,1,GMC-style,-0.021709318217850715,0.4118016106442577,0.4791047619047619,0.0,0.0,0.001,0.36464559072014074,0.0,0.36464559072014074,0.0,0.0,0.0,0.0,0.727863931965983,2.992256070043299,0.0,872.0,858.7626728110599,656.0,0.0,0.0,0.23834886817576564,0.2665589660743134,0.751,0.619,13,17,6008,4952
graph_bfs_size65536_seed0_loads,graph,1000,2,GMC-style,-0.09771394775651188,0.4183317927170868,0.38343333333333335,0.0,0.0,0.001,0.36464559072014074,0.0,0.36464559072014074,0.0,0.0,0.0,0.0,0.727863931965983,2.992256070043299,0.0,874.0,742.1309523809524,805.0,0.0,0.0,0.25132978723404253,0.2550607287449393,0.752,0.494,10,20,6016,3952
graph_bfs_size65536_seed1_loads,graph,100,0,WAM,0.040834692775538084,0.42193837535014006,0.5316666666666666,0.0,0.0,0.01,0.36464559072014074,0.0,0.36464559072014074,0.0,0.0,0.0,0.0,0.727863931965983,2.992256070043299,0.0,91.0,702.0606936416185,632.0,0.0,0.0,0.13846153846153847,0.20689655172413793,0.65,0.58,0,0,520,464
graph_bfs_size65536_seed1_loads,graph,100,1,WAM,0.07622169125524514,0.41200840336134453,0.49733333333333335,0.0,0.0,0.01,0.36464559072014074,0.0,0.36464559072014074,0.0,0.0,0.0,0.0,0.727863931965983,2.992256070043299,0.0,91.0,639.6729106628242,632.0,0.0,0.0,0.2,0.29508196721311475,0.65,0.61,0,0,520,488
graph_bfs_size65536_seed1_loads,graph,100,2,GMC-style,-0.11978485391810922,0.4278207282913165,0.31,0.0,0.0,0.01,0.36464559072014074,0.0,0.36464559072014074,0.0,0.0,0.0,0.0,0.727863931965983,2.992256070043299,0.0,90.0,660.6702127659574,632.0,0.0,0.0,0.234375,0.1875,0.64,0.32,0,0,512,256
graph_bfs_size65536_seed1_loads,graph,500,0,GMC-style,-0.010239472362869595,0.41061484593837533,0.5133,0.0,0.0,0.002,0.36464559072014074,0.0,0.36464559072014074,0.0,0.0,0.0,0.0,0.727863931965983,2.992256070043299,0.0,452.0,836.015984015984,1149,0.0,0.0,0.14361702127659576,0.14367816091954022,0.752,0.696,0,2,3008,2784
graph_bfs_size65536_seed1_loads,graph,500,1,GMC-style,-0.026479624982784777,0.4103357142857143,0.44403333333333334,0.0,0.0,0.002,0.36464559072014074,0.0,0.36464559072014074,0.0,0.0,0.0,0.0,0.727863931965983,2.992256070043299,0.0,452.0,750.6282998944034,632,0.0,0.0,0.22994652406417113,0.25666666666666665,0.748,0.6,0,0,2992,2400
graph_bfs_size65536_seed1_loads,graph,500,2,GMC-style,-0.14856737337329107,0.42353893557422967,0.3682666666666667,0.0,0.0,0.002,0.36464559072014074,0.0,0.36464559072014074,0.0,0.0,0.0,0.0,0.727863931965983,2.992256070043299,0.0,451.0,649.6015801354401,587.0,0.0,0.0,0.27466666666666667,0.23376623376623376,0.75,0.462,0,1,3000,1848
graph_bfs_size65536_seed1_loads,graph,1000,0,GMC-style,-0.038755570851622734,0.41639474789915965,0.5155166666666666,0.0,0.0,0.001,0.36464559072014074,0.0,0.36464559072014074,0.0,0.0,0.0,0.0,0.727863931965983,2.992256070043299,0.0,870.0,928.2706222865412,1149.0,0.0,0.0,0.17709720372836218,0.1568627450980392,0.751,0.663,25,57,6008,5304
graph_bfs_size65536_seed1_loads,graph,1000,1,GMC-style,-0.021709318217850715,0.4118016106442577,0.4791047619047619,0.0,0.0,0.001,0.36464559072014074,0.0,0.36464559072014074,0.0,0.0,0.0,0.0,0.727863931965983,2.992256070043299,0.0,872.0,858.7626728110599,656.0,0.0,0.0,0.23834886817576564,0.2665589660743134,0.751,0.619,13,17,6008,4952
graph_bfs_size65536_seed1_loads,graph,1000,2,GMC-style,-0.09771394775651188,0.4183317927170868,0.38343333333333335,0.0,0.0,0.001,0.36464559072014074,0.0,0.36464559072014074,0.0,0.0,0.0,0.0,0.727863931965983,2.992256070043299,0.0,874.0,742.1309523809524,805.0,0.0,0.0,0.25132978723404253,0.2550607287449393,0.752,0.494,10,20,6016,3952
graph_bfs_size65536_seed2_loads,graph,100,0,WAM,0.040834692775538084,0.42193837535014006,0.5316666666666666,0.0,0.0,0.01,0.36464559072014074,0.0,0.36464559072014074,0.0,0.0,0.0,0.0,0.727863931965983,2.992256070043299,0.0,91.0,702.0606936416185,632.0,0.0,0.0,0.13846153846153847,0.20689655172413793,0.65,0.58,0,0,520,464
graph_bfs_size65536_seed2_loads,graph,100,1,WAM,0.07622169125524514,0.41200840336134453,0.49733333333333335,0.0,0.0,0.01,0.36464559072014074,0.0,0.36464559072014074,0.0,0.0,0.0,0.0,0.727863931965983,2.992256070043299,0.0,91.0,639.6729106628242,632.0,0.0,0.0,0.2,0.29508196721311475,0.65,0.61,0,0,520,488
graph_bfs_size65536_seed2_loads,graph,100,2,GMC-style,-0.11978485391810922,0.4278207282913165,0.31,0.0,0.0,0.01,0.36464559072014074,0.0,0.36464559072014074,0.0,0.0,0.0,0.0,0.727863931965983,2.992256070043299,0.0,90.0,660.6702127659574,632.0,0.0,0.0,0.234375,0.1875,0.64,0.32,0,0,512,256
graph_bfs_size65536_seed2_loads,graph,500,0,GMC-style,-0.010239472362869595,0.41061484593837533,0.5133,0.0,0.0,0.002,0.36464559072014074,0.0,0.36464559072014074,0.0,0.0,0.0,0.0,0.727863931965983,2.992256070043299,0.0,452.0,836.015984015984,1149,0.0,0.0,0.14361702127659576,0.14367816091954022,0.752,0.696,0,2,3008,2784
graph_bfs_size65536_seed2_loads,graph,500,1,GMC-style,-0.026479624982784777,0.4103357142857143,0.44403333333333334,0.0,0.0,0.002,0.36464559072014074,0.0,0.36464559072014074,0.0,0.0,0.0,0.0,0.727863931965983,2.992256070043299,0.0,452.0,750.6282998944034,632,0.0,0.0,0.22994652406417113,0.25666666666666665,0.748,0.6,0,0,2992,2400
graph_bfs_size65536_seed2_loads,graph,500,2,GMC-style,-0.14856737337329107,0.42353893557422967,0.3682666666666667,0.0,0.0,0.002,0.36464559072014074,0.0,0.36464559072014074,0.0,0.0,0.0,0.0,0.727863931965983,2.992256070043299,0.0,451.0,649.6015801354401,587.0,0.0,0.0,0.27466666666666667,0.23376623376623376,0.75,0.462,0,1,3000,1848
graph_bfs_size65536_seed2_loads,graph,1000,0,GMC-style,-0.038755570851622734,0.41639474789915965,0.5155166666666666,0.0,0.0,0.001,0.36464559072014074,0.0,0.36464559072014074,0.0,0.0,0.0,0.0,0.727863931965983,2.992256070043299,0.0,870.0,928.2706222865412,1149.0,0.0,0.0,0.17709720372836218,0.1568627450980392,0.751,0.663,25,57,6008,5304
graph_bfs_size65536_seed2_loads,graph,1000,1,GMC-style,-0.021709318217850715,0.4118016106442577,0.4791047619047619,0.0,0.0,0.001,0.36464559072014074,0.0,0.36464559072014074,0.0,0.0,0.0,0.0,0.727863931965983,2.992256070043299,0.0,872.0,858.7626728110599,656.0,0.0,0.0,0.23834886817576564,0.2665589660743134,0.751,0.619,13,17,6008,4952
graph_bfs_size65536_seed2_loads,graph,1000,2,GMC-style,-0.09771394775651188,0.4183317927170868,0.38343333333333335,0.0,0.0,0.001,0.36464559072014074,0.0,0.36464559072014074,0.0,0.0,0.0,0.0,0.727863931965983,2.992256070043299,0.0,874.0,742.1309523809524,805.0,0.0,0.0,0.25132978723404253,0.2550607287449393,0.752,0.494,10,20,6016,3952
graph_bfs_size65536_seed3_loads,graph,100,0,WAM,0.040834692775538084,0.42193837535014006,0.5316666666666666,0.0,0.0,0.01,0.36464559072014074,0.0,0.36464559072014074,0.0,0.0,0.0,0.0,0.727863931965983,2.992256070043299,0.0,91.0,702.0606936416185,632.0,0.0,0.0,0.13846153846153847,0.20689655172413793,0.65,0.58,0,0,520,464
graph_bfs_size65536_seed3_loads,graph,100,1,WAM,0.07622169125524514,0.41200840336134453,0.49733333333333335,0.0,0.0,0.01,0.36464559072014074,0.0,0.36464559072014074,0.0,0.0,0.0,0.0,0.727863931965983,2.992256070043299,0.0,91.0,639.6729106628242,632.0,0.0,0.0,0.2,0.29508196721311475,0.65,0.61,0,0,520,488
graph_bfs_size65536_seed3_loads,graph,100,2,GMC-style,-0.11978485391810922,0.4278207282913165,0.31,0.0,0.0,0.01,0.36464559072014074,0.0,0.36464559072014074,0.0,0.0,0.0,0.0,0.727863931965983,2.992256070043299,0.0,90.0,660.6702127659574,632.0,0.0,0.0,0.234375,0.1875,0.64,0.32,0,0,512,256
graph_bfs_size65536_seed3_loads,graph,500,0,GMC-style,-0.010239472362869595,0.41061484593837533,0.5133,0.0,0.0,0.002,0.36464559072014074,0.0,0.36464559072014074,0.0,0.0,0.0,0.0,0.727863931965983,2.992256070043299,0.0,452.0,836.015984015984,1149,0.0,0.0,0.14361702127659576,0.14367816091954022,0.752,0.696,0,2,3008,2784
graph_bfs_size65536_seed3_loads,graph,500,1,GMC-style,-0.026479624982784777,0.4103357142857143,0.44403333333333334,0.0,0.0,0.002,0.36464559072014074,0.0,0.36464559072014074,0.0,0.0,0.0,0.0,0.727863931965983,2.992256070043299,0.0,452.0,750.6282998944034,632,0.0,0.0,0.22994652406417113,0.25666666666666665,0.748,0.6,0,0,2992,2400
graph_bfs_size65536_seed3_loads,graph,500,2,GMC-style,-0.14856737337329107,0.42353893557422967,0.3682666666666667,0.0,0.0,0.002,0.36464559072014074,0.0,0.36464559072014074,0.0,0.0,0.0,0.0,0.727863931965983,2.992256070043299,0.0,451.0,649.6015801354401,587.0,0.0,0.0,0.27466666666666667,0.23376623376623376,0.75,0.462,0,1,3000,1848
graph_bfs_size65536_seed3_loads,graph,1000,0,GMC-style,-0.038755570851622734,0.41639474789915965,0.5155166666666666,0.0,0.0,0.001,0.36464559072014074,0.0,0.36464559072014074,0.0,0.0,0.0,0.0,0.727863931965983,2.992256070043299,0.0,870.0,928.2706222865412,1149.0,0.0,0.0,0.17709720372836218,0.1568627450980392,0.751,0.663,25,57,6008,5304
graph_bfs_size65536_seed3_loads,graph,1000,1,GMC-style,-0.021709318217850715,0.4118016106442577,0.4791047619047619,0.0,0.0,0.001,0.36464559072014074,0.0,0.36464559072014074,0.0,0.0,0.0,0.0,0.727863931965983,2.992256070043299,0.0,872.0,858.7626728110599,656.0,0.0,0.0,0.23834886817576564,0.2665589660743134,0.751,0.619,13,17,6008,4952
graph_bfs_size65536_seed3_loads,graph,1000,2,GMC-style,-0.09771394775651188,0.4183317927170868,0.38343333333333335,0.0,0.0,0.001,0.36464559072014074,0.0,0.36464559072014074,0.0,0.0,0.0,0.0,0.727863931965983,2.992256070043299,0.0,874.0,742.1309523809524,805.0,0.0,0.0,0.25132978723404253,0.2550607287449393,0.752,0.494,10,20,6016,3952
graph_bfs_size65536_seed4_loads,graph,100,0,WAM,0.040834692775538084,0.42193837535014006,0.5316666666666666,0.0,0.0,0.01,0.36464559072014074,0.0,0.36464559072014074,0.0,0.0,0.0,0.0,0.727863931965983,2.992256070043299,0.0,91.0,702.0606936416185,632.0,0.0,0.0,0.13846153846153847,0.20689655172413793,0.65,0.58,0,0,520,464
graph_bfs_size65536_seed4_loads,graph,100,1,WAM,0.07622169125524514,0.41200840336134453,0.49733333333333335,0.0,0.0,0.01,0.36464559072014074,0.0,0.36464559072014074,0.0,0.0,0.0,0.0,0.727863931965983,2.992256070043299,0.0,91.0,639.6729106628242,632.0,0.0,0.0,0.2,0.29508196721311475,0.65,0.61,0,0,520,488
graph_bfs_size65536_seed4_loads,graph,100,2,GMC-style,-0.11978485391810922,0.4278207282913165,0.31,0.0,0.0,0.01,0.36464559072014074,0.0,0.36464559072014074,0.0,0.0,0.0,0.0,0.727863931965983,2.992256070043299,0.0,90.0,660.6702127659574,632.0,0.0,0.0,0.234375,0.1875,0.64,0.32,0,0,512,256
graph_bfs_size65536_seed4_loads,graph,500,0,GMC-style,-0.010239472362869595,0.41061484593837533,0.5133,0.0,0.0,0.002,0.36464559072014074,0.0,0.36464559072014074,0.0,0.0,0.0,0.0,0.727863931965983,2.992256070043299,0.0,452.0,836.015984015984,1149,0.0,0.0,0.14361702127659576,0.14367816091954022,0.752,0.696,0,2,3008,2784
graph_bfs_size65536_seed4_loads,graph,500,1,GMC-style,-0.026479624982784777,0.4103357142857143,0.44403333333333334,0.0,0.0,0.002,0.36464559072014074,0.0,0.36464559072014074,0.0,0.0,0.0,0.0,0.727863931965983,2.992256070043299,0.0,452.0,750.6282998944034,632,0.0,0.0,0.22994652406417113,0.25666666666666665,0.748,0.6,0,0,2992,2400
graph_bfs_size65536_seed4_loads,graph,500,2,GMC-style,-0.14856737337329107,0.42353893557422967,0.3682666666666667,0.0,0.0,0.002,0.36464559072014074,0.0,0.36464559072014074,0.0,0.0,0.0,0.0,0.727863931965983,2.992256070043299,0.0,451.0,649.6015801354401,587.0,0.0,0.0,0.27466666666666667,0.23376623376623376,0.75,0.462,0,1,3000,1848
graph_bfs_size65536_seed4_loads,graph,1000,0,GMC-style,-0.038755570851622734,0.41639474789915965,0.5155166666666666,0.0,0.0,0.001,0.36464559072014074,0.0,0.36464559072014074,0.0,0.0,0.0,0.0,0.727863931965983,2.992256070043299,0.0,870.0,928.2706222865412,1149.0,0.0,0.0,0.17709720372836218,0.1568627450980392,0.751,0.663,25,57,6008,5304
graph_bfs_size65536_seed4_loads,graph,1000,1,GMC-style,-0.021709318217850715,0.4118016106442577,0.4791047619047619,0.0,0.0,0.001,0.36464559072014074,0.0,0.36464559072014074,0.0,0.0,0.0,0.0,0.727863931965983,2.992256070043299,0.0,872.0,858.7626728110599,656.0,0.0,0.0,0.23834886817576564,0.2665589660743134,0.751,0.619,13,17,6008,4952
graph_bfs_size65536_seed4_loads,graph,1000,2,GMC-style,-0.09771394775651188,0.4183317927170868,0.38343333333333335,0.0,0.0,0.001,0.36464559072014074,0.0,0.36464559072014074,0.0,0.0,0.0,0.0,0.727863931965983,2.992256070043299,0.0,874.0,742.1309523809524,805.0,0.0,0.0,0.25132978723404253,0.2550607287449393,0.752,0.494,10,20,6016,3952
graph_dfs_size16384_seed0_loads,graph,100,0,WAM,0.06080528729681889,0.08,0.6571150793650794,0.0,0.0,0.01,0.5199114266030961,0.0,0.5199114266030961,0.0,0.0,0.0,0.0,0.0050025012506253125,8.801433080915258,0.0,46.0,159.967585089141,2,0.0,0.0,0.0,0.0967741935483871,0.01,0.31,0,0,8,248
graph_dfs_size16384_seed0_loads,graph,100,1,WAM,0.10678150135487896,0.04,0.6407142857142857,0.0,0.0,0.01,0.5199114266030961,0.0,0.5199114266030961,0.0,0.0,0.0,0.0,0.0050025012506253125,8.801433080915258,0.0,47.0,159.37696051919957,2,0.0,0.0,0.0,0.16129032258064516,0.02,0.31,0,0,16,248
graph_dfs_size16384_seed0_loads,graph,100,2,WAM,0.05980261373467233,0.08,0.6493055555555556,0.0,0.0,0.01,0.5199114266030961,0.0,0.5199114266030961,0.0,0.0,0.0,0.0,0.0050025012506253125,8.801433080915258,0.0,47.0,161.65603028664142,2,0.0,0.0,0.0,0.1,0.02,0.3,0,0,16,240
graph_dfs_size16384_seed0_loads,graph,500,0,WAM,0.06706882718583951,0.058,0.6505507936507936,0.0,0.0,0.002,0.5199114266030961,0.0,0.5199114266030961,0.0,0.0,0.0,0.0,0.0050025012506253125,8.801433080915258,0.0,150.0,168.97951914514692,2.0,0.0,0.10526315789473684,0.2,0.18269230769230768,0.02,0.208,1,17,80,832
graph_dfs_size16384_seed0_loads,graph,500,1,WAM,0.05099085332853215,0.054,0.6522722222222223,0.0,0.0,0.002,0.5199114266030961,0.0,0.5199114266030961,0.0,0.0,0.0,0.0,0.0050025012506253125,8.801433080915258,0.0,168.0,174.09362460989746,2,0.0,0.0,0.3333333333333333,0.13636363636363635,0.012,0.22,1,20,48,880
graph_dfs_size16384_seed0_loads,graph,500,2,WAM,0.09343375485519023,0.054,0.6461642857142857,0.0,0.0,0.002,0.5199114266030961,0.0,0.5199114266030961,0.0,0.0,0.0,0.0,0.0050025012506253125,8.801433080915258,0.0,170.0,176.42138084632518,2,0.0,0.0,0.0,0.21100917431192662,0.016,0.218,2,17,64,872
graph_dfs_size16384_seed0_loads,graph,1000,0,WAM,0.042895685996324984,0.064,0.6526047619047619,0.0,0.0,0.001,0.5199114266030961,0.0,0.5199114266030961,0.0,0.0,0.0,0.0,0.0050025012506253125,8.801433080915258,0.0,219.0,186.72084548104957,2.0,0.0,0.125,0.26666666666666666,0.2064516129032258,0.015,0.155,5,40,120,1240
graph_dfs_size16384_seed0_loads,graph,1000,1,WAM,0.03949697231762084,0.049,0.6630436507936508,0.0,0.0,0.001,0.5199114266030961,0.0,0.5199114266030961,0.0,0.0,0.0,0.0,0.0050025012506253125,8.801433080915258,0.0,223.0,188.39737513671162,2,0.0,0.03571428571428571,0.0,0.14583333333333334,0.008,0.192,3,35,64,1536
graph_dfs_size16384_seed0_loads,graph,1000,2,WAM,0.045686503812023105,0.072,0.6486710678210679,0.0,0.0,0.001,0.5199114266030961,0.0,0.5199114266030961,0.0,0.0,0.0,0.0,0.0050025012506253125,8.801433080915258,0.0,227.0,190.1822821728035,2,0.0,0.05555555555555555,0.1875,0.19672131147540983,0.016,0.183,5,47,128,1464
graph_dfs_size16384_seed1_loads,graph,100,0,WAM,0.06080528729681889,0.08,0.6571150793650794,0.0,0.0,0.01,0.5199114266030961,0.0,0.5199114266030961,0.0,0.0,0.0,0.0,0.0050025012506253125,8.801433080915258,0.0,46.0,159.967585089141,2,0.0,0.0,0.0,0.0967741935483871,0.01,0.31,0,0,8,248
graph_dfs_size16384_seed1_loads,graph,100,1,WAM,0.10678150135487896,0.04,0.6407142857142857,0.0,0.0,0.01,0.5199114266030961,0.0,0.5199114266030961,0.0,0.0,0.0,0.0,0.0050025012506253125,8.801433080915258,0.0,47.0,159.37696051919957,2,0.0,0.0,0.0,0.16129032258064516,0.02,0.31,0,0,16,248
graph_dfs_size16384_seed1_loads,graph,100,2,WAM,0.05980261373467233,0.08,0.6493055555555556,0.0,0.0,0.01,0.5199114266030961,0.0,0.5199114266030961,0.0,0.0,0.0,0.0,0.0050025012506253125,8.801433080915258,0.0,47.0,161.65603028664142,2,0.0,0.0,0.0,0.1,0.02,0.3,0,0,16,240
graph_dfs_size16384_seed1_loads,graph,500,0,WAM,0.06706882718583951,0.058,0.6505507936507936,0.0,0.0,0.002,0.5199114266030961,0.0,0.5199114266030961,0.0,0.0,0.0,0.0,0.0050025012506253125,8.801433080915258,0.0,150.0,168.97951914514692,2.0,0.0,0.10526315789473684,0.2,0.18269230769230768,0.02,0.208,1,17,80,832
graph_dfs_size16384_seed1_loads,graph,500,1,WAM,0.05099085332853215,0.054,0.6522722222222223,0.0,0.0,0.002,0.5199114266030961,0.0,0.5199114266030961,0.0,0.0,0.0,0.0,0.0050025012506253125,8.801433080915258,0.0,168.0,174.09362460989746,2,0.0,0.0,0.3333333333333333,0.13636363636363635,0.012,0.22,1,20,48,880
graph_dfs_size16384_seed1_loads,graph,500,2,WAM,0.09343375485519023,0.054,0.6461642857142857,0.0,0.0,0.002,0.5199114266030961,0.0,0.5199114266030961,0.0,0.0,0.0,0.0,0.0050025012506253125,8.801433080915258,0.0,170.0,176.42138084632518,2,0.0,0.0,0.0,0.21100917431192662,0.016,0.218,2,17,64,872
graph_dfs_size16384_seed1_loads,graph,1000,0,WAM,0.042895685996324984,0.064,0.6526047619047619,0.0,0.0,0.001,0.5199114266030961,0.0,0.5199114266030961,0.0,0.0,0.0,0.0,0.0050025012506253125,8.801433080915258,0.0,219.0,186.72084548104957,2.0,0.0,0.125,0.26666666666666666,0.2064516129032258,0.015,0.155,5,40,120,1240
graph_dfs_size16384_seed1_loads,graph,1000,1,WAM,0.03949697231762084,0.049,0.6630436507936508,0.0,0.0,0.001,0.5199114266030961,0.0,0.5199114266030961,0.0,0.0,0.0,0.0,0.0050025012506253125,8.801433080915258,0.0,223.0,188.39737513671162,2,0.0,0.03571428571428571,0.0,0.14583333333333334,0.008,0.192,3,35,64,1536
graph_dfs_size16384_seed1_loads,graph,1000,2,WAM,0.045686503812023105,0.072,0.6486710678210679,0.0,0.0,0.001,0.5199114266030961,0.0,0.5199114266030961,0.0,0.0,0.0,0.0,0.0050025012506253125,8.801433080915258,0.0,227.0,190.1822821728035,2,0.0,0.05555555555555555,0.1875,0.19672131147540983,0.016,0.183,5,47,128,1464
graph_dfs_size16384_seed2_loads,graph,100,0,WAM,0.06080528729681889,0.08,0.6571150793650794,0.0,0.0,0.01,0.5199114266030961,0.0,0.5199114266030961,0.0,0.0,0.0,0.0,0.0050025012506253125,8.801433080915258,0.0,46.0,159.967585089141,2,0.0,0.0,0.0,0.0967741935483871,0.01,0.31,0,0,8,248
graph_dfs_size16384_seed2_loads,graph,100,1,WAM,0.10678150135487896,0.04,0.6407142857142857,0.0,0.0,0.01,0.5199114266030961,0.0,0.5199114266030961,0.0,0.0,0.0,0.0,0.0050025012506253125,8.801433080915258,0.0,47.0,159.37696051919957,2,0.0,0.0,0.0,0.16129032258064516,0.02,0.31,0,0,16,248
graph_dfs_size16384_seed2_loads,graph,100,2,WAM,0.05980261373467233,0.08,0.6493055555555556,0.0,0.0,0.01,0.5199114266030961,0.0,0.5199114266030961,0.0,0.0,0.0,0.0,0.0050025012506253125,8.801433080915258,0.0,47.0,161.65603028664142,2,0.0,0.0,0.0,0.1,0.02,0.3,0,0,16,240
graph_dfs_size16384_seed2_loads,graph,500,0,WAM,0.06706882718583951,0.058,0.6505507936507936,0.0,0.0,0.002,0.5199114266030961,0.0,0.5199114266030961,0.0,0.0,0.0,0.0,0.0050025012506253125,8.801433080915258,0.0,150.0,168.97951914514692,2.0,0.0,0.10526315789473684,0.2,0.18269230769230768,0.02,0.208,1,17,80,832
graph_dfs_size16384_seed2_loads,graph,500,1,WAM,0.05099085332853215,0.054,0.6522722222222223,0.0,0.0,0.002,0.5199114266030961,0.0,0.5199114266030961,0.0,0.0,0.0,0.0,0.0050025012506253125,8.801433080915258,0.0,168.0,174.09362460989746,2,0.0,0.0,0.3333333333333333,0.13636363636363635,0.012,0.22,1,20,48,880
graph_dfs_size16384_seed2_loads,graph,500,2,WAM,0.09343375485519023,0.054,0.6461642857142857,0.0,0.0,0.002,0.5199114266030961,0.0,0.5199114266030961,0.0,0.0,0.0,0.0,0.0050025012506253125,8.801433080915258,0.0,170.0,176.42138084632518,2,0.0,0.0,0.0,0.21100917431192662,0.016,0.218,2,17,64,872
graph_dfs_size16384_seed2_loads,graph,1000,0,WAM,0.042895685996324984,0.064,0.6526047619047619,0.0,0.0,0.001,0.5199114266030961,0.0,0.5199114266030961,0.0,0.0,0.0,0.0,0.0050025012506253125,8.801433080915258,0.0,219.0,186.72084548104957,2.0,0.0,0.125,0.26666666666666666,0.2064516129032258,0.015,0.155,5,40,120,1240
graph_dfs_size16384_seed2_loads,graph,1000,1,WAM,0.03949697231762084,0.049,0.6630436507936508,0.0,0.0,0.001,0.5199114266030961,0.0,0.5199114266030961,0.0,0.0,0.0,0.0,0.0050025012506253125,8.801433080915258,0.0,223.0,188.39737513671162,2,0.0,0.03571428571428571,0.0,0.14583333333333334,0.008,0.192,3,35,64,1536
graph_dfs_size16384_seed2_loads,graph,1000,2,WAM,0.045686503812023105,0.072,0.6486710678210679,0.0,0.0,0.001,0.5199114266030961,0.0,0.5199114266030961,0.0,0.0,0.0,0.0,0.0050025012506253125,8.801433080915258,0.0,227.0,190.1822821728035,2,0.0,0.05555555555555555,0.1875,0.19672131147540983,0.016,0.183,5,47,128,1464
graph_dfs_size16384_seed3_loads,graph,100,0,WAM,0.06080528729681889,0.08,0.6571150793650794,0.0,0.0,0.01,0.5199114266030961,0.0,0.5199114266030961,0.0,0.0,0.0,0.0,0.0050025012506253125,8.801433080915258,0.0,46.0,159.967585089141,2,0.0,0.0,0.0,0.0967741935483871,0.01,0.31,0,0,8,248
graph_dfs_size16384_seed3_loads,graph,100,1,WAM,0.10678150135487896,0.04,0.6407142857142857,0.0,0.0,0.01,0.5199114266030961,0.0,0.5199114266030961,0.0,0.0,0.0,0.0,0.0050025012506253125,8.801433080915258,0.0,47.0,159.37696051919957,2,0.0,0.0,0.0,0.16129032258064516,0.02,0.31,0,0,16,248
graph_dfs_size16384_seed3_loads,graph,100,2,WAM,0.05980261373467233,0.08,0.6493055555555556,0.0,0.0,0.01,0.5199114266030961,0.0,0.5199114266030961,0.0,0.0,0.0,0.0,0.0050025012506253125,8.801433080915258,0.0,47.0,161.65603028664142,2,0.0,0.0,0.0,0.1,0.02,0.3,0,0,16,240
graph_dfs_size16384_seed3_loads,graph,500,0,WAM,0.06706882718583951,0.058,0.6505507936507936,0.0,0.0,0.002,0.5199114266030961,0.0,0.5199114266030961,0.0,0.0,0.0,0.0,0.0050025012506253125,8.801433080915258,0.0,150.0,168.97951914514692,2.0,0.0,0.10526315789473684,0.2,0.18269230769230768,0.02,0.208,1,17,80,832
graph_dfs_size16384_seed3_loads,graph,500,1,WAM,0.05099085332853215,0.054,0.6522722222222223,0.0,0.0,0.002,0.5199114266030961,0.0,0.5199114266030961,0.0,0.0,0.0,0.0,0.0050025012506253125,8.801433080915258,0.0,168.0,174.09362460989746,2,0.0,0.0,0.3333333333333333,0.13636363636363635,0.012,0.22,1,20,48,880
graph_dfs_size16384_seed3_loads,graph,500,2,WAM,0.09343375485519023,0.054,0.6461642857142857,0.0,0.0,0.002,0.5199114266030961,0.0,0.5199114266030961,0.0,0.0,0.0,0.0,0.0050025012506253125,8.801433080915258,0.0,170.0,176.42138084632518,2,0.0,0.0,0.0,0.21100917431192662,0.016,0.218,2,17,64,872
graph_dfs_size16384_seed3_loads,graph,1000,0,WAM,0.042895685996324984,0.064,0.6526047619047619,0.0,0.0,0.001,0.5199114266030961,0.0,0.5199114266030961,0.0,0.0,0.0,0.0,0.0050025012506253125,8.801433080915258,0.0,219.0,186.72084548104957,2.0,0.0,0.125,0.26666666666666666,0.2064516129032258,0.015,0.155,5,40,120,1240
graph_dfs_size16384_seed3_loads,graph,1000,1,WAM,0.03949697231762084,0.049,0.6630436507936508,0.0,0.0,0.001,0.5199114266030961,0.0,0.5199114266030961,0.0,0.0,0.0,0.0,0.0050025012506253125,8.801433080915258,0.0,223.0,188.39737513671162,2,0.0,0.03571428571428571,0.0,0.14583333333333334,0.008,0.192,3,35,64,1536
graph_dfs_size16384_seed3_loads,graph,1000,2,WAM,0.045686503812023105,0.072,0.6486710678210679,0.0,0.0,0.001,0.5199114266030961,0.0,0.5199114266030961,0.0,0.0,0.0,0.0,0.0050025012506253125,8.801433080915258,0.0,227.0,190.1822821728035,2,0.0,0.05555555555555555,0.1875,0.19672131147540983,0.016,0.183,5,47,128,1464
graph_dfs_size16384_seed4_loads,graph,100,0,WAM,0.06080528729681889,0.08,0.6571150793650794,0.0,0.0,0.01,0.5199114266030961,0.0,0.5199114266030961,0.0,0.0,0.0,0.0,0.0050025012506253125,8.801433080915258,0.0,46.0,159.967585089141,2,0.0,0.0,0.0,0.0967741935483871,0.01,0.31,0,0,8,248
graph_dfs_size16384_seed4_loads,graph,100,1,WAM,0.10678150135487896,0.04,0.6407142857142857,0.0,0.0,0.01,0.5199114266030961,0.0,0.5199114266030961,0.0,0.0,0.0,0.0,0.0050025012506253125,8.801433080915258,0.0,47.0,159.37696051919957,2,0.0,0.0,0.0,0.16129032258064516,0.02,0.31,0,0,16,248
graph_dfs_size16384_seed4_loads,graph,100,2,WAM,0.05980261373467233,0.08,0.6493055555555556,0.0,0.0,0.01,0.5199114266030961,0.0,0.5199114266030961,0.0,0.0,0.0,0.0,0.0050025012506253125,8.801433080915258,0.0,47.0,161.65603028664142,2,0.0,0.0,0.0,0.1,0.02,0.3,0,0,16,240
graph_dfs_size16384_seed4_loads,graph,500,0,WAM,0.06706882718583951,0.058,0.6505507936507936,0.0,0.0,0.002,0.5199114266030961,0.0,0.5199114266030961,0.0,0.0,0.0,0.0,0.0050025012506253125,8.801433080915258,0.0,150.0,168.97951914514692,2.0,0.0,0.10526315789473684,0.2,0.18269230769230768,0.02,0.208,1,17,80,832
graph_dfs_size16384_seed4_loads,graph,500,1,WAM,0.05099085332853215,0.054,0.6522722222222223,0.0,0.0,0.002,0.5199114266030961,0.0,0.5199114266030961,0.0,0.0,0.0,0.0,0.0050025012506253125,8.801433080915258,0.0,168.0,174.09362460989746,2,0.0,0.0,0.3333333333333333,0.13636363636363635,0.012,0.22,1,20,48,880
graph_dfs_size16384_seed4_loads,graph,500,2,WAM,0.09343375485519023,0.054,0.6461642857142857,0.0,0.0,0.002,0.5199114266030961,0.0,0.5199114266030961,0.0,0.0,0.0,0.0,0.0050025012506253125,8.801433080915258,0.0,170.0,176.42138084632518,2,0.0,0.0,0.0,0.21100917431192662,0.016,0.218,2,17,64,872
graph_dfs_size16384_seed4_loads,graph,1000,0,WAM,0.042895685996324984,0.064,0.6526047619047619,0.0,0.0,0.001,0.5199114266030961,0.0,0.5199114266030961,0.0,0.0,0.0,0.0,0.0050025012506253125,8.801433080915258,0.0,219.0,186.72084548104957,2.0,0.0,0.125,0.26666666666666666,0.2064516129032258,0.015,0.155,5,40,120,1240
graph_dfs_size16384_seed4_loads,graph,1000,1,WAM,0.03949697231762084,0.049,0.6630436507936508,0.0,0.0,0.001,0.5199114266030961,0.0,0.5199114266030961,0.0,0.0,0.0,0.0,0.0050025012506253125,8.801433080915258,0.0,223.0,188.39737513671162,2,0.0,0.03571428571428571,0.0,0.14583333333333334,0.008,0.192,3,35,64,1536
graph_dfs_size16384_seed4_loads,graph,1000,2,WAM,0.045686503812023105,0.072,0.6486710678210679,0.0,0.0,0.001,0.5199114266030961,0.0,0.5199114266030961,0.0,0.0,0.0,0.0,0.0050025012506253125,8.801433080915258,0.0,227.0,190.1822821728035,2,0.0,0.05555555555555555,0.1875,0.19672131147540983,0.016,0.183,5,47,128,1464
hash_table_size65536_seed0_loads,hash,100,0,GMC-style,-0.0008754008289411086,0.085,0.23,0.0,0.0,0.01,0.1615992858481961,0.0,0.1615992858481961,0.0,0.0,0.0,0.0,0.0720360180090045,10.370921445510728,0.030303030303030304,91.0,329.0431654676259,1.0,0.0,0.0,0.0,0.0,0.05,0.17,0,0,40,136
hash_table_size65536_seed0_loads,hash,100,1,GMC-style,-0.0007705343111863439,0.125,0.30333333333333334,0.0,0.0,0.01,0.1615992858481961,0.0,0.1615992858481961,0.0,0.0,0.0,0.0,0.0720360180090045,10.370921445510728,0.0,86.0,313.0996441281139,1,0.0,0.0,0.0,0.0,0.06,0.16,0,0,48,128
hash_table_size65536_seed0_loads,hash,100,2,GMC-style,-0.0011083400687327272,0.035,0.2125,0.0,0.0,0.01,0.1615992858481961,0.0,0.1615992858481961,0.0,0.0,0.0,0.0,0.0720360180090045,10.370921445510728,0.0,96.0,330.80727272727273,1,0.0,0.0,0.0,0.0,0.02,0.18,0,0,16,144
hash_table_size65536_seed0_loads,hash,500,0,GMC-style,-0.0010671122695564694,0.064,0.22678571428571428,0.0,0.0,0.002,0.1615992858481961,0.0,0.1615992858481961,0.0,0.0,0.0,0.0,0.0720360180090045,10.370921445510728,0.01002004008016032,460.0,392.7690058479532,1.0,0.0,0.0,0.0,0.0,0.044,0.192,0,1,176,768
hash_table_size65536_seed0_loads,hash,500,1,WAM,0.0011998242045520024,0.1,0.239,0.0,0.0,0.002,0.1615992858481961,0.0,0.1615992858481961,0.0,0.0,0.0,0.0,0.0720360180090045,10.370921445510728,0.006012024048096192,437.0,378.8119891008174,1,0.0,0.0,0.0,0.010752688172043012,0.052,0.186,0,3,208,744
hash_table_size65536_seed0_loads,hash,500,2,GMC-style,-0.0011770024075432595,0.1045,0.25616666666666665,0.0,0.0,0.002,0.1615992858481961,0.0,0.1615992858481961,0.0,0.0,0.0,0.0,0.0720360180090045,10.370921445510728,0.006012024048096192,439.0,386.19407008086256,1,0.0,0.0,0.0,0.0,0.054,0.21,0,0,216,840
hash_table_size65536_seed0_loads,hash,1000,0,GMC-style,-0.0012669512619775114,0.08825,0.2685595238095238,0.0,0.0,0.001,0.1615992858481961,0.0,0.1615992858481961,0.0,0.0,0.0,0.0,0.0720360180090045,10.370921445510728,0.007007007007007007,881.0,477.0403397027601,1,0.0,0.0,0.0,0.0,0.05,0.211,0,3,400,1688
hash_table_size65536_seed0_loads,hash,1000,1,GMC-style,-1.531745151983621e-05,0.104,0.26766666666666666,0.0,0.0,0.001,0.1615992858481961,0.0,0.1615992858481961,0.0,0.0,0.0,0.0,0.0720360180090045,10.370921445510728,0.006006006006006006,864.0,443.097510373444,1.0,0.0,0.0,0.0,0.0049504950495049506,0.054,0.202,0,5,432,1616
hash_table_size65536_seed0_loads,hash,1000,2,WAM,0.000911898546293588,0.1035,0.25433333333333336,0.0,0.0,0.001,0.1615992858481961,0.0,0.1615992858481961,0.0,0.0,0.0,0.0,0.0720360180090045,10.370921445510728,0.006006006006006006,863.0,459.0081300813008,1.0,0.0,0.0,0.0,0.009433962264150943,0.055,0.212,1,3,440,1696
hash_table_size65536_seed1_loads,hash,100,0,GMC-style,-0.0008754008289411086,0.085,0.23,0.0,0.0,0.01,0.1615992858481961,0.0,0.1615992858481961,0.0,0.0,0.0,0.0,0.0720360180090045,10.370921445510728,0.030303030303030304,91.0,329.0431654676259,1.0,0.0,0.0,0.0,0.0,0.05,0.17,0,0,40,136
hash_table_size65536_seed1_loads,hash,100,1,GMC-style,-0.0007705343111863439,0.125,0.30333333333333334,0.0,0.0,0.01,0.1615992858481961,0.0,0.1615992858481961,0.0,0.0,0.0,0.0,0.0720360180090045,10.370921445510728,0.0,86.0,313.0996441281139,1,0.0,0.0,0.0,0.0,0.06,0.16,0,0,48,128
hash_table_size65536_seed1_loads,hash,100,2,GMC-style,-0.0011083400687327272,0.035,0.2125,0.0,0.0,0.01,0.1615992858481961,0.0,0.1615992858481961,0.0,0.0,0.0,0.0,0.0720360180090045,10.370921445510728,0.0,96.0,330.80727272727273,1,0.0,0.0,0.0,0.0,0.02,0.18,0,0,16,144
hash_table_size65536_seed1_loads,hash,500,0,GMC-style,-0.0010671122695564694,0.064,0.22678571428571428,0.0,0.0,0.002,0.1615992858481961,0.0,0.1615992858481961,0.0,0.0,0.0,0.0,0.0720360180090045,10.370921445510728,0.01002004008016032,460.0,392.7690058479532,1.0,0.0,0.0,0.0,0.0,0.044,0.192,0,1,176,768
hash_table_size65536_seed1_loads,hash,500,1,WAM,0.0011998242045520024,0.1,0.239,0.0,0.0,0.002,0.1615992858481961,0.0,0.1615992858481961,0.0,0.0,0.0,0.0,0.0720360180090045,10.370921445510728,0.006012024048096192,437.0,378.8119891008174,1,0.0,0.0,0.0,0.010752688172043012,0.052,0.186,0,3,208,744
hash_table_size65536_seed1_loads,hash,500,2,GMC-style,-0.0011770024075432595,0.1045,0.25616666666666665,0.0,0.0,0.002,0.1615992858481961,0.0,0.1615992858481961,0.0,0.0,0.0,0.0,0.0720360180090045,10.370921445510728,0.006012024048096192,439.0,386.19407008086256,1,0.0,0.0,0.0,0.0,0.054,0.21,0,0,216,840
hash_table_size65536_seed1_loads,hash,1000,0,GMC-style,-0.0012669512619775114,0.08825,0.2685595238095238,0.0,0.0,0.001,0.1615992858481961,0.0,0.1615992858481961,0.0,0.0,0.0,0.0,0.0720360180090045,10.370921445510728,0.007007007007007007,881.0,477.0403397027601,1,0.0,0.0,0.0,0.0,0.05,0.211,0,3,400,1688
hash_table_size65536_seed1_loads,hash,1000,1,GMC-style,-1.531745151983621e-05,0.104,0.26766666666666666,0.0,0.0,0.001,0.1615992858481961,0.0,0.1615992858481961,0.0,0.0,0.0,0.0,0.0720360180090045,10.370921445510728,0.006006006006006006,864.0,443.097510373444,1.0,0.0,0.0,0.0,0.0049504950495049506,0.054,0.202,0,5,432,1616
hash_table_size65536_seed1_loads,hash,1000,2,WAM,0.000911898546293588,0.1035,0.25433333333333336,0.0,0.0,0.001,0.1615992858481961,0.0,0.1615992858481961,0.0,0.0,0.0,0.0,0.0720360180090045,10.370921445510728,0.006006006006006006,863.0,459.0081300813008,1.0,0.0,0.0,0.0,0.009433962264150943,0.055,0.212,1,3,440,1696
hash_table_size65536_seed2_loads,hash,100,0,GMC-style,-0.0016221796195251548,0.0,0.33,0.0,0.0,0.01,0.16566837418708566,0.0,0.16566837418708566,0.0,0.0,0.0,0.0,0.07703851925962982,10.334695234345594,0.0,90.0,274.0285714285714,1.0,0.0,0.0,0.0,0.0,0.0,0.22,0,0,0,176
hash_table_size65536_seed2_loads,hash,100,1,GMC-style,-0.0009902390720045728,0.0,0.21,0.0,0.0,0.01,0.16566837418708566,0.0,0.16566837418708566,0.0,0.0,0.0,0.0,0.07703851925962982,10.334695234345594,0.0,94.0,276.9014598540146,1.0,0.0,0.0,0.0,0.0,0.0,0.14,0,0,0,112
hash_table_size65536_seed2_loads,hash,100,2,GMC-style,-0.0011675422175819739,0.01,0.18583333333333332,0.0,0.0,0.01,0.16566837418708566,0.0,0.16566837418708566,0.0,0.0,0.0,0.0,0.07703851925962982,10.334695234345594,0.010101010101010102,91.0,284.2043010752688,1,0.0,0.0,0.0,0.0,0.01,0.17,0,0,8,136
hash_table_size65536_seed2_loads,hash,500,0,WAM,0.0006116390434562913,0.0,0.24063333333333334,0.0,0.0,0.002,0.16566837418708566,0.0,0.16566837418708566,0.0,0.0,0.0,0.0,0.07703851925962982,10.334695234345594,0.002004008016032064,445.0,315.8813559322034,1.0,0.0,0.0,0.0,0.010309278350515464,0.0,0.194,0,1,0,776
hash_table_size65536_seed2_loads,hash,500,1,WAM,0.0007635134082304429,0.0,0.27915,0.0,0.0,0.002,0.16566837418708566,0.0,0.16566837418708566,0.0,0.0,0.0,0.0,0.07703851925962982,10.334695234345594,0.0,425.0,344.59842519685037,1,0.0,0.0,0.0,0.010309278350515464,0.0,0.194,0,1,0,776
hash_table_size65536_seed2_loads,hash,500,2,GMC-style,-0.0014418431497074113,0.002,0.21466666666666667,0.0,0.0,0.002,0.16566837418708566,0.0,0.16566837418708566,0.0,0.0,0.0,0.0,0.07703851925962982,10.334695234345594,0.008016032064128256,446.0,350.65,1.0,0.0,0.0,0.0,0.0,0.002,0.196,0,1,8,784
hash_table_size65536_seed2_loads,hash,1000,0,GMC-style,-0.0004767201635150764,0.001,0.25815,0.0,0.0,0.001,0.16566837418708566,0.0,0.16566837418708566,0.0,0.0,0.0,0.0,0.07703851925962982,10.334695234345594,0.004004004004004004,874.0,392.11496746203903,1,0.0,0.0,0.0,0.0049504950495049506,0.001,0.202,0,6,8,1616
hash_table_size65536_seed2_loads,hash,1000,1,GMC-style,-0.00035426582057185296,0.002,0.24565833333333334,0.0,0.0,0.001,0.16566837418708566,0.0,0.16566837418708566,0.0,0.0,0.0,0.0,0.07703851925962982,10.334695234345594,0.004004004004004004,858.0,415.5,1.0,0.0,0.0,0.0,0.005376344086021506,0.002,0.186,0,2,16,1488
hash_table_size65536_seed2_loads,hash,1000,2,GMC-style,-0.000443445416455468,0.001,0.24994444444444444,0.0,0.0,0.001,0.16566837418708566,0.0,0.16566837418708566,0.0,0.0,0.0,0.0,0.07703851925962982,10.334695234345594,0.01001001001001001,865.0,451.76482617586913,1,0.0,0.0,0.0,0.004878048780487805,0.001,0.205,0,3,8,1640
hash_table_size65536_seed3_loads,hash,100,0,GMC-style,-0.001065388120426114,0.01,0.185,0.0,0.0,0.01,0.17371296922900525,0.0,0.17371296922900525,0.0,0.0,0.0,0.0,0.09204602301150576,10.197624118712957,0.0,100.0,287.54,1.0,0.0,0.0,0.0,0.0,0.01,0.17,0,0,8,136
hash_table_size65536_seed3_loads,hash,100,1,GMC-style,-0.000884172239451364,0.024999999999999998,0.29833333333333334,0.0,0.0,0.01,0.17371296922900525,0.0,0.17371296922900525,0.0,0.0,0.0,0.0,0.09204602301150576,10.197624118712957,0.0,90.0,252.09150326797385,1.0,0.0,0.0,0.0,0.0,0.1,0.22,0,0,80,176
hash_table_size65536_seed3_loads,hash,100,2,GMC-style,-0.0010008455025480867,0.03666666666666667,0.25166666666666665,0.0,0.0,0.01,0.17371296922900525,0.0,0.17371296922900525,0.0,0.0,0.0,0.0,0.09204602301150576,10.197624118712957,0.0,86.0,249.25242718446603,1,0.0,0.0,0.0,0.0,0.1,0.23,0,0,80,184
hash_table_size65536_seed3_loads,hash,500,0,GMC-style,-0.0012373885997876144,0.021666666666666664,0.2709666666666667,0.0,0.0,0.002,0.17371296922900525,0.0,0.17371296922900525,0.0,0.0,0.0,0.0,0.09204602301150576,10.197624118712957,0.002004008016032064,455.0,354.2696335078534,1.0,0.0,0.0,0.0,0.0,0.062,0.232,0,1,248,928
hash_table_size65536_seed3_loads,hash,500,1,GMC-style,-0.0008923025468577928,0.028999999999999998,0.2646857142857143,0.0,0.0,0.002,0.17371296922900525,0.0,0.17371296922900525,0.0,0.0,0.0,0.0,0.09204602301150576,10.197624118712957,0.014028056112224449,438.0,301.3007712082262,1,0.0,0.0,0.0,0.0,0.09,0.192,0,1,360,768
hash_table_size65536_seed3_loads,hash,500,2,GMC-style,-0.0006998323815994301,0.033666666666666664,0.261,0.0,0.0,0.002,0.17371296922900525,0.0,0.17371296922900525,0.0,0.0,0.0,0.0,0.09204602301150576,10.197624118712957,0.014028056112224449,425.0,296.80493827160495,1,0.0,0.0,0.0,0.0,0.114,0.204,0,0,456,816
hash_table_size65536_seed3_loads,hash,1000,0,GMC-style,-0.0011389173413507425,0.0235,0.26965,0.0,0.0,0.001,0.17371296922900525,0.0,0.17371296922900525,0.0,0.0,0.0,0.0,0.09204602301150576,10.197624118712957,0.005005005005005005,893.0,455.9204081632653,1.0,0.0,0.0,0.0,0.0,0.078,0.232,0,3,624,1856
hash_table_size65536_seed3_loads,hash,1000,1,GMC-style,-0.0021189708391659012,0.028333333333333332,0.2861261904761905,0.0,0.0,0.001,0.17371296922900525,0.0,0.17371296922900525,0.0,0.0,0.0,0.0,0.09204602301150576,10.197624118712957,0.009009009009009009,860.0,402.44615384615383,1.0,0.0,0.0,0.010638297872340425,0.0,0.094,0.216,1,11,752,1728
hash_table_size65536_seed3_loads,hash,1000,2,WAM,0.000293603924961805,0.0305,0.2723333333333333,0.0,0.0,0.001,0.17371296922900525,0.0,0.17371296922900525,0.0,0.0,0.0,0.0,0.09204602301150576,10.197624118712957,0.011011011011011011,855.0,385.3203883495146,1,0.0,0.0,0.0,0.004739336492890996,0.103,0.211,0,5,824,1688
hash_table_size65536_seed4_loads,hash,100,0,GMC-style,-0.0008663006058091671,0.08,0.20333333333333334,0.0,0.0,0.01,0.17228740456049085,0.0,0.17228740456049085,0.0,0.0,0.0,0.0,0.09304652326163082,10.164401241074982,0.0,92.0,237.63879598662209,1,0.0,0.0,0.0,0.0,0.04,0.16,0,0,32,128
hash_table_size65536_seed4_loads,hash,100,1,WAM,0.009214955762400168,0.06,0.235,0.0,0.0,0.01,0.17228740456049085,0.0,0.17228740456049085,0.0,0.0,0.0,0.0,0.09304652326163082,10.164401241074982,0.0,94.0,228.25,1.0,0.0,0.0,0.0,0.05263157894736842,0.02,0.19,0,0,16,152
hash_table_size65536_seed4_loads,hash,100,2,GMC-style,-0.0006454731742722153,0.18,0.25166666666666665,0.0,0.0,0.01,0.17228740456049085,0.0,0.17228740456049085,0.0,0.0,0.0,0.0,0.09304652326163082,10.164401241074982,0.020202020202020204,82.0,221.9185667752443,1,0.0,0.0,0.0,0.0,0.07,0.15,0,0,56,120
hash_table_size65536_seed4_loads,hash,500,0,GMC-style,-0.003260330527588451,0.098,0.23773333333333332,0.0,0.0,0.002,0.17228740456049085,0.0,0.17228740456049085,0.0,0.0,0.0,0.0,0.09304652326163082,10.164401241074982,0.004008016032064128,448.0,319.6798941798942,1.0,0.0,0.0,0.043478260869565216,0.0,0.046,0.194,0,1,184,776
hash_table_size65536_seed4_loads,hash,500,1,WAM,0.0008103972230498746,0.1,0.24322222222222223,0.0,0.0,0.002,0.17228740456049085,0.0,0.17228740456049085,0.0,0.0,0.0,0.0,0.09304652326163082,10.164401241074982,0.008016032064128256,442.0,303.0182291666667,1.0,0.0,0.0,0.0,0.009433962264150943,0.044,0.212,0,2,176,848
hash_table_size65536_seed4_loads,hash,500,2,GMC-style,-0.0011516659516040972,0.13,0.26795238095238094,0.0,0.0,0.002,0.17228740456049085,0.0,0.17228740456049085,0.0,0.0,0.0,0.0,0.09304652326163082,10.164401241074982,0.018036072144288578,431.0,308.0251256281407,1.0,0.0,0.0,0.0,0.0,0.062,0.212,0,4,248,848
hash_table_size65536_seed4_loads,hash,1000,0,GMC-style,-9.152477022467131e-05,0.111,0.27195,0.0,0.0,0.001,0.17228740456049085,0.0,0.17228740456049085,0.0,0.0,0.0,0.0,0.09304652326163082,10.164401241074982,0.005005005005005005,869.0,398.5221774193548,1.0,0.0,0.0,0.018867924528301886,0.009478672985781991,0.053,0.211,0,5,424,1688
hash_table_size65536_seed4_loads,hash,1000,1,GMC-style,-0.0002063415113023881,0.109,0.2597777777777778,0.0,0.0,0.001,0.17228740456049085,0.0,0.17228740456049085,0.0,0.0,0.0,0.0,0.09304652326163082,10.164401241074982,0.008008008008008008,864.0,405.349609375,1.0,0.0,0.0,0.0,0.0045662100456621,0.054,0.219,0,5,432,1752
hash_table_size65536_seed4_loads,hash,1000,2,GMC-style,-0.001160552791539926,0.135,0.26489285714285715,0.0,0.0,0.001,0.17228740456049085,0.0,0.17228740456049085,0.0,0.0,0.0,0.0,0.09304652326163082,10.164401241074982,0.018018018018018018,847.0,382.7586206896552,1.0,0.0,0.0,0.015151515151515152,0.0,0.066,0.207,0,9,528,1656
linked_list_size65536_seed0_loads,pointer_chasing,100,0,GMC-style,-1.8164116828929067,1.0,0.0,0.75,0.0,0.01,0.8106291019595655,0.0,0.8106291019595655,0.0,0.0,0.0,0.0,0.7503751875937968,0.810682924459406,0.24242424242424243,25.0,1,1,0.3333333333333333,0.0,1.0,0.0,0.21,0.0,0,0,168,0
linked_list_size65536_seed0_loads,pointer_chasing,100,1,GMC-style,-1.8164116828929067,0.99,0.0,0.7380952380952381,0.0,0.01,0.8106291019595655,0.0,0.8106291019595655,0.0,0.0,0.0,0.0,0.7503751875937968,0.810682924459406,0.24242424242424243,25.0,1,1,0.3333333333333333,0.0,1.0,0.0,0.21,0.0,0,0,168,0
linked_list_size65536_seed0_loads,pointer_chasing,100,2,GMC-style,-1.8164116828929067,0.99,0.0,0.7380952380952381,0.0,0.01,0.8106291019595655,0.0,0.8106291019595655,0.0,0.0,0.0,0.0,0.7503751875937968,0.810682924459406,0.24242424242424243,25.0,1,1,0.3333333333333333,0.0,1.0,0.0,0.21,0.0,0,0,168,0
linked_list_size65536_seed0_loads,pointer_chasing,500,0,GMC-style,-2.8294251134644477,1.0,0.0,0.75,0.0,0.002,0.8106291019595655,0.0,0.8106291019595655,0.0,0.0,0.0,0.0,0.7503751875937968,0.810682924459406,0.24849699398797595,125.0,1,1,0.2644628099173554,0.0,1.0,0.0,0.242,0.0,0,0,968,0
linked_list_size65536_seed0_loads,pointer_chasing,500,1,GMC-style,-2.8294251134644477,0.998,0.0,0.7479338842975206,0.0,0.002,0.8106291019595655,0.0,0.8106291019595655,0.0,0.0,0.0,0.0,0.7503751875937968,0.810682924459406,0.24849699398797595,125.0,1,1,0.2644628099173554,0.0,1.0,0.0,0.242,0.0,0,0,968,0
linked_list_size65536_seed0_loads,pointer_chasing,500,2,GMC-style,-2.8294251134644477,0.998,0.0,0.7479338842975206,0.0,0.002,0.8106291019595655,0.0,0.8106291019595655,0.0,0.0,0.0,0.0,0.7503751875937968,0.810682924459406,0.24849699398797595,125.0,1,1,0.2644628099173554,0.0,1.0,0.0,0.242,0.0,0,0,968,0
linked_list_size65536_seed0_loads,pointer_chasing,1000,0,GMC-style,-3.018255779343189,1.0,0.0,0.75,0.0,0.001,0.8106291019595655,0.0,0.8106291019595655,0.0,0.0,0.0,0.0,0.7503751875937968,0.810682924459406,0.24924924924924924,250.0,1,1.0,0.25609756097560976,0.0,1.0,0.0,0.246,0.0,0,0,1968,0
linked_list_size65536_seed0_loads,pointer_chasing,1000,1,GMC-style,-3.018255779343189,0.999,0.0,0.7489837398373984,0.0,0.001,0.8106291019595655,0.0,0.8106291019595655,0.0,0.0,0.0,0.0,0.7503751875937968,0.810682924459406,0.24924924924924924,250.0,1,1.0,0.25609756097560976,0.0,1.0,0.0,0.246,0.0,0,0,1968,0
linked_list_size65536_seed0_loads,pointer_chasing,1000,2,GMC-style,-3.018255779343189,0.999,0.0,0.7489837398373984,0.0,0.001,0.8106291019595655,0.0,0.8106291019595655,0.0,0.0,0.0,0.0,0.7503751875937968,0.810682924459406,0.24924924924924924,250.0,1,1.0,0.25609756097560976,0.0,1.0,0.0,0.246,0.0,0,0,1968,0
linked_list_size65536_seed1_loads,pointer_chasing,100,0,GMC-style,-1.8164116828929067,1.0,0.0,0.75,0.0,0.01,0.8106291019595655,0.0,0.8106291019595655,0.0,0.0,0.0,0.0,0.7503751875937968,0.810682924459406,0.24242424242424243,25.0,1,1,0.3333333333333333,0.0,1.0,0.0,0.21,0.0,0,0,168,0
linked_list_size65536_seed1_loads,pointer_chasing,100,1,GMC-style,-1.8164116828929067,0.99,0.0,0.7380952380952381,0.0,0.01,0.8106291019595655,0.0,0.8106291019595655,0.0,0.0,0.0,0.0,0.7503751875937968,0.810682924459406,0.24242424242424243,25.0,1,1,0.3333333333333333,0.0,1.0,0.0,0.21,0.0,0,0,168,0
linked_list_size65536_seed1_loads,pointer_chasing,100,2,GMC-style,-1.8164116828929067,0.99,0.0,0.7380952380952381,0.0,0.01,0.8106291019595655,0.0,0.8106291019595655,0.0,0.0,0.0,0.0,0.7503751875937968,0.810682924459406,0.24242424242424243,25.0,1,1,0.3333333333333333,0.0,1.0,0.0,0.21,0.0,0,0,168,0
linked_list_size65536_seed1_loads,pointer_chasing,500,0,GMC-style,-2.8294251134644477,1.0,0.0,0.75,0.0,0.002,0.8106291019595655,0.0,0.8106291019595655,0.0,0.0,0.0,0.0,0.7503751875937968,0.810682924459406,0.24849699398797595,125.0,1,1,0.2644628099173554,0.0,1.0,0.0,0.242,0.0,0,0,968,0
linked_list_size65536_seed1_loads,pointer_chasing,500,1,GMC-style,-2.8294251134644477,0.998,0.0,0.7479338842975206,0.0,0.002,0.8106291019595655,0.0,0.8106291019595655,0.0,0.0,0.0,0.0,0.7503751875937968,0.810682924459406,0.24849699398797595,125.0,1,1,0.2644628099173554,0.0,1.0,0.0,0.242,0.0,0,0,968,0
linked_list_size65536_seed1_loads,pointer_chasing,500,2,GMC-style,-2.8294251134644477,0.998,0.0,0.7479338842975206,0.0,0.002,0.8106291019595655,0.0,0.8106291019595655,0.0,0.0,0.0,0.0,0.7503751875937968,0.810682924459406,0.24849699398797595,125.0,1,1,0.2644628099173554,0.0,1.0,0.0,0.242,0.0,0,0,968,0
linked_list_size65536_seed1_loads,pointer_chasing,1000,0,GMC-style,-3.018255779343189,1.0,0.0,0.75,0.0,0.001,0.8106291019595655,0.0,0.8106291019595655,0.0,0.0,0.0,0.0,0.7503751875937968,0.810682924459406,0.24924924924924924,250.0,1,1.0,0.25609756097560976,0.0,1.0,0.0,0.246,0.0,0,0,1968,0
linked_list_size65536_seed1_loads,pointer_chasing,1000,1,GMC-style,-3.018255779343189,0.999,0.0,0.7489837398373984,0.0,0.001,0.8106291019595655,0.0,0.8106291019595655,0.0,0.0,0.0,0.0,0.7503751875937968,0.810682924459406,0.24924924924924924,250.0,1,1.0,0.25609756097560976,0.0,1.0,0.0,0.246,0.0,0,0,1968,0
linked_list_size65536_seed1_loads,pointer_chasing,1000,2,GMC-style,-3.018255779343189,0.999,0.0,0.7489837398373984,0.0,0.001,0.8106291019595655,0.0,0.8106291019595655,0.0,0.0,0.0,0.0,0.7503751875937968,0.810682924459406,0.24924924924924924,250.0,1,1.0,0.25609756097560976,0.0,1.0,0.0,0.246,0.0,0,0,1968,0
linked_list_size65536_seed2_loads,pointer_chasing,100,0,GMC-style,-1.8164116828929067,1.0,0.0,0.75,0.0,0.01,0.8106291019595655,0.0,0.8106291019595655,0.0,0.0,0.0,0.0,0.7503751875937968,0.810682924459406,0.24242424242424243,25.0,1,1,0.3333333333333333,0.0,1.0,0.0,0.21,0.0,0,0,168,0
linked_list_size65536_seed2_loads,pointer_chasing,100,1,GMC-style,-1.8164116828929067,0.99,0.0,0.7380952380952381,0.0,0.01,0.8106291019595655,0.0,0.8106291019595655,0.0,0.0,0.0,0.0,0.7503751875937968,0.810682924459406,0.24242424242424243,25.0,1,1,0.3333333333333333,0.0,1.0,0.0,0.21,0.0,0,0,168,0
linked_list_size65536_seed2_loads,pointer_chasing,100,2,GMC-style,-1.8164116828929067,0.99,0.0,0.7380952380952381,0.0,0.01,0.8106291019595655,0.0,0.8106291019595655,0.0,0.0,0.0,0.0,0.7503751875937968,0.810682924459406,0.24242424242424243,25.0,1,1,0.3333333333333333,0.0,1.0,0.0,0.21,0.0,0,0,168,0
linked_list_size65536_seed2_loads,pointer_chasing,500,0,GMC-style,-2.8294251134644477,1.0,0.0,0.75,0.0,0.002,0.8106291019595655,0.0,0.8106291019595655,0.0,0.0,0.0,0.0,0.7503751875937968,0.810682924459406,0.24849699398797595,125.0,1,1,0.2644628099173554,0.0,1.0,0.0,0.242,0.0,0,0,968,0
linked_list_size65536_seed2_loads,pointer_chasing,500,1,GMC-style,-2.8294251134644477,0.998,0.0,0.7479338842975206,0.0,0.002,0.8106291019595655,0.0,0.8106291019595655,0.0,0.0,0.0,0.0,0.7503751875937968,0.810682924459406,0.24849699398797595,125.0,1,1,0.2644628099173554,0.0,1.0,0.0,0.242,0.0,0,0,968,0
linked_list_size65536_seed2_loads,pointer_chasing,500,2,GMC-style,-2.8294251134644477,0.998,0.0,0.7479338842975206,0.0,0.002,0.8106291019595655,0.0,0.8106291019595655,0.0,0.0,0.0,0.0,0.7503751875937968,0.810682924459406,0.24849699398797595,125.0,1,1,0.2644628099173554,0.0,1.0,0.0,0.242,0.0,0,0,968,0
linked_list_size65536_seed2_loads,pointer_chasing,1000,0,GMC-style,-3.018255779343189,1.0,0.0,0.75,0.0,0.001,0.8106291019595655,0.0,0.8106291019595655,0.0,0.0,0.0,0.0,0.7503751875937968,0.810682924459406,0.24924924924924924,250.0,1,1.0,0.25609756097560976,0.0,1.0,0.0,0.246,0.0,0,0,1968,0
linked_list_size65536_seed2_loads,pointer_chasing,1000,1,GMC-style,-3.018255779343189,0.999,0.0,0.7489837398373984,0.0,0.001,0.8106291019595655,0.0,0.8106291019595655,0.0,0.0,0.0,0.0,0.7503751875937968,0.810682924459406,0.24924924924924924,250.0,1,1.0,0.25609756097560976,0.0,1.0,0.0,0.246,0.0,0,0,1968,0
linked_list_size65536_seed2_loads,pointer_chasing,1000,2,GMC-style,-3.018255779343189,0.999,0.0,0.7489837398373984,0.0,0.001,0.8106291019595655,0.0,0.8106291019595655,0.0,0.0,0.0,0.0,0.7503751875937968,0.810682924459406,0.24924924924924924,250.0,1,1.0,0.25609756097560976,0.0,1.0,0.0,0.246,0.0,0,0,1968,0
linked_list_size65536_seed3_loads,pointer_chasing,100,0,GMC-style,-1.8164116828929067,1.0,0.0,0.75,0.0,0.01,0.8106291019595655,0.0,0.8106291019595655,0.0,0.0,0.0,0.0,0.7503751875937968,0.810682924459406,0.24242424242424243,25.0,1,1,0.3333333333333333,0.0,1.0,0.0,0.21,0.0,0,0,168,0
linked_list_size65536_seed3_loads,pointer_chasing,100,1,GMC-style,-1.8164116828929067,0.99,0.0,0.7380952380952381,0.0,0.01,0.8106291019595655,0.0,0.8106291019595655,0.0,0.0,0.0,0.0,0.7503751875937968,0.810682924459406,0.24242424242424243,25.0,1,1,0.3333333333333333,0.0,1.0,0.0,0.21,0.0,0,0,168,0
linked_list_size65536_seed3_loads,pointer_chasing,100,2,GMC-style,-1.8164116828929067,0.99,0.0,0.7380952380952381,0.0,0.01,0.8106291019595655,0.0,0.8106291019595655,0.0,0.0,0.0,0.0,0.7503751875937968,0.810682924459406,0.24242424242424243,25.0,1,1,0.3333333333333333,0.0,1.0,0.0,0.21,0.0,0,0,168,0
linked_list_size65536_seed3_loads,pointer_chasing,500,0,GMC-style,-2.8294251134644477,1.0,0.0,0.75,0.0,0.002,0.8106291019595655,0.0,0.8106291019595655,0.0,0.0,0.0,0.0,0.7503751875937968,0.810682924459406,0.24849699398797595,125.0,1,1,0.2644628099173554,0.0,1.0,0.0,0.242,0.0,0,0,968,0
linked_list_size65536_seed3_loads,pointer_chasing,500,1,GMC-style,-2.8294251134644477,0.998,0.0,0.7479338842975206,0.0,0.002,0.8106291019595655,0.0,0.8106291019595655,0.0,0.0,0.0,0.0,0.7503751875937968,0.810682924459406,0.24849699398797595,125.0,1,1,0.2644628099173554,0.0,1.0,0.0,0.242,0.0,0,0,968,0
linked_list_size65536_seed3_loads,pointer_chasing,500,2,GMC-style,-2.8294251134644477,0.998,0.0,0.7479338842975206,0.0,0.002,0.8106291019595655,0.0,0.8106291019595655,0.0,0.0,0.0,0.0,0.7503751875937968,0.810682924459406,0.24849699398797595,125.0,1,1,0.2644628099173554,0.0,1.0,0.0,0.242,0.0,0,0,968,0
linked_list_size65536_seed3_loads,pointer_chasing,1000,0,GMC-style,-3.018255779343189,1.0,0.0,0.75,0.0,0.001,0.8106291019595655,0.0,0.8106291019595655,0.0,0.0,0.0,0.0,0.7503751875937968,0.810682924459406,0.24924924924924924,250.0,1,1.0,0.25609756097560976,0.0,1.0,0.0,0.246,0.0,0,0,1968,0
linked_list_size65536_seed3_loads,pointer_chasing,1000,1,GMC-style,-3.018255779343189,0.999,0.0,0.7489837398373984,0.0,0.001,0.8106291019595655,0.0,0.8106291019595655,0.0,0.0,0.0,0.0,0.7503751875937968,0.810682924459406,0.24924924924924924,250.0,1,1.0,0.25609756097560976,0.0,1.0,0.0,0.246,0.0,0,0,1968,0
linked_list_size65536_seed3_loads,pointer_chasing,1000,2,GMC-style,-3.018255779343189,0.999,0.0,0.7489837398373984,0.0,0.001,0.8106291019595655,0.0,0.8106291019595655,0.0,0.0,0.0,0.0,0.7503751875937968,0.810682924459406,0.24924924924924924,250.0,1,1.0,0.25609756097560976,0.0,1.0,0.0,0.246,0.0,0,0,1968,0
linked_list_size65536_seed4_loads,pointer_chasing,100,0,GMC-style,-1.8164116828929067,1.0,0.0,0.75,0.0,0.01,0.8106291019595655,0.0,0.8106291019595655,0.0,0.0,0.0,0.0,0.7503751875937968,0.810682924459406,0.24242424242424243,25.0,1,1,0.3333333333333333,0.0,1.0,0.0,0.21,0.0,0,0,168,0
linked_list_size65536_seed4_loads,pointer_chasing,100,1,GMC-style,-1.8164116828929067,0.99,0.0,0.7380952380952381,0.0,0.01,0.8106291019595655,0.0,0.8106291019595655,0.0,0.0,0.0,0.0,0.7503751875937968,0.810682924459406,0.24242424242424243,25.0,1,1,0.3333333333333333,0.0,1.0,0.0,0.21,0.0,0,0,168,0
linked_list_size65536_seed4_loads,pointer_chasing,100,2,GMC-style,-1.8164116828929067,0.99,0.0,0.7380952380952381,0.0,0.01,0.8106291019595655,0.0,0.8106291019595655,0.0,0.0,0.0,0.0,0.7503751875937968,0.810682924459406,0.24242424242424243,25.0,1,1,0.3333333333333333,0.0,1.0,0.0,0.21,0.0,0,0,168,0
linked_list_size65536_seed4_loads,pointer_chasing,500,0,GMC-style,-2.8294251134644477,1.0,0.0,0.75,0.0,0.002,0.8106291019595655,0.0,0.8106291019595655,0.0,0.0,0.0,0.0,0.7503751875937968,0.810682924459406,0.24849699398797595,125.0,1,1,0.2644628099173554,0.0,1.0,0.0,0.242,0.0,0,0,968,0
linked_list_size65536_seed4_loads,pointer_chasing,500,1,GMC-style,-2.8294251134644477,0.998,0.0,0.7479338842975206,0.0,0.002,0.8106291019595655,0.0,0.8106291019595655,0.0,0.0,0.0,0.0,0.7503751875937968,0.810682924459406,0.24849699398797595,125.0,1,1,0.2644628099173554,0.0,1.0,0.0,0.242,0.0,0,0,968,0
linked_list_size65536_seed4_loads,pointer_chasing,500,2,GMC-style,-2.8294251134644477,0.998,0.0,0.7479338842975206,0.0,0.002,0.8106291019595655,0.0,0.8106291019595655,0.0,0.0,0.0,0.0,0.7503751875937968,0.810682924459406,0.24849699398797595,125.0,1,1,0.2644628099173554,0.0,1.0,0.0,0.242,0.0,0,0,968,0
linked_list_size65536_seed4_loads,pointer_chasing,1000,0,GMC-style,-3.018255779343189,1.0,0.0,0.75,0.0,0.001,0.8106291019595655,0.0,0.8106291019595655,0.0,0.0,0.0,0.0,0.7503751875937968,0.810682924459406,0.24924924924924924,250.0,1,1.0,0.25609756097560976,0.0,1.0,0.0,0.246,0.0,0,0,1968,0
linked_list_size65536_seed4_loads,pointer_chasing,1000,1,GMC-style,-3.018255779343189,0.999,0.0,0.7489837398373984,0.0,0.001,0.8106291019595655,0.0,0.8106291019595655,0.0,0.0,0.0,0.0,0.7503751875937968,0.810682924459406,0.24924924924924924,250.0,1,1.0,0.25609756097560976,0.0,1.0,0.0,0.246,0.0,0,0,1968,0
linked_list_size65536_seed4_loads,pointer_chasing,1000,2,GMC-style,-3.018255779343189,0.999,0.0,0.7489837398373984,0.0,0.001,0.8106291019595655,0.0,0.8106291019595655,0.0,0.0,0.0,0.0,0.7503751875937968,0.810682924459406,0.24924924924924924,250.0,1,1.0,0.25609756097560976,0.0,1.0,0.0,0.246,0.0,0,0,1968,0
matrix_scan_size512_seed0_loads,dynamic_programming,100,0,GMC-style,-1.0087412587412588,1.0,0.0,0.8690476190476191,0.0,0.01,0.542694740090477,0.0,0.542694740090477,0.0,0.0,0.0,0.0,0.8754377188594297,0.5423343461171081,0.12121212121212122,13.0,1,1,0.5454545454545454,0.0,1.0,0.0,0.11,0.0,0,0,88,0
matrix_scan_size512_seed0_loads,dynamic_programming,100,1,GMC-style,-1.0087412587412588,0.99,0.0,0.8571428571428571,0.0,0.01,0.542694740090477,0.0,0.542694740090477,0.0,0.0,0.0,0.0,0.8754377188594297,0.5423343461171081,0.12121212121212122,13.0,1,1,0.5454545454545454,0.0,1.0,0.0,0.11,0.0,0,0,88,0
matrix_scan_size512_seed0_loads,dynamic_programming,100,2,GMC-style,-1.0087412587412588,0.99,0.0,0.8571428571428571,0.0,0.01,0.542694740090477,0.0,0.542694740090477,0.0,0.0,0.0,0.0,0.8754377188594297,0.5423343461171081,0.12121212121212122,13.0,1,1,0.5454545454545454,0.0,1.0,0.0,0.11,0.0,0,0,88,0
matrix_scan_size512_seed0_loads,dynamic_programming,500,0,GMC-style,-1.2422907488986783,1.0,0.0,0.8739669421487604,0.0,0.002,0.542694740090477,0.0,0.542694740090477,0.0,0.0,0.0,0.0,0.8754377188594297,0.5423343461171081,0.12424849699398798,63.0,1,1,0.5081967213114754,0.0,1.0,0.0,0.122,0.0,0,0,488,0
matrix_scan_size512_seed0_loads,dynamic_programming,500,1,GMC-style,-1.2422907488986783,0.998,0.0,0.871900826446281,0.0,0.002,0.542694740090477,0.0,0.542694740090477,0.0,0.0,0.0,0.0,0.8754377188594297,0.5423343461171081,0.12424849699398798,63.0,1,1,0.5081967213114754,0.0,1.0,0.0,0.122,0.0,0,0,488,0
matrix_scan_size512_seed0_loads,dynamic_programming,500,2,GMC-style,-1.2422907488986783,0.998,0.0,0.871900826446281,0.0,0.002,0.542694740090477,0.0,0.542694740090477,0.0,0.0,0.0,0.0,0.8754377188594297,0.5423343461171081,0.12424849699398798,63.0,1,1,0.5081967213114754,0.0,1.0,0.0,0.122,0.0,0,0,488,0
matrix_scan_size512_seed0_loads,dynamic_programming,1000,0,GMC-style,-1.2741210139002455,1.0,0.0,0.875,0.0,0.001,0.542694740090477,0.0,0.542694740090477,0.0,0.0,0.0,0.0,0.8754377188594297,0.5423343461171081,0.12412412412412413,125.0,1,1,0.5040650406504065,0.0,1.0,0.0,0.123,0.0,0,0,984,0
matrix_scan_size512_seed0_loads,dynamic_programming,1000,1,GMC-style,-1.2741210139002455,0.999,0.0,0.8739837398373984,0.0,0.001,0.542694740090477,0.0,0.542694740090477,0.0,0.0,0.0,0.0,0.8754377188594297,0.5423343461171081,0.12412412412412413,125.0,1,1,0.5040650406504065,0.0,1.0,0.0,0.123,0.0,0,0,984,0
matrix_scan_size512_seed0_loads,dynamic_programming,1000,2,GMC-style,-1.2741210139002455,0.999,0.0,0.8739837398373984,0.0,0.001,0.542694740090477,0.0,0.542694740090477,0.0,0.0,0.0,0.0,0.8754377188594297,0.5423343461171081,0.12412412412412413,125.0,1,1,0.5040650406504065,0.0,1.0,0.0,0.123,0.0,0,0,984,0
pointer_chase_size65536_seed0_loads,pointer_chasing,100,0,WAM,1.0406587525487272,0.32,1.0,0.0,0.0,0.16279069767441862,0.0,0.0,0.0,0.0,0.0,0.0,0.0,0.01200600300150075,6.426020123093454,0.0,86.0,86,86.0,0.2916666666666667,0.018867924528301886,1.0,1.0,0.24,0.53,0,0,192,424
pointer_chase_size65536_seed0_loads,pointer_chasing,100,1,WAM,1.0607342442968837,0.44,1.0,0.0,0.0,0.010101010101010102,0.0,0.0,0.0,0.0,0.0,0.0,0.0,0.01200600300150075,6.426020123093454,0.0,86.0,86,86.0,0.34782608695652173,0.018867924528301886,1.0,1.0,0.23,0.53,0,0,184,424
pointer_chase_size65536_seed0_loads,pointer_chasing,100,2,WAM,1.1915473218697488,0.39,1.0,0.0,0.0,0.010101010101010102,0.0,0.0,0.0,0.0,0.0,0.0,0.0,0.01200600300150075,6.426020123093454,0.0,86.0,86,86.0,0.0,0.018867924528301886,1.0,1.0,0.15,0.53,0,0,120,424
pointer_chase_size65536_seed0_loads,pointer_chasing,500,0,WAM,0.24326267140569935,0.382,1.0,0.0,0.0,1.0,0.0,0.0,0.0,0.0,0.0,0.0,0.0,0.01200600300150075,6.426020123093454,0.0,86.0,86,86.0,0.37373737373737376,0.2843601895734597,1.0,1.0,0.198,0.422,0,0,792,1688
pointer_chase_size65536_seed0_loads,pointer_chasing,500,1,WAM,0.254133236781255,0.382,1.0,0.0,0.0,0.8514851485148515,0.0,0.0,0.0,0.0,0.0,0.0,0.0,0.01200600300150075,6.426020123093454,0.0,86.0,86,86.0,0.3979591836734694,0.2843601895734597,1.0,1.0,0.196,0.422,0,0,784,1688
pointer_chase_size65536_seed0_loads,pointer_chasing,500,2,WAM,0.24149521065386148,0.384,1.0,0.0,0.0,0.8514851485148515,0.0,0.0,0.0,0.0,0.0,0.0,0.0,0.01200600300150075,6.426020123093454,0.0,86.0,86,86.0,0.37254901960784315,0.2843601895734597,1.0,1.0,0.204,0.422,0,0,816,1688
pointer_chase_size65536_seed0_loads,pointer_chasing,1000,0,WAM,0.18991887784492345,0.367,1.0,0.0,0.0,1.0,0.0,0.0,0.0,0.0,0.0,0.0,0.0,0.01200600300150075,6.426020123093454,0.0,86.0,86,86.0,0.3967391304347826,0.35279187817258884,1.0,1.0,0.184,0.394,0,0,1472,3152
pointer_chase_size65536_seed0_loads,pointer_chasing,1000,1,WAM,0.24972036961376576,0.367,1.0,0.0,0.0,0.8514851485148515,0.0,0.0,0.0,0.0,0.0,0.0,0.0,0.01200600300150075,6.426020123093454,0.0,86.0,86,86.0,0.424,0.35279187817258884,1.0,1.0,0.125,0.394,0,0,1000,3152
pointer_chase_size65536_seed0_loads,pointer_chasing,1000,2,WAM,0.1871231967187601,0.384,1.0,0.0,0.0,0.8514851485148515,0.0,0.0,0.0,0.0,0.0,0.0,0.0,0.01200600300150075,6.426020123093454,0.0,86.0,86,86.0,0.40404040404040403,0.35279187817258884,1.0,1.0,0.198,0.394,0,0,1584,3152
pointer_chase_size65536_seed1_loads,pointer_chasing,100,0,WAM,1.0406587525487272,0.32,1.0,0.0,0.0,0.16279069767441862,0.0,0.0,0.0,0.0,0.0,0.0,0.0,0.01200600300150075,6.426020123093454,0.0,86.0,86,86.0,0.2916666666666667,0.018867924528301886,1.0,1.0,0.24,0.53,0,0,192,424
pointer_chase_size65536_seed1_loads,pointer_chasing,100,1,WAM,1.0607342442968837,0.44,1.0,0.0,0.0,0.010101010101010102,0.0,0.0,0.0,0.0,0.0,0.0,0.0,0.01200600300150075,6.426020123093454,0.0,86.0,86,86.0,0.34782608695652173,0.018867924528301886,1.0,1.0,0.23,0.53,0,0,184,424
pointer_chase_size65536_seed1_loads,pointer_chasing,100,2,WAM,1.1915473218697488,0.39,1.0,0.0,0.0,0.010101010101010102,0.0,0.0,0.0,0.0,0.0,0.0,0.0,0.01200600300150075,6.426020123093454,0.0,86.0,86,86.0,0.0,0.018867924528301886,1.0,1.0,0.15,0.53,0,0,120,424
pointer_chase_size65536_seed1_loads,pointer_chasing,500,0,WAM,0.24326267140569935,0.382,1.0,0.0,0.0,1.0,0.0,0.0,0.0,0.0,0.0,0.0,0.0,0.01200600300150075,6.426020123093454,0.0,86.0,86,86.0,0.37373737373737376,0.2843601895734597,1.0,1.0,0.198,0.422,0,0,792,1688
pointer_chase_size65536_seed1_loads,pointer_chasing,500,1,WAM,0.254133236781255,0.382,1.0,0.0,0.0,0.8514851485148515,0.0,0.0,0.0,0.0,0.0,0.0,0.0,0.01200600300150075,6.426020123093454,0.0,86.0,86,86.0,0.3979591836734694,0.2843601895734597,1.0,1.0,0.196,0.422,0,0,784,1688
pointer_chase_size65536_seed1_loads,pointer_chasing,500,2,WAM,0.24149521065386148,0.384,1.0,0.0,0.0,0.8514851485148515,0.0,0.0,0.0,0.0,0.0,0.0,0.0,0.01200600300150075,6.426020123093454,0.0,86.0,86,86.0,0.37254901960784315,0.2843601895734597,1.0,1.0,0.204,0.422,0,0,816,1688
pointer_chase_size65536_seed1_loads,pointer_chasing,1000,0,WAM,0.18991887784492345,0.367,1.0,0.0,0.0,1.0,0.0,0.0,0.0,0.0,0.0,0.0,0.0,0.01200600300150075,6.426020123093454,0.0,86.0,86,86.0,0.3967391304347826,0.35279187817258884,1.0,1.0,0.184,0.394,0,0,1472,3152
pointer_chase_size65536_seed1_loads,pointer_chasing,1000,1,WAM,0.24972036961376576,0.367,1.0,0.0,0.0,0.8514851485148515,0.0,0.0,0.0,0.0,0.0,0.0,0.0,0.01200600300150075,6.426020123093454,0.0,86.0,86,86.0,0.424,0.35279187817258884,1.0,1.0,0.125,0.394,0,0,1000,3152
pointer_chase_size65536_seed1_loads,pointer_chasing,1000,2,WAM,0.1871231967187601,0.384,1.0,0.0,0.0,0.8514851485148515,0.0,0.0,0.0,0.0,0.0,0.0,0.0,0.01200600300150075,6.426020123093454,0.0,86.0,86,86.0,0.40404040404040403,0.35279187817258884,1.0,1.0,0.198,0.394,0,0,1584,3152
pointer_chase_size65536_seed2_loads,pointer_chasing,100,0,WAM,1.5853154084798344,0.0,1.0,0.0,0.0,0.01,0.0,0.0,0.0,0.0,0.0,0.0,0.0,0.006003001500750375,7.4747350930921925,0.0,100.0,178,178.0,0.0,0.015625,0.0,1.0,0.0,0.64,0,0,0,512
pointer_chase_size65536_seed2_loads,pointer_chasing,100,1,WAM,1.3091541016906563,0.32,1.0,0.0,0.0,0.01,0.0,0.0,0.0,0.0,0.0,0.0,0.0,0.006003001500750375,7.4747350930921925,0.0,100.0,174.04578563995838,178.0,0.34782608695652173,0.015625,1.0,1.0,0.23,0.64,0,0,184,512
pointer_chase_size65536_seed2_loads,pointer_chasing,100,2,WAM,1.5237442832144417,0.21,1.0,0.0,0.0,0.01,0.0,0.0,0.0,0.0,0.0,0.0,0.0,0.006003001500750375,7.4747350930921925,0.0,100.0,175.29448491155046,178.0,0.0,0.015625,1.0,1.0,0.06,0.64,0,0,48,512
pointer_chase_size65536_seed2_loads,pointer_chasing,500,0,WAM,0.6476400502349431,0.154,1.0,0.0,0.0,1.0,0.0,0.0,0.0,0.0,0.0,0.0,0.0,0.006003001500750375,7.4747350930921925,0.0,178.0,178,178.0,0.25,0.15018315018315018,1.0,1.0,0.08,0.546,0,0,320,2184
pointer_chase_size65536_seed2_loads,pointer_chasing,500,1,WAM,0.6450942238609016,0.192,1.0,0.0,0.0,0.9222797927461139,0.0,0.0,0.0,0.0,0.0,0.0,0.0,0.006003001500750375,7.4747350930921925,0.0,178.0,178,178.0,0.30357142857142855,0.15018315018315018,1.0,1.0,0.112,0.546,0,0,448,2184
pointer_chase_size65536_seed2_loads,pointer_chasing,500,2,WAM,0.6463686293259845,0.17,1.0,0.0,0.0,0.9222797927461139,0.0,0.0,0.0,0.0,0.0,0.0,0.0,0.006003001500750375,7.4747350930921925,0.0,178.0,178,178.0,0.2391304347826087,0.15018315018315018,1.0,1.0,0.092,0.546,0,0,368,2184
pointer_chase_size65536_seed2_loads,pointer_chasing,1000,0,WAM,0.41308664480035495,0.16,1.0,0.0,0.0,1.0,0.0,0.0,0.0,0.0,0.0,0.0,0.0,0.006003001500750375,7.4747350930921925,0.0,178.0,178,178.0,0.3522727272727273,0.2620545073375262,1.0,1.0,0.088,0.477,0,0,704,3816
pointer_chase_size65536_seed2_loads,pointer_chasing,1000,1,WAM,0.4109930486797011,0.192,1.0,0.0,0.0,0.9222797927461139,0.0,0.0,0.0,0.0,0.0,0.0,0.0,0.006003001500750375,7.4747350930921925,0.0,178.0,178,178.0,0.36538461538461536,0.2620545073375262,1.0,1.0,0.104,0.477,0,0,832,3816
pointer_chase_size65536_seed2_loads,pointer_chasing,1000,2,WAM,0.41204086421627295,0.181,1.0,0.0,0.0,0.9222797927461139,0.0,0.0,0.0,0.0,0.0,0.0,0.0,0.006003001500750375,7.4747350930921925,0.0,178.0,178,178.0,0.3404255319148936,0.2620545073375262,1.0,1.0,0.094,0.477,0,0,752,3816
pointer_chase_size65536_seed3_loads,pointer_chasing,100,0,tie,0.0,1.0,1.0,0.0,0.0,1.0,0.0,0.0,0.0,0.0,0.0,0.0,0.0,0.03151575787893947,4.999953982930126,0.0,32.0,32,32.0,0.0625,0.0625,1.0,1.0,0.16,0.16,0,0,128,128
pointer_chase_size65536_seed3_loads,pointer_chasing,100,1,WAM,0.034510205304082664,0.99,1.0,0.0,0.0,0.6808510638297872,0.0,0.0,0.0,0.0,0.0,0.0,0.0,0.03151575787893947,4.999953982930126,0.0,32.0,32,32.0,0.0,0.0625,1.0,1.0,0.15,0.16,0,0,120,128
pointer_chase_size65536_seed3_loads,pointer_chasing,100,2,WAM,0.034510205304082664,0.99,1.0,0.0,0.0,0.6808510638297872,0.0,0.0,0.0,0.0,0.0,0.0,0.0,0.03151575787893947,4.999953982930126,0.0,32.0,32,32.0,0.0,0.0625,1.0,1.0,0.15,0.16,0,0,120,128
pointer_chase_size65536_seed3_loads,pointer_chasing,500,0,tie,0.0,1.0,1.0,0.0,0.0,1.0,0.0,0.0,0.0,0.0,0.0,0.0,0.0,0.03151575787893947,4.999953982930126,0.0,32.0,32,32.0,0.0625,0.0625,1.0,1.0,0.032,0.032,0,0,128,128
pointer_chase_size65536_seed3_loads,pointer_chasing,500,1,WAM,0.01870856184390135,0.998,1.0,0.0,0.0,0.6808510638297872,0.0,0.0,0.0,0.0,0.0,0.0,0.0,0.03151575787893947,4.999953982930126,0.0,32.0,32,32.0,0.0,0.0625,1.0,1.0,0.03,0.032,0,0,120,128
pointer_chase_size65536_seed3_loads,pointer_chasing,500,2,WAM,0.01870856184390135,0.998,1.0,0.0,0.0,0.6808510638297872,0.0,0.0,0.0,0.0,0.0,0.0,0.0,0.03151575787893947,4.999953982930126,0.0,32.0,32,32.0,0.0,0.0625,1.0,1.0,0.03,0.032,0,0,120,128
pointer_chase_size65536_seed3_loads,pointer_chasing,1000,0,tie,0.0,1.0,1.0,0.0,0.0,1.0,0.0,0.0,0.0,0.0,0.0,0.0,0.0,0.03151575787893947,4.999953982930126,0.0,32.0,32,32.0,0.0625,0.0625,1.0,1.0,0.016,0.016,0,0,128,128
pointer_chase_size65536_seed3_loads,pointer_chasing,1000,1,WAM,0.011604892726694738,0.999,1.0,0.0,0.0,0.6808510638297872,0.0,0.0,0.0,0.0,0.0,0.0,0.0,0.03151575787893947,4.999953982930126,0.0,32.0,32,32.0,0.0,0.0625,1.0,1.0,0.015,0.016,0,0,120,128
pointer_chase_size65536_seed3_loads,pointer_chasing,1000,2,WAM,0.011604892726694738,0.999,1.0,0.0,0.0,0.6808510638297872,0.0,0.0,0.0,0.0,0.0,0.0,0.0,0.03151575787893947,4.999953982930126,0.0,32.0,32,32.0,0.0,0.0625,1.0,1.0,0.015,0.016,0,0,120,128
pointer_chase_size65536_seed4_loads,pointer_chasing,100,0,WAM,1.5853154084798344,0.0,1.0,0.0,0.0,0.01,0.01309686391396029,0.0,0.01309686391396029,0.0,0.0,0.0,0.0,0.004502251125562781,8.766195290935315,0.0,100.0,456.94397076735686,464.0,0.0,0.015625,0.0,1.0,0.0,0.64,0,0,0,512
pointer_chase_size65536_seed4_loads,pointer_chasing,100,1,WAM,1.5606603186082366,0.01,1.0,0.0,0.0,0.01,0.01309686391396029,0.0,0.01309686391396029,0.0,0.0,0.0,0.0,0.004502251125562781,8.766195290935315,0.0,99.0,450.20341047503047,464.0,0.0,0.015873015873015872,0.0,1.0,0.01,0.63,0,0,8,504
pointer_chase_size65536_seed4_loads,pointer_chasing,100,2,WAM,1.5606603186082366,0.01,1.0,0.0,0.0,0.01,0.01309686391396029,0.0,0.01309686391396029,0.0,0.0,0.0,0.0,0.004502251125562781,8.766195290935315,0.0,99.0,449.721071863581,464.0,0.0,0.015873015873015872,0.0,1.0,0.01,0.63,0,0,8,504
pointer_chase_size65536_seed4_loads,pointer_chasing,500,0,WAM,2.016828663005283,0.066,1.0,0.0,0.0,0.07758620689655173,0.01309686391396029,0.0,0.01309686391396029,0.0,0.0,0.0,0.0,0.004502251125562781,8.766195290935315,0.0,458.0,456.96278158667974,464.0,0.16666666666666666,0.011764705882352941,1.0,1.0,0.048,0.68,0,0,192,2720
pointer_chase_size65536_seed4_loads,pointer_chasing,500,1,WAM,1.9979210593611916,0.068,1.0,0.0,0.0,0.04384133611691023,0.01309686391396029,0.0,0.01309686391396029,0.0,0.0,0.0,0.0,0.004502251125562781,8.766195290935315,0.0,458.0,457.052889324192,464.0,0.16666666666666666,0.011764705882352941,0.96,1.0,0.05,0.68,1,0,200,2720
pointer_chase_size65536_seed4_loads,pointer_chasing,500,2,WAM,1.9979964143209383,0.066,1.0,0.0,0.0,0.04384133611691023,0.01309686391396029,0.0,0.01309686391396029,0.0,0.0,0.0,0.0,0.004502251125562781,8.766195290935315,0.0,458.0,457.16503428011754,464.0,0.16666666666666666,0.011764705882352941,1.0,1.0,0.048,0.68,0,0,192,2720
pointer_chase_size65536_seed4_loads,pointer_chasing,1000,0,WAM,1.3347738309929644,0.066,1.0,0.0,0.0,1.0,0.01309686391396029,0.0,0.01309686391396029,0.0,0.0,0.0,0.0,0.004502251125562781,8.766195290935315,0.0,458.0,457.2517702596381,464.0,0.21739130434782608,0.06478405315614617,1.0,1.0,0.046,0.602,0,0,368,4816
pointer_chase_size65536_seed4_loads,pointer_chasing,1000,1,WAM,1.3822144482336949,0.067,1.0,0.0,0.0,0.9686847599164927,0.01309686391396029,0.0,0.01309686391396029,0.0,0.0,0.0,0.0,0.004502251125562781,8.766195290935315,0.0,458.0,457.2391817466562,464.0,0.21739130434782608,0.07060755336617405,0.9787234042553191,1.0,0.047,0.609,1,0,376,4872
pointer_chase_size65536_seed4_loads,pointer_chasing,1000,2,WAM,1.3441655642830965,0.066,1.0,0.0,0.0,0.9686847599164927,0.01309686391396029,0.0,0.01309686391396029,0.0,0.0,0.0,0.0,0.004502251125562781,8.766195290935315,0.0,458.0,457.3292682926829,464.0,0.21739130434782608,0.0859504132231405,1.0,1.0,0.046,0.605,0,0,368,4840
quicksort_size65536_seed0_loads,sorting,100,0,tie,0.0,0.058666666666666666,0.05,0.0,0.0,0.01,1.4573161240292987,0.0,1.4573161240292987,0.0,0.0,0.0,0.0,0.29964982491245623,6.48054249764168,0.020202020202020204,9.0,2.011954261954262,2.0,0.0,0.0,0.0,0.0,0.01,0.01,0,0,8,8
quicksort_size65536_seed0_loads,sorting,100,1,WAM,0.002908667830133771,0.068,0.005,0.0,0.0,0.01,1.4573161240292987,0.0,1.4573161240292987,0.0,0.0,0.0,0.0,0.29964982491245623,6.48054249764168,0.020202020202020204,9.0,2.0135275754422475,2.0,0.0,0.0,0.0,0.0,0.05,0.0,0,0,40,0
quicksort_size65536_seed0_loads,sorting,100,2,WAM,0.003215434083601254,0.07733333333333334,0.005,0.0,0.0,0.01,1.4573161240292987,0.0,1.4573161240292987,0.0,0.0,0.0,0.0,0.29964982491245623,6.48054249764168,0.04040404040404041,10.0,2.0109318063508588,2,0.0,0.0,0.0,0.0,0.06,0.0,0,0,48,0
quicksort_size65536_seed0_loads,sorting,500,0,GMC-style,-0.03948900902858088,0.074,0.01,0.002066115702479339,0.0,0.002,1.4573161240292987,0.0,1.4573161240292987,0.0,0.0,0.0,0.0,0.29964982491245623,6.48054249764168,0.018036072144288578,42.0,2.017023134002619,2,0.3333333333333333,0.0,0.11538461538461539,0.0,0.052,0.002,0,0,208,8
quicksort_size65536_seed0_loads,sorting,500,1,GMC-style,-0.004977540366638333,0.056133333333333334,0.001,0.0,0.0,0.002,1.4573161240292987,0.0,1.4573161240292987,0.0,0.0,0.0,0.0,0.29964982491245623,6.48054249764168,0.018036072144288578,43.0,2.015297202797203,2.0,1.0,0.0,0.041666666666666664,0.0,0.048,0.0,0,0,192,0
quicksort_size65536_seed0_loads,sorting,500,2,GMC-style,-0.014833885006742653,0.0576,0.001,0.0,0.0,0.006060606060606061,1.4573161240292987,0.0,1.4573161240292987,0.0,0.0,0.0,0.0,0.29964982491245623,6.48054249764168,0.028056112224448898,43.0,2.015297202797203,2.0,0.0,0.0,0.04,0.0,0.05,0.0,0,0,200,0
quicksort_size65536_seed0_loads,sorting,1000,0,GMC-style,-0.03684353053943301,0.0714,0.005,0.0020325203252032522,0.0,0.001,1.4573161240292987,0.0,1.4573161240292987,0.0,0.0,0.0,0.0,0.29964982491245623,6.48054249764168,0.022022022022022022,84.0,2.0149145143688614,2,0.2,0.0,0.10204081632653061,0.0,0.049,0.001,0,0,392,8
quicksort_size65536_seed0_loads,sorting,1000,1,GMC-style,-0.012909146527990245,0.07339999999999999,0.0005,0.0010162601626016261,0.0,0.001,1.4573161240292987,0.0,1.4573161240292987,0.0,0.0,0.0,0.0,0.29964982491245623,6.48054249764168,0.01701701701701702,86.0,2.0185792349726777,2,0.6666666666666666,0.0,0.05555555555555555,0.0,0.054,0.0,0,0,432,0
quicksort_size65536_seed0_loads,sorting,1000,2,GMC-style,-0.03401360544217691,0.0566,0.0005,0.0,0.0,0.003015075376884422,1.4573161240292987,0.0,1.4573161240292987,0.0,0.0,0.0,0.0,0.29964982491245623,6.48054249764168,0.026026026026026026,84.0,2.016745540589734,2,0.0,0.0,0.08163265306122448,0.0,0.049,0.0,0,0,392,0
quicksort_size65536_seed1_loads,sorting,100,0,tie,0.0,0.058666666666666666,0.05,0.0,0.0,0.01,1.4573161240292987,0.0,1.4573161240292987,0.0,0.0,0.0,0.0,0.29964982491245623,6.48054249764168,0.020202020202020204,9.0,2.011954261954262,2.0,0.0,0.0,0.0,0.0,0.01,0.01,0,0,8,8
quicksort_size65536_seed1_loads,sorting,100,1,WAM,0.002908667830133771,0.068,0.005,0.0,0.0,0.01,1.4573161240292987,0.0,1.4573161240292987,0.0,0.0,0.0,0.0,0.29964982491245623,6.48054249764168,0.020202020202020204,9.0,2.0135275754422475,2.0,0.0,0.0,0.0,0.0,0.05,0.0,0,0,40,0
quicksort_size65536_seed1_loads,sorting,100,2,WAM,0.003215434083601254,0.07733333333333334,0.005,0.0,0.0,0.01,1.4573161240292987,0.0,1.4573161240292987,0.0,0.0,0.0,0.0,0.29964982491245623,6.48054249764168,0.04040404040404041,10.0,2.0109318063508588,2,0.0,0.0,0.0,0.0,0.06,0.0,0,0,48,0
quicksort_size65536_seed1_loads,sorting,500,0,GMC-style,-0.03948900902858088,0.074,0.01,0.002066115702479339,0.0,0.002,1.4573161240292987,0.0,1.4573161240292987,0.0,0.0,0.0,0.0,0.29964982491245623,6.48054249764168,0.018036072144288578,42.0,2.017023134002619,2,0.3333333333333333,0.0,0.11538461538461539,0.0,0.052,0.002,0,0,208,8
quicksort_size65536_seed1_loads,sorting,500,1,GMC-style,-0.004977540366638333,0.056133333333333334,0.001,0.0,0.0,0.002,1.4573161240292987,0.0,1.4573161240292987,0.0,0.0,0.0,0.0,0.29964982491245623,6.48054249764168,0.018036072144288578,43.0,2.015297202797203,2.0,1.0,0.0,0.041666666666666664,0.0,0.048,0.0,0,0,192,0
quicksort_size65536_seed1_loads,sorting,500,2,GMC-style,-0.014833885006742653,0.0576,0.001,0.0,0.0,0.006060606060606061,1.4573161240292987,0.0,1.4573161240292987,0.0,0.0,0.0,0.0,0.29964982491245623,6.48054249764168,0.028056112224448898,43.0,2.015297202797203,2.0,0.0,0.0,0.04,0.0,0.05,0.0,0,0,200,0
quicksort_size65536_seed1_loads,sorting,1000,0,GMC-style,-0.03684353053943301,0.0714,0.005,0.0020325203252032522,0.0,0.001,1.4573161240292987,0.0,1.4573161240292987,0.0,0.0,0.0,0.0,0.29964982491245623,6.48054249764168,0.022022022022022022,84.0,2.0149145143688614,2,0.2,0.0,0.10204081632653061,0.0,0.049,0.001,0,0,392,8
quicksort_size65536_seed1_loads,sorting,1000,1,GMC-style,-0.012909146527990245,0.07339999999999999,0.0005,0.0010162601626016261,0.0,0.001,1.4573161240292987,0.0,1.4573161240292987,0.0,0.0,0.0,0.0,0.29964982491245623,6.48054249764168,0.01701701701701702,86.0,2.0185792349726777,2,0.6666666666666666,0.0,0.05555555555555555,0.0,0.054,0.0,0,0,432,0
quicksort_size65536_seed1_loads,sorting,1000,2,GMC-style,-0.03401360544217691,0.0566,0.0005,0.0,0.0,0.003015075376884422,1.4573161240292987,0.0,1.4573161240292987,0.0,0.0,0.0,0.0,0.29964982491245623,6.48054249764168,0.026026026026026026,84.0,2.016745540589734,2,0.0,0.0,0.08163265306122448,0.0,0.049,0.0,0,0,392,0
quicksort_size65536_seed2_loads,sorting,100,0,GMC-style,-0.6825645035183738,0.49089626239511824,0.0,0.3333333333333333,0.0,0.01,1.3033365513693498,0.00020008003201280514,1.303136471337337,0.0,0.0,0.0,0.0,0.4622311155577789,5.11486456263735,0.09090909090909091,12.0,2.0094886663152347,1,0.5,0.0,0.6666666666666666,0.0,0.12,0.0,0,0,96,0
quicksort_size65536_seed2_loads,sorting,100,1,GMC-style,-0.6308943089430894,0.3373531655225019,0.0,0.17857142857142858,0.0,0.01,1.3033365513693498,0.00020008003201280514,1.303136471337337,0.0,0.0,0.0,0.0,0.4622311155577789,5.11486456263735,0.0707070707070707,11.0,2.00210970464135,1.0,0.3333333333333333,0.0,0.75,0.0,0.08,0.0,0,0,64,0
quicksort_size65536_seed2_loads,sorting,100,2,GMC-style,-0.5,0.4042295957284516,0.0,0.27380952380952384,0.0,0.01,1.3033365513693498,0.00020008003201280514,1.303136471337337,0.0,0.0,0.0,0.0,0.4622311155577789,5.11486456263735,0.06060606060606061,13.0,1.9973600844772967,1.0,0.7142857142857143,0.0,0.7777777777777778,0.0,0.09,0.0,0,0,72,0
quicksort_size65536_seed2_loads,sorting,500,0,GMC-style,-0.9026186579378068,0.39332646834477497,0.0,0.2830578512396694,0.0,0.002,1.3033365513693498,0.00020008003201280514,1.303136471337337,0.0,0.0,0.0,0.0,0.4622311155577789,5.11486456263735,0.06613226452905811,50.0,2.0185922974767596,1,0.5641025641025641,0.0,0.8297872340425532,0.0,0.094,0.0,0,0,376,0
quicksort_size65536_seed2_loads,sorting,500,1,GMC-style,-0.880977239507204,0.3307673531655225,0.0,0.19834710743801653,0.0,0.002,1.3033365513693498,0.00020008003201280514,1.303136471337337,0.0,0.0,0.0,0.0,0.4622311155577789,5.11486456263735,0.06412825651302605,48.0,2.0088534749889333,1,0.42857142857142855,0.0,0.8536585365853658,0.0,0.082,0.0,0,0,328,0
quicksort_size65536_seed2_loads,sorting,500,2,GMC-style,-0.8798009950248755,0.4023600305110603,0.0,0.24173553719008264,0.0,0.002,1.3033365513693498,0.00020008003201280514,1.303136471337337,0.0,0.0,0.0,0.0,0.4622311155577789,5.11486456263735,0.06012024048096192,51.0,2.0057624113475176,1.0,0.6666666666666666,0.0,0.75,0.0,0.104,0.0,0,0,416,0
quicksort_size65536_seed2_loads,sorting,1000,0,GMC-style,-0.9919243438529382,0.41893096872616326,0.0,0.2916666666666667,0.0,0.001,1.3033365513693498,0.00020008003201280514,1.303136471337337,0.0,0.0,0.0,0.0,0.4622311155577789,5.11486456263735,0.07207207207207207,101.0,2.016248153618907,1.0,0.5060240963855421,0.0,0.8469387755102041,0.0,0.098,0.0,0,0,784,0
quicksort_size65536_seed2_loads,sorting,1000,1,GMC-style,-0.9573229873908826,0.35396834477498096,0.0,0.22967479674796748,0.0,0.001,1.3033365513693498,0.00020008003201280514,1.303136471337337,0.0,0.0,0.0,0.0,0.4622311155577789,5.11486456263735,0.06706706706706707,97.0,2.0092250922509227,1.0,0.48,0.0,0.9036144578313253,0.0,0.083,0.0,0,0,664,0
quicksort_size65536_seed2_loads,sorting,1000,2,GMC-style,-0.9562123700054734,0.3364591914569031,0.0,0.17276422764227642,0.0,0.001,1.3033365513693498,0.00020008003201280514,1.303136471337337,0.0,0.0,0.0,0.0,0.4622311155577789,5.11486456263735,0.055055055055055056,95.0,2.006637168141593,2.0,0.5205479452054794,0.0,0.8390804597701149,0.0,0.087,0.0,0,0,696,0
quicksort_size65536_seed3_loads,sorting,100,0,GMC-style,-0.3566739606126914,0.34800000000000003,0.0,0.09523809523809523,0.0,0.01,1.438539050022521,0.00020008003201280514,1.4383389699905083,0.0,0.0,0.0,0.0,0.33466733366683343,6.222978921200707,0.020202020202020204,10.0,2.0015641293013555,2.0,0.25,0.0,0.6666666666666666,0.0,0.06,0.0,0,0,48,0
quicksort_size65536_seed3_loads,sorting,100,1,GMC-style,-0.34115805946791866,0.303,0.0,0.14285714285714285,0.0,0.01,1.438539050022521,0.00020008003201280514,1.4383389699905083,0.0,0.0,0.0,0.0,0.33466733366683343,6.222978921200707,0.030303030303030304,9.0,2.001564945226917,2,0.6,0.0,0.625,0.0,0.08,0.0,0,0,64,0
quicksort_size65536_seed3_loads,sorting,100,2,GMC-style,-0.263586956521739,0.23600000000000002,0.0,0.10714285714285714,0.0,0.01,1.438539050022521,0.00020008003201280514,1.4383389699905083,0.0,0.0,0.0,0.0,0.33466733366683343,6.222978921200707,0.020202020202020204,10.0,2.0041753653444676,2.0,0.8,0.0,0.8333333333333334,0.0,0.06,0.0,0,0,48,0
quicksort_size65536_seed3_loads,sorting,500,0,GMC-style,-0.38151846568394365,0.3422,0.0,0.12603305785123967,0.0,0.002,1.438539050022521,0.00020008003201280514,1.4383389699905083,0.0,0.0,0.0,0.0,0.33466733366683343,6.222978921200707,0.03006012024048096,46.0,1.9960560911481158,2.0,0.5555555555555556,0.0,0.75,0.0,0.072,0.0,0,0,288,0
quicksort_size65536_seed3_loads,sorting,500,1,GMC-style,-0.4136600100688035,0.31020000000000003,0.0,0.11983471074380166,0.0,0.002,1.438539050022521,0.00020008003201280514,1.4383389699905083,0.0,0.0,0.0,0.0,0.33466733366683343,6.222978921200707,0.03206412825651302,44.0,1.9986853637160387,2.0,0.5555555555555556,0.0,0.6923076923076923,0.0,0.078,0.0,0,0,312,0
quicksort_size65536_seed3_loads,sorting,500,2,GMC-style,-0.4413050790447359,0.2972,0.0,0.12190082644628099,0.0,0.002,1.438539050022521,0.00020008003201280514,1.4383389699905083,0.0,0.0,0.0,0.0,0.33466733366683343,6.222978921200707,0.026052104208416832,45.0,2.0052608505041647,2,0.5185185185185185,0.0,0.75,0.0,0.072,0.0,0,0,288,0
quicksort_size65536_seed3_loads,sorting,1000,0,GMC-style,-0.3970168717906919,0.3552,0.0,0.1402439024390244,0.0,0.001,1.438539050022521,0.00020008003201280514,1.4383389699905083,0.0,0.0,0.0,0.0,0.33466733366683343,6.222978921200707,0.042042042042042045,90.0,2.00036523009496,2.0,0.6166666666666667,0.0,0.6521739130434783,0.0,0.092,0.0,0,0,736,0
quicksort_size65536_seed3_loads,sorting,1000,1,GMC-style,-0.41841248643685836,0.3183,0.0,0.12296747967479675,0.0,0.001,1.438539050022521,0.00020008003201280514,1.4383389699905083,0.0,0.0,0.0,0.0,0.33466733366683343,6.222978921200707,0.037037037037037035,89.0,1.9956156375593717,2,0.5535714285714286,0.0,0.6588235294117647,0.0,0.085,0.0,0,0,680,0
quicksort_size65536_seed3_loads,sorting,1000,2,GMC-style,-0.442342265217019,0.30670000000000003,0.0,0.11382113821138211,0.0,0.001,1.438539050022521,0.00020008003201280514,1.4383389699905083,0.0,0.0,0.0,0.0,0.33466733366683343,6.222978921200707,0.026026026026026026,88.0,2.007669831994156,2.0,0.5,0.0,0.7297297297297297,0.0,0.074,0.0,0,0,592,0
quicksort_size65536_seed4_loads,sorting,100,0,GMC-style,-0.3686534216335542,0.0725,0.026666666666666665,0.03571428571428571,0.0,0.01,1.4753347897906521,0.0,1.4753347897906521,0.0,0.0,0.0,0.0,0.3036518259129565,6.4409515694382895,0.030303030303030304,10.0,2.0239209568382734,2,0.4,0.0,0.4166666666666667,0.0,0.12,0.0,0,0,96,0
quicksort_size65536_seed4_loads,sorting,100,1,GMC-style,-0.04788732394366191,0.085,0.0,0.03571428571428571,0.0,0.01,1.4753347897906521,0.0,1.4753347897906521,0.0,0.0,0.0,0.0,0.3036518259129565,6.4409515694382895,0.010101010101010102,10.0,2.0229047371160855,2,1.0,0.0,0.2,0.0,0.1,0.0,0,0,80,0
quicksort_size65536_seed4_loads,sorting,100,2,GMC-style,-0.014201183431952646,0.06,0.0,0.011904761904761904,0.0,0.01,1.4753347897906521,0.0,1.4753347897906521,0.0,0.0,0.0,0.0,0.3036518259129565,6.4409515694382895,0.010101010101010102,9.0,2.020811654526535,2.0,1.0,0.0,0.2727272727272727,0.0,0.11,0.0,0,0,88,0
quicksort_size65536_seed4_loads,sorting,500,0,GMC-style,-0.27327690447400244,0.1025,0.005333333333333333,0.04338842975206612,0.0,0.002,1.4753347897906521,0.0,1.4753347897906521,0.0,0.0,0.0,0.0,0.3036518259129565,6.4409515694382895,0.01603206412825651,44.0,2.0249017038007864,2,0.6086956521739131,0.0,0.36507936507936506,0.0,0.126,0.0,0,0,504,0
quicksort_size65536_seed4_loads,sorting,500,1,GMC-style,-0.13791706065108733,0.1025,0.0,0.047520661157024795,0.0,0.002,1.4753347897906521,0.0,1.4753347897906521,0.0,0.0,0.0,0.0,0.3036518259129565,6.4409515694382895,0.018036072144288578,44.0,2.024486226497595,2,0.6875,0.0,0.27586206896551724,0.0,0.116,0.0,0,0,464,0
quicksort_size65536_seed4_loads,sorting,500,2,GMC-style,-0.19623418652544866,0.11,0.0,0.026859504132231406,0.0,0.004008016032064128,1.4753347897906521,0.0,1.4753347897906521,0.0,0.0,0.0,0.0,0.3036518259129565,6.4409515694382895,0.018036072144288578,42.0,2.0200961118392313,2,0.5294117647058824,0.0,0.288135593220339,0.0,0.118,0.0,0,0,472,0
quicksort_size65536_seed4_loads,sorting,1000,0,GMC-style,-0.261337432744043,0.10425,0.0026666666666666666,0.044715447154471545,0.0,0.001,1.4753347897906521,0.0,1.4753347897906521,0.0,0.0,0.0,0.0,0.3036518259129565,6.4409515694382895,0.014014014014014014,85.0,2.0280203784570596,2.0,0.5609756097560976,0.0,0.33884297520661155,0.0,0.121,0.0,0,0,968,0
quicksort_size65536_seed4_loads,sorting,1000,1,GMC-style,-0.19520646838001743,0.10125,0.0,0.044715447154471545,0.0,0.002002002002002002,1.4753347897906521,0.0,1.4753347897906521,0.0,0.0,0.0,0.0,0.3036518259129565,6.4409515694382895,0.01701701701701702,86.0,2.025136612021858,2,0.5833333333333334,0.0,0.3076923076923077,0.0,0.117,0.0,0,0,936,0
quicksort_size65536_seed4_loads,sorting,1000,2,GMC-style,-0.2082311863903128,0.10675,0.0,0.032520325203252036,0.0,0.002002002002002002,1.4753347897906521,0.0,1.4753347897906521,0.0,0.0,0.0,0.0,0.3036518259129565,6.4409515694382895,0.01701701701701702,84.0,2.020385875500546,2,0.5142857142857142,0.0,0.2966101694915254,0.0,0.118,0.0,0,0,944,0
stride_size524288_seed0_loads,sequential_control,100,0,GMC-style,-2.798717316230883,1.0,0.0,0.5,0.0,0.01,0.9996,0.0,0.9996,0.0,0.0,0.0,0.0,0.5002501250625313,0.99999981948264,0.494949494949495,50.0,1,1.0,0.2619047619047619,0.0,1.0,0.0,0.42,0.0,0,0,336,0
stride_size524288_seed0_loads,sequential_control,100,1,GMC-style,-2.798717316230883,0.99,0.0,0.4880952380952381,0.0,0.01,0.9996,0.0,0.9996,0.0,0.0,0.0,0.0,0.5002501250625313,0.99999981948264,0.494949494949495,50.0,1,1.0,0.2619047619047619,0.0,1.0,0.0,0.42,0.0,0,0,336,0
stride_size524288_seed0_loads,sequential_control,100,2,GMC-style,-2.798717316230883,0.99,0.0,0.4880952380952381,0.0,0.01,0.9996,0.0,0.9996,0.0,0.0,0.0,0.0,0.5002501250625313,0.99999981948264,0.494949494949495,50.0,1,1.0,0.2619047619047619,0.0,1.0,0.0,0.42,0.0,0,0,336,0
stride_size524288_seed0_loads,sequential_control,500,0,GMC-style,-5.550961374851115,1.0,0.0,0.5,0.0,0.002,0.9996,0.0,0.9996,0.0,0.0,0.0,0.0,0.5002501250625313,0.99999981948264,0.49899799599198397,250.0,1,1.0,0.1487603305785124,0.0,1.0,0.0,0.484,0.0,0,0,1936,0
stride_size524288_seed0_loads,sequential_control,500,1,GMC-style,-5.550961374851115,0.998,0.0,0.49793388429752067,0.0,0.002,0.9996,0.0,0.9996,0.0,0.0,0.0,0.0,0.5002501250625313,0.99999981948264,0.49899799599198397,250.0,1,1.0,0.1487603305785124,0.0,1.0,0.0,0.484,0.0,0,0,1936,0
stride_size524288_seed0_loads,sequential_control,500,2,GMC-style,-5.550961374851115,0.998,0.0,0.49793388429752067,0.0,0.002,0.9996,0.0,0.9996,0.0,0.0,0.0,0.0,0.5002501250625313,0.99999981948264,0.49899799599198397,250.0,1,1.0,0.1487603305785124,0.0,1.0,0.0,0.484,0.0,0,0,1936,0
stride_size524288_seed0_loads,sequential_control,1000,0,GMC-style,-6.217171243790421,1.0,0.0,0.5,0.0,0.001,0.9996,0.0,0.9996,0.0,0.0,0.0,0.0,0.5002501250625313,0.99999981948264,0.4994994994994995,500.0,1,1.0,0.13617886178861788,0.0,1.0,0.0,0.492,0.0,0,0,3936,0
stride_size524288_seed0_loads,sequential_control,1000,1,GMC-style,-6.217171243790421,0.999,0.0,0.49898373983739835,0.0,0.001,0.9996,0.0,0.9996,0.0,0.0,0.0,0.0,0.5002501250625313,0.99999981948264,0.4994994994994995,500.0,1,1.0,0.13617886178861788,0.0,1.0,0.0,0.492,0.0,0,0,3936,0
stride_size524288_seed0_loads,sequential_control,1000,2,GMC-style,-6.217171243790421,0.999,0.0,0.49898373983739835,0.0,0.001,0.9996,0.0,0.9996,0.0,0.0,0.0,0.0,0.5002501250625313,0.99999981948264,0.4994994994994995,500.0,1,1.0,0.13617886178861788,0.0,1.0,0.0,0.492,0.0,0,0,3936,0
