workload,category,window,window_index,window_accesses,gmc_speedup,wam_speedup,difference,winner,margin,gmc_cycles,wam_cycles,baseline_cycles,gmc_confidence,wam_confidence,gmc_start_confidence,wam_start_confidence,gmc_accuracy,wam_accuracy,gmc_prefetch_precision,wam_prefetch_precision,gmc_coverage,wam_coverage,gmc_late_prefetch_rate,wam_late_prefetch_rate,gmc_cache_pollution,wam_cache_pollution,gmc_bandwidth_bytes,wam_bandwidth_bytes,gmc_useful_rate,wam_useful_rate,gmc_storage_bytes,wam_storage_bytes,context_reuse_depth16,context_entropy_depth1,context_entropy_depth16,entropy_reduction,h16_contexts,stride_stability,delta_entropy,sequential_fraction,unique_lines,mean_reuse_distance,median_reuse_distance,same_address_fraction,history_length,context_reuse_observations,offset,h1_oracle_accuracy,h8_oracle_accuracy,h16_oracle_accuracy,h32_oracle_accuracy,agreement_rate,disagreement_rate,only_gmc_rate,only_wam_rate,wam_wins_disagreements,gmc_wins_disagreements,both_wrong_disagreements,joint_predictions
binary_tree_size65536_seed0_loads,tree,100,0,100,1.2899983246775004,1.2919463087248322,0.0019479840473317633,WAM,0.0019479840473317633,5969,5960,7700,0.74,0.6909370636709602,1.0,0.7142857142857143,0.07142857142857142,0.11904761904761904,0.5714285714285714,1.0,0.21,0.12,0.0,0.0,0,0,168,96,0.5714285714285714,1.0,8192,81552,0.01,0.09148628630581251,0.08402933531721606,0.0074569509885964586,477.0,0.12506253126563283,5.2006867704872795,0.10101010101010101,50.0,58.56493827160494,16,0.12121212121212122,5000.0,101.0,2000.0,0.12121212121212122,0.13043478260869565,0.11904761904761904,0.11764705882352941,0.640625,0.359375,0.0,0.2,0,0,58,64
binary_tree_size65536_seed0_loads,tree,100,1,100,1.4812356395200408,1.426955238563699,-0.05428040095634179,GMC-style,0.05428040095634179,3917,4066,5802,0.5,0.6425757017252708,1.0,0.7142857142857143,0.07142857142857142,0.11904761904761904,1.0,0.75,0.13,0.16,0.0,0.0,0,0,104,128,1.0,0.75,8192,81552,0.175,0.09148628630581251,0.08402933531721606,0.0074569509885964586,477.0,0.12506253126563283,5.2006867704872795,0.12121212121212122,37.0,53.48641975308642,16,0.12121212121212122,5000.0,101.0,2000.0,0.11904761904761904,0.12987012987012986,0.11594202898550725,0.11320754716981132,0.723404255319149,0.2765957446808511,0.0,0.37,0,0,41,47
binary_tree_size65536_seed0_loads,tree,100,2,100,1.1930604982206405,1.2333869855139112,0.04032648729327071,WAM,0.04032648729327071,4496,4349,5364,0.62,0.6060935473369603,1.0,0.7142857142857143,0.08333333333333333,0.11904761904761904,0.75,1.0,0.08,0.07,0.0,0.0,0,0,64,56,0.75,1.0,8192,81552,0.23170731707317074,0.09148628630581251,0.08402933531721606,0.0074569509885964586,477.0,0.12506253126563283,5.2006867704872795,0.1111111111111111,34.0,53.464691358024695,16,0.12121212121212122,5000.0,101.0,2000.0,0.11904761904761904,0.1038961038961039,0.11594202898550725,0.11320754716981132,0.7192982456140351,0.2807017543859649,0.0,0.27,0,0,50,57
binary_tree_size65536_seed0_loads,tree,500,0,500,1.1885353095030515,1.1898319877809296,0.0012966782778780495,WAM,0.0012966782778780495,9176,9166,10906,0.618,0.6240493034402632,1.0,0.7142857142857143,0.08264462809917356,0.12396694214876033,0.5454545454545454,1.0,0.044,0.024,0.0,0.0,0,0,176,96,0.5454545454545454,1.0,8192,81552,0.4405940594059406,0.09148628630581251,0.08402933531721606,0.0074569509885964586,477.0,0.12506253126563283,5.2006867704872795,0.11022044088176353,61.0,57.58762886597938,16,0.12424849699398798,5000.0,501.0,2000.0,0.12550607287449392,0.1273100616016427,0.12526096033402923,0.12526997840172785,0.6761904761904762,0.3238095238095238,0.0,0.338,0,0,275,315
binary_tree_size65536_seed0_loads,tree,500,1,500,1.2633941093969145,1.312163146394756,0.04876903699784152,WAM,0.04876903699784152,7130,6865,9008,0.556,0.6142435633687158,1.0,0.7142857142857143,0.07024793388429752,0.12396694214876033,0.65,0.6521739130434783,0.04,0.046,0.0,0.06666666666666667,0,0,160,184,0.65,0.6521739130434783,8192,81552,0.5029239766081871,0.09148628630581251,0.08402933531721606,0.0074569509885964586,477.0,0.12506253126563283,5.2006867704872795,0.11022044088176353,48.0,53.2659793814433,16,0.12424849699398798,5000.0,501.0,2000.0,0.12396694214876033,0.12578616352201258,0.12366737739872068,0.12362030905077263,0.7132616487455197,0.2867383512544803,0.0,0.41,0,0,245,279
binary_tree_size65536_seed0_loads,tree,500,2,500,1.0810323453172546,1.064358632933866,-0.01667371238338866,GMC-style,0.01667371238338866,8873,9012,9592,0.622,0.6036690102277786,1.0,0.7142857142857143,0.08471074380165289,0.12396694214876033,0.45454545454545453,1.0,0.022,0.008,0.0,0.0,0,0,88,32,0.45454545454545453,1.0,8192,81552,0.4585635359116022,0.09148628630581251,0.08402933531721606,0.0074569509885964586,477.0,0.12506253126563283,5.2006867704872795,0.10821643286573146,52.0,54.44701030927835,16,0.12424849699398798,5000.0,501.0,2000.0,0.12396694214876033,0.12159329140461216,0.12366737739872068,0.12362030905077263,0.709375,0.290625,0.0,0.328,0,0,279,320
binary_tree_size65536_seed0_loads,tree,1000,0,1000,1.1544860899901601,1.1558301988178399,0.0013441088276797686,WAM,0.0013441088276797686,11179,11166,12906,0.628,0.6152401282138412,1.0,0.7142857142857143,0.08231707317073171,0.12398373983739837,0.48,1.0,0.025,0.012,0.0,0.0,0,0,200,96,0.48,1.0,8192,81552,0.5736434108527132,0.09148628630581251,0.08402933531721606,0.0074569509885964586,477.0,0.12506253126563283,5.2006867704872795,0.1061061061061061,61.0,56.92786324786325,16,0.12412412412412413,5000.0,1001.0,2000.0,0.12474849094567404,0.12563323201621074,0.12461695607763024,0.12461059190031153,0.703875968992248,0.2961240310077519,0.0,0.339,0,0,564,645
binary_tree_size65536_seed0_loads,tree,1000,1,1000,1.1277974596042513,1.3715846994535519,0.24378723984930062,WAM,0.24378723984930062,11573,9516,13052,0.577,0.6198648590173501,1.0,0.7142857142857143,0.07621951219512195,0.12601626016260162,0.4782608695652174,1.0,0.023,0.025,0.0,0.16,0,0,184,200,0.4782608695652174,1.0,8192,81552,0.5724907063197026,0.09148628630581251,0.08402933531721606,0.0074569509885964586,477.0,0.12506253126563283,5.2006867704872795,0.1111111111111111,62.0,54.526495726495725,16,0.12612612612612611,5000.0,1001.0,2000.0,0.12704918032786885,0.1259029927760578,0.12695109261186263,0.12698412698412698,0.7032040472175379,0.29679595278246207,0.0,0.391,0,0,518,593
binary_tree_size65536_seed0_loads,tree,1000,2,1000,1.070889399409255,1.1225595596456523,0.05167016023639737,WAM,0.05167016023639737,12188,11627,13052,0.589,0.6039376053113427,1.0,0.7142857142857143,0.07926829268292683,0.12398373983739837,0.5,1.0,0.012,0.01,0.0,0.1,0,0,96,80,0.5,1.0,8192,81552,0.49642857142857144,0.09148628630581251,0.08402933531721606,0.0074569509885964586,477.0,0.12506253126563283,5.2006867704872795,0.10810810810810811,62.0,54.84923076923077,16,0.12412412412412413,5000.0,1001.0,2000.0,0.12668743509865005,0.12343096234309624,0.12658227848101267,0.12660944206008584,0.7214983713355049,0.2785016286644951,0.0,0.37,0,0,536,614
binary_tree_size65536_seed1_loads,tree,100,0,100,1.2899983246775004,1.2919463087248322,0.0019479840473317633,WAM,0.0019479840473317633,5969,5960,7700,0.74,0.6909370636709602,1.0,0.7142857142857143,0.07142857142857142,0.11904761904761904,0.5714285714285714,1.0,0.21,0.12,0.0,0.0,0,0,168,96,0.5714285714285714,1.0,8192,81552,0.01,0.09148628630581251,0.08402933531721606,0.0074569509885964586,477.0,0.12506253126563283,5.2006867704872795,0.10101010101010101,50.0,58.56493827160494,16,0.12121212121212122,5000.0,101.0,2000.0,0.12121212121212122,0.13043478260869565,0.11904761904761904,0.11764705882352941,0.640625,0.359375,0.0,0.2,0,0,58,64
binary_tree_size65536_seed1_loads,tree,100,1,100,1.4812356395200408,1.426955238563699,-0.05428040095634179,GMC-style,0.05428040095634179,3917,4066,5802,0.5,0.6425757017252708,1.0,0.7142857142857143,0.07142857142857142,0.11904761904761904,1.0,0.75,0.13,0.16,0.0,0.0,0,0,104,128,1.0,0.75,8192,81552,0.175,0.09148628630581251,0.08402933531721606,0.0074569509885964586,477.0,0.12506253126563283,5.2006867704872795,0.12121212121212122,37.0,53.48641975308642,16,0.12121212121212122,5000.0,101.0,2000.0,0.11904761904761904,0.12987012987012986,0.11594202898550725,0.11320754716981132,0.723404255319149,0.2765957446808511,0.0,0.37,0,0,41,47
binary_tree_size65536_seed1_loads,tree,100,2,100,1.1930604982206405,1.2333869855139112,0.04032648729327071,WAM,0.04032648729327071,4496,4349,5364,0.62,0.6060935473369603,1.0,0.7142857142857143,0.08333333333333333,0.11904761904761904,0.75,1.0,0.08,0.07,0.0,0.0,0,0,64,56,0.75,1.0,8192,81552,0.23170731707317074,0.09148628630581251,0.08402933531721606,0.0074569509885964586,477.0,0.12506253126563283,5.2006867704872795,0.1111111111111111,34.0,53.464691358024695,16,0.12121212121212122,5000.0,101.0,2000.0,0.11904761904761904,0.1038961038961039,0.11594202898550725,0.11320754716981132,0.7192982456140351,0.2807017543859649,0.0,0.27,0,0,50,57
binary_tree_size65536_seed1_loads,tree,500,0,500,1.1885353095030515,1.1898319877809296,0.0012966782778780495,WAM,0.0012966782778780495,9176,9166,10906,0.618,0.6240493034402632,1.0,0.7142857142857143,0.08264462809917356,0.12396694214876033,0.5454545454545454,1.0,0.044,0.024,0.0,0.0,0,0,176,96,0.5454545454545454,1.0,8192,81552,0.4405940594059406,0.09148628630581251,0.08402933531721606,0.0074569509885964586,477.0,0.12506253126563283,5.2006867704872795,0.11022044088176353,61.0,57.58762886597938,16,0.12424849699398798,5000.0,501.0,2000.0,0.12550607287449392,0.1273100616016427,0.12526096033402923,0.12526997840172785,0.6761904761904762,0.3238095238095238,0.0,0.338,0,0,275,315
binary_tree_size65536_seed1_loads,tree,500,1,500,1.2633941093969145,1.312163146394756,0.04876903699784152,WAM,0.04876903699784152,7130,6865,9008,0.556,0.6142435633687158,1.0,0.7142857142857143,0.07024793388429752,0.12396694214876033,0.65,0.6521739130434783,0.04,0.046,0.0,0.06666666666666667,0,0,160,184,0.65,0.6521739130434783,8192,81552,0.5029239766081871,0.09148628630581251,0.08402933531721606,0.0074569509885964586,477.0,0.12506253126563283,5.2006867704872795,0.11022044088176353,48.0,53.2659793814433,16,0.12424849699398798,5000.0,501.0,2000.0,0.12396694214876033,0.12578616352201258,0.12366737739872068,0.12362030905077263,0.7132616487455197,0.2867383512544803,0.0,0.41,0,0,245,279
binary_tree_size65536_seed1_loads,tree,500,2,500,1.0810323453172546,1.064358632933866,-0.01667371238338866,GMC-style,0.01667371238338866,8873,9012,9592,0.622,0.6036690102277786,1.0,0.7142857142857143,0.08471074380165289,0.12396694214876033,0.45454545454545453,1.0,0.022,0.008,0.0,0.0,0,0,88,32,0.45454545454545453,1.0,8192,81552,0.4585635359116022,0.09148628630581251,0.08402933531721606,0.0074569509885964586,477.0,0.12506253126563283,5.2006867704872795,0.10821643286573146,52.0,54.44701030927835,16,0.12424849699398798,5000.0,501.0,2000.0,0.12396694214876033,0.12159329140461216,0.12366737739872068,0.12362030905077263,0.709375,0.290625,0.0,0.328,0,0,279,320
binary_tree_size65536_seed1_loads,tree,1000,0,1000,1.1544860899901601,1.1558301988178399,0.0013441088276797686,WAM,0.0013441088276797686,11179,11166,12906,0.628,0.6152401282138412,1.0,0.7142857142857143,0.08231707317073171,0.12398373983739837,0.48,1.0,0.025,0.012,0.0,0.0,0,0,200,96,0.48,1.0,8192,81552,0.5736434108527132,0.09148628630581251,0.08402933531721606,0.0074569509885964586,477.0,0.12506253126563283,5.2006867704872795,0.1061061061061061,61.0,56.92786324786325,16,0.12412412412412413,5000.0,1001.0,2000.0,0.12474849094567404,0.12563323201621074,0.12461695607763024,0.12461059190031153,0.703875968992248,0.2961240310077519,0.0,0.339,0,0,564,645
binary_tree_size65536_seed1_loads,tree,1000,1,1000,1.1277974596042513,1.3715846994535519,0.24378723984930062,WAM,0.24378723984930062,11573,9516,13052,0.577,0.6198648590173501,1.0,0.7142857142857143,0.07621951219512195,0.12601626016260162,0.4782608695652174,1.0,0.023,0.025,0.0,0.16,0,0,184,200,0.4782608695652174,1.0,8192,81552,0.5724907063197026,0.09148628630581251,0.08402933531721606,0.0074569509885964586,477.0,0.12506253126563283,5.2006867704872795,0.1111111111111111,62.0,54.526495726495725,16,0.12612612612612611,5000.0,1001.0,2000.0,0.12704918032786885,0.1259029927760578,0.12695109261186263,0.12698412698412698,0.7032040472175379,0.29679595278246207,0.0,0.391,0,0,518,593
binary_tree_size65536_seed1_loads,tree,1000,2,1000,1.070889399409255,1.1225595596456523,0.05167016023639737,WAM,0.05167016023639737,12188,11627,13052,0.589,0.6039376053113427,1.0,0.7142857142857143,0.07926829268292683,0.12398373983739837,0.5,1.0,0.012,0.01,0.0,0.1,0,0,96,80,0.5,1.0,8192,81552,0.49642857142857144,0.09148628630581251,0.08402933531721606,0.0074569509885964586,477.0,0.12506253126563283,5.2006867704872795,0.10810810810810811,62.0,54.84923076923077,16,0.12412412412412413,5000.0,1001.0,2000.0,0.12668743509865005,0.12343096234309624,0.12658227848101267,0.12660944206008584,0.7214983713355049,0.2785016286644951,0.0,0.37,0,0,536,614
binary_tree_size65536_seed2_loads,tree,100,0,100,1.0635618043350907,1.2807760141093474,0.21721420977425665,WAM,0.21721420977425665,6828,5670,7262,0.56,0.6015584227319521,0.0,0.5,0.07142857142857142,0.11904761904761904,0.75,0.7857142857142857,0.04,0.14,0.0,0.0,0,0,32,112,0.75,0.7857142857142857,8192,154296,0.06315789473684211,0.12377994610057753,0.10099466051039967,0.022785285590177867,988.0,0.12506253126563283,5.819775196106805,0.09090909090909091,47.0,79.76830491474423,32.0,0.12121212121212122,5000.0,101.0,2000.0,0.12121212121212122,0.13043478260869565,0.11904761904761904,0.11764705882352941,0.5652173913043478,0.43478260869565216,0.0,0.38,0,0,40,46
binary_tree_size65536_seed2_loads,tree,100,1,100,1.1625035082795396,1.2933645589383294,0.13086105065878972,WAM,0.13086105065878972,7126,6405,8284,0.535,0.5857874493161955,0.0,0.5,0.07142857142857142,0.11904761904761904,0.8,0.6842105263157895,0.1,0.19,0.0,0.0,0,0,80,152,0.8,0.6842105263157895,8192,154296,0.010101010101010102,0.12377994610057753,0.10099466051039967,0.022785285590177867,988.0,0.12506253126563283,5.819775196106805,0.0707070707070707,54.0,80.5025075225677,32.0,0.12121212121212122,5000.0,101.0,2000.0,0.12345679012345678,0.13513513513513514,0.12121212121212122,0.11320754716981132,0.5,0.5,0.0,0.42,0,0,36,42
binary_tree_size65536_seed2_loads,tree,100,2,100,1.0663780663780664,1.6010110128181982,0.5346329464401318,WAM,0.5346329464401318,8316,5539,8868,0.65,0.7208703727662457,0.0,0.5,0.07142857142857142,0.11904761904761904,0.25,0.7931034482758621,0.16,0.29,0.0,0.0,2,0,128,232,0.25,0.7931034482758621,8192,154296,0.07446808510638298,0.12377994610057753,0.10099466051039967,0.022785285590177867,988.0,0.12506253126563283,5.819775196106805,0.09090909090909091,58.0,82.66098294884654,32.0,0.12121212121212122,5000.0,101.0,2000.0,0.125,0.1095890410958904,0.12307692307692308,0.12244897959183673,0.47058823529411764,0.5294117647058824,0.0,0.33,0,0,45,51
binary_tree_size65536_seed2_loads,tree,500,0,500,1.027541752124231,1.26026412721229,0.23272237508805915,WAM,0.23272237508805915,13652,11131,14028,0.558,0.6147908673914462,0.0,0.5,0.07644628099173553,0.12396694214876033,0.21428571428571427,0.8695652173913043,0.028,0.046,0.0,0.0,0,0,112,184,0.21428571428571427,0.8695652173913043,8192,154296,0.41007194244604317,0.12377994610057753,0.10099466051039967,0.022785285590177867,988.0,0.12506253126563283,5.819775196106805,0.0841683366733467,82.0,81.95906432748538,32.0,0.12424849699398798,5000.0,501.0,2000.0,0.12653061224489795,0.12422360248447205,0.12631578947368421,0.12636165577342048,0.5454545454545454,0.45454545454545453,0.0,0.418,0,0,238,275
binary_tree_size65536_seed2_loads,tree,500,1,500,1.0883047619047619,1.0980934809348093,0.00978871903004741,WAM,0.00978871903004741,13125,13008,14284,0.581,0.6248062955683921,0.0,0.5,0.07024793388429752,0.12396694214876033,0.3939393939393939,0.5,0.066,0.06,0.0,0.0,2,11,264,240,0.3939393939393939,0.5,8192,154296,0.31952662721893493,0.12377994610057753,0.10099466051039967,0.022785285590177867,988.0,0.12506253126563283,5.819775196106805,0.08016032064128256,82.0,82.55054302422724,32.0,0.12424849699398798,5000.0,501.0,2000.0,0.13245033112582782,0.1210762331838565,0.13211845102505695,0.1320754716981132,0.5236363636363637,0.4763636363636364,0.0,0.418,0,0,241,275
binary_tree_size65536_seed2_loads,tree,500,2,500,1.0379370516383377,1.1605723370429253,0.12263528540458757,WAM,0.12263528540458757,15473,13838,16060,0.626,0.6081996904409808,0.0,0.5,0.0743801652892562,0.12396694214876033,0.425,0.5238095238095238,0.08,0.084,0.11764705882352941,0.0,2,8,320,336,0.425,0.5238095238095238,8192,154296,0.3253731343283582,0.12377994610057753,0.10099466051039967,0.022785285590177867,988.0,0.12506253126563283,5.819775196106805,0.0841683366733467,94.0,87.90392648287386,32.0,0.12424849699398798,5000.0,501.0,2000.0,0.13186813186813187,0.125,0.1318181818181818,0.1320754716981132,0.5719063545150501,0.4280936454849498,0.0,0.37,0,0,263,299
binary_tree_size65536_seed2_loads,tree,1000,0,1000,1.0213031161473087,1.1017663956970845,0.08046327954977572,WAM,0.08046327954977572,17650,16361,18026,0.532,0.6118029028882777,0.0,0.5,0.07317073170731707,0.12398373983739837,0.21428571428571427,0.7586206896551724,0.014,0.029,0.0,0.0,1,0,112,232,0.21428571428571427,0.7586206896551724,8192,154296,0.48484848484848486,0.12377994610057753,0.10099466051039967,0.022785285590177867,988.0,0.12506253126563283,5.819775196106805,0.08108108108108109,93.0,85.20870767104354,32.0,0.12412412412412413,5000.0,1001.0,2000.0,0.12653061224489795,0.12538540596094552,0.12642487046632125,0.12644889357218125,0.5946462715105163,0.40535372848948376,0.0,0.461,0,0,451,523
binary_tree_size65536_seed2_loads,tree,1000,1,1000,1.0267816091954023,1.057347458128662,0.030565848933259643,WAM,0.030565848933259643,17400,16897,17866,0.555,0.6180473782787596,0.0,0.5,0.0701219512195122,0.12601626016260162,0.5,0.6046511627906976,0.036,0.043,0.16666666666666666,0.0,1,6,288,344,0.5,0.6046511627906976,8192,154296,0.3942505133470226,0.12377994610057753,0.10099466051039967,0.022785285590177867,988.0,0.12506253126563283,5.819775196106805,0.08008008008008008,89.0,84.99585348997927,32.0,0.12612612612612611,5000.0,1001.0,2000.0,0.13537117903930132,0.12101210121012101,0.1352549889135255,0.13528748590755355,0.5398886827458256,0.4601113172541744,0.0,0.445,0,0,470,539
binary_tree_size65536_seed2_loads,tree,1000,2,1000,1.0274274905422447,1.0741005218346609,0.04667303129241618,WAM,0.04667303129241618,19032,18205,19554,0.563,0.604494865044021,0.0,0.5,0.07215447154471545,0.12398373983739837,0.40425531914893614,0.4426229508196721,0.047,0.061,0.15789473684210525,0.0,5,22,376,488,0.40425531914893614,0.4426229508196721,8192,154296,0.36738703339882123,0.12377994610057753,0.10099466051039967,0.022785285590177867,988.0,0.12506253126563283,5.819775196106805,0.08408408408408409,101.0,90.84243261921216,32.0,0.12412412412412413,5000.0,1001.0,2000.0,0.1310418904403867,0.12554112554112554,0.13100436681222707,0.13111111111111112,0.5683060109289617,0.43169398907103823,0.0,0.435,0,0,478,549
binary_tree_size65536_seed3_loads,tree,100,0,100,0.9987943091391367,1.2937685459940653,0.29497423685492863,WAM,0.29497423685492863,8294,6403,8284,0.5,0.6093622635546242,1.0,0.6,0.08333333333333333,0.11904761904761904,0.0,0.7647058823529411,0.1,0.17,0.0,0.0,0,0,80,136,0.0,0.7647058823529411,8192,146040,0.01,0.09137393384696493,0.08760358720842848,0.0037703466385364537,892.0,0.12506253126563283,5.768433982417577,0.0707070707070707,54.0,72.33721518987342,16,0.12121212121212122,5000.0,101.0,2000.0,0.16,0.11764705882352941,0.16666666666666666,0.16666666666666666,0.6382978723404256,0.3617021276595745,0.0,0.37,0,0,40,47
binary_tree_size65536_seed3_loads,tree,100,1,100,1.0,1.2929742862927718,0.2929742862927718,WAM,0.2929742862927718,6386,4939,6386,0.43,0.648991804408976,1.0,0.6,0.05952380952380952,0.11904761904761904,0.0,0.7692307692307693,0.0,0.13,0.0,0.0,0,0,0,104,0.0,0.7692307692307693,8192,146040,0.1348314606741573,0.09137393384696493,0.08760358720842848,0.0037703466385364537,892.0,0.12506253126563283,5.768433982417577,0.06060606060606061,41.0,73.23037974683544,16,0.12121212121212122,5000.0,101.0,2000.0,0.13333333333333333,0.14705882352941177,0.13333333333333333,0.12244897959183673,0.7368421052631579,0.2631578947368421,0.0,0.46,0,0,33,38
binary_tree_size65536_seed3_loads,tree,100,2,100,0.9997070026369763,1.2676945940925135,0.2679875914555372,WAM,0.2679875914555372,6826,5383,6824,0.41,0.6305291121404423,1.0,0.6,0.05952380952380952,0.11904761904761904,0.0,0.5263157894736842,0.02,0.19,0.0,0.0,0,0,16,152,0.0,0.5263157894736842,8192,146040,0.08602150537634409,0.09137393384696493,0.08760358720842848,0.0037703466385364537,892.0,0.12506253126563283,5.768433982417577,0.06060606060606061,44.0,72.84759493670886,16,0.12121212121212122,5000.0,101.0,2000.0,0.11904761904761904,0.1038961038961039,0.11594202898550725,0.11320754716981132,0.8,0.2,0.0,0.49,0,0,30,35
binary_tree_size65536_seed3_loads,tree,500,0,500,1.100194552529183,1.1723678365171035,0.07217328398792056,WAM,0.07217328398792056,14392,13506,15834,0.44,0.6432881364166158,1.0,0.6,0.07024793388429752,0.12396694214876033,0.5555555555555556,0.75,0.036,0.048,0.0,0.0,8,2,144,192,0.5555555555555556,0.75,8192,146040,0.3069620253164557,0.09137393384696493,0.08760358720842848,0.0037703466385364537,892.0,0.12506253126563283,5.768433982417577,0.06613226452905811,93.0,80.72168421052632,16,0.12424849699398798,5000.0,501.0,2000.0,0.14187643020594964,0.11926605504587157,0.13921113689095127,0.13975903614457832,0.7668161434977578,0.23318385650224216,0.0,0.522,0,0,189,223
binary_tree_size65536_seed3_loads,tree,500,1,500,1.022939408321468,1.131012768934756,0.10807336061328798,WAM,0.10807336061328798,12642,11434,12932,0.46,0.6512798166611442,1.0,0.6,0.07024793388429752,0.12396694214876033,0.4444444444444444,0.6666666666666666,0.018,0.054,0.5,0.2777777777777778,0,0,72,216,0.4444444444444444,0.6666666666666666,8192,146040,0.39615384615384613,0.09137393384696493,0.08760358720842848,0.0037703466385364537,892.0,0.12506253126563283,5.768433982417577,0.06412825651302605,74.0,74.85052631578948,16,0.12424849699398798,5000.0,501.0,2000.0,0.13215859030837004,0.1297539149888143,0.13211845102505695,0.13114754098360656,0.7434782608695653,0.2565217391304348,0.0,0.508,0,0,196,230
binary_tree_size65536_seed3_loads,tree,500,2,500,1.0744225834046193,1.1609206026434975,0.08649801923887823,WAM,0.08649801923887823,11690,10819,12560,0.437,0.6357477434940875,1.0,0.6,0.07024793388429752,0.12396694214876033,1.0,0.4358974358974359,0.012,0.078,0.0,0.23529411764705882,0,4,48,312,1.0,0.4358974358974359,8192,146040,0.35125448028673834,0.09137393384696493,0.08760358720842848,0.0037703466385364537,892.0,0.12506253126563283,5.768433982417577,0.06212424849699399,72.0,73.47284210526315,16,0.12424849699398798,5000.0,501.0,2000.0,0.12396694214876033,0.12159329140461216,0.12366737739872068,0.12362030905077263,0.7477477477477478,0.25225225225225223,0.0,0.524,0,0,188,222
binary_tree_size65536_seed3_loads,tree,1000,0,1000,1.0509758787704406,1.080777196962225,0.029801318191784443,WAM,0.029801318191784443,20853,20278,21916,0.431,0.6507941124870699,1.0,0.6,0.06808943089430894,0.12398373983739837,0.6521739130434783,0.75,0.023,0.024,0.0,0.0,8,4,184,192,0.6521739130434783,0.75,8192,146040,0.36616702355460384,0.09137393384696493,0.08760358720842848,0.0037703466385364537,892.0,0.12506253126563283,5.768433982417577,0.06406406406406406,118.0,89.80660869565217,16,0.12412412412412413,5000.0,1001.0,2000.0,0.13732004429678848,0.12235817575083426,0.13692480359147025,0.13714285714285715,0.7711670480549199,0.2288329519450801,0.0,0.547,0,0,370,437
binary_tree_size65536_seed3_loads,tree,1000,1,1000,0.9995642701525055,1.0033532584924916,0.003788988339986088,WAM,0.003788988339986088,20655,20577,20646,0.439,0.6646243147002058,1.0,0.6,0.0701219512195122,0.12601626016260162,0.23529411764705882,0.13793103448275862,0.017,0.029,0.5,0.0,6,12,136,232,0.23529411764705882,0.13793103448275862,8192,146040,0.44395604395604393,0.09137393384696493,0.08760358720842848,0.0037703466385364537,892.0,0.12506253126563283,5.768433982417577,0.06506506506506507,107.0,84.42226086956522,16,0.12612612612612611,5000.0,1001.0,2000.0,0.13671444321940462,0.12333333333333334,0.1367713004484305,0.13636363636363635,0.7687074829931972,0.23129251700680273,0.0,0.543,0,0,372,441
binary_tree_size65536_seed3_loads,tree,1000,2,1000,1.0006718693472532,1.0199652320497288,0.019293362702475614,WAM,0.019293362702475614,19349,18983,19362,0.443,0.6457289768213229,1.0,0.6,0.07113821138211382,0.12398373983739837,1.0,0.6060606060606061,0.003,0.033,0.0,0.1,0,2,24,264,1.0,0.6060606060606061,8192,146040,0.4513888888888889,0.09137393384696493,0.08760358720842848,0.0037703466385364537,892.0,0.12506253126563283,5.768433982417577,0.06306306306306306,101.0,81.50330434782609,16,0.12412412412412413,5000.0,1001.0,2000.0,0.13038906414300735,0.12182203389830508,0.13034188034188035,0.13043478260869565,0.7316017316017316,0.2683982683982684,0.0,0.522,0,0,392,462
binary_tree_size65536_seed4_loads,tree,100,0,100,1.0426683448709881,1.3243804956035172,0.2817121507325291,WAM,0.2817121507325291,7945,6255,8284,0.455,0.5537435765135964,0.0,0.5,0.07142857142857142,0.11904761904761904,0.5714285714285714,0.9333333333333333,0.07,0.15,0.5,0.0,0,0,56,120,0.5714285714285714,0.9333333333333333,8192,109200,0.06315789473684211,0.1006263452526414,0.08539642179729427,0.015229923455347127,690.0,0.12506253126563283,5.529042256399802,0.1111111111111111,54.0,74.32638888888889,32.0,0.12121212121212122,5000.0,101.0,2000.0,0.12121212121212122,0.13043478260869565,0.11904761904761904,0.11764705882352941,0.7631578947368421,0.23684210526315788,0.0,0.46,0,0,32,38
binary_tree_size65536_seed4_loads,tree,100,1,100,1.2066991125107358,1.2326363503436175,0.02593723783288171,WAM,0.02593723783288171,6986,6839,8430,0.445,0.5436703238853587,0.0,0.5,0.08333333333333333,0.11904761904761904,0.625,0.7333333333333333,0.16,0.15,0.0,0.0,0,0,128,120,0.625,0.7333333333333333,8192,109200,0.06315789473684211,0.1006263452526414,0.08539642179729427,0.015229923455347127,690.0,0.12506253126563283,5.529042256399802,0.10101010101010101,55.0,74.87996031746032,32.0,0.12121212121212122,5000.0,101.0,2000.0,0.11904761904761904,0.12987012987012986,0.11594202898550725,0.11320754716981132,0.675,0.325,0.0,0.44,0,1,33,40
binary_tree_size65536_seed4_loads,tree,100,2,100,0.9994264410668197,1.2578956866991517,0.2584692456323321,WAM,0.2584692456323321,6974,5541,6970,0.47,0.5751010340596422,0.0,0.5,0.07142857142857142,0.11904761904761904,0.0,0.3225806451612903,0.04,0.31,0.0,0.0,0,0,32,248,0.0,0.3225806451612903,8192,109200,0.13095238095238096,0.1006263452526414,0.08539642179729427,0.015229923455347127,690.0,0.12506253126563283,5.529042256399802,0.12121212121212122,45.0,73.5704365079365,32.0,0.12121212121212122,5000.0,101.0,2000.0,0.11904761904761904,0.1038961038961039,0.11594202898550725,0.11320754716981132,0.631578947368421,0.3684210526315789,0.0,0.46,0,0,32,38
binary_tree_size65536_seed4_loads,tree,500,0,500,1.0348114979055323,1.1932045303131247,0.1583930324075924,WAM,0.1583930324075924,13846,12008,14328,0.473,0.5770756177320878,0.0,0.5,0.0743801652892562,0.12396694214876033,0.5,1.0,0.02,0.032,0.4,0.0,1,0,80,128,0.5,1.0,8192,109200,0.40569395017793597,0.1006263452526414,0.08539642179729427,0.015229923455347127,690.0,0.12506253126563283,5.529042256399802,0.1062124248496994,84.0,75.2657284768212,32.0,0.12424849699398798,5000.0,501.0,2000.0,0.12783505154639174,0.12552301255230125,0.1276595744680851,0.1277533039647577,0.5895196506550219,0.4104803493449782,0.0,0.51,0,1,193,229
binary_tree_size65536_seed4_loads,tree,500,1,500,1.1774914541151722,1.19254327563249,0.015051821517317876,WAM,0.015051821517317876,11409,11265,13434,0.435,0.5717133945414061,0.0,0.5,0.0743801652892562,0.12396694214876033,0.7368421052631579,0.7142857142857143,0.038,0.042,0.0,0.0,0,0,152,168,0.7368421052631579,0.7142857142857143,8192,109200,0.3111888111888112,0.1006263452526414,0.08539642179729427,0.015229923455347127,690.0,0.12506253126563283,5.529042256399802,0.1062124248496994,77.0,75.46605960264901,32.0,0.12424849699398798,5000.0,501.0,2000.0,0.12875536480686695,0.12200435729847495,0.1286031042128603,0.12873563218390804,0.6111111111111112,0.3888888888888889,0.0,0.536,0,2,180,216
binary_tree_size65536_seed4_loads,tree,500,2,500,1.1165792658329972,1.2414782920703265,0.12489902623732929,WAM,0.12489902623732929,12395,11148,13840,0.447,0.6256816358030164,0.0,0.5,0.07231404958677685,0.12396694214876033,0.7647058823529411,0.8076923076923077,0.034,0.052,0.15384615384615385,0.0,0,0,136,208,0.7647058823529411,0.8076923076923077,8192,109200,0.38596491228070173,0.1006263452526414,0.08539642179729427,0.015229923455347127,690.0,0.12506253126563283,5.529042256399802,0.11222444889779559,80.0,75.83526490066225,32.0,0.12424849699398798,5000.0,501.0,2000.0,0.12605042016806722,0.11940298507462686,0.12581344902386118,0.1258426966292135,0.5799086757990868,0.4200913242009132,0.0,0.53,0,0,184,219
binary_tree_size65536_seed4_loads,tree,1000,0,1000,1.0117675026744324,1.108116904250472,0.09634940157603955,WAM,0.09634940157603955,16826,15363,17024,0.461,0.5744997176769472,0.0,0.5,0.07520325203252033,0.12398373983739837,0.4,1.0,0.015,0.024,0.5,0.125,1,0,120,192,0.4,1.0,8192,109200,0.4611764705882353,0.1006263452526414,0.08539642179729427,0.015229923455347127,690.0,0.12506253126563283,5.529042256399802,0.1061061061061061,84.0,77.24074074074075,32.0,0.12412412412412413,5000.0,1001.0,2000.0,0.12588832487309645,0.12474437627811862,0.12577319587628866,0.12578616352201258,0.5986984815618221,0.40130151843817785,0.0,0.523,0,2,387,461
binary_tree_size65536_seed4_loads,tree,1000,1,1000,1.012019516839224,1.1288995088278242,0.11687999198860011,WAM,0.11687999198860011,16806,15066,17008,0.466,0.5853280379423997,0.0,0.5,0.07926829268292683,0.12601626016260162,0.4,0.6119402985074627,0.015,0.067,0.5,0.2926829268292683,1,14,120,536,0.4,0.6119402985074627,8192,109200,0.4861111111111111,0.1006263452526414,0.08539642179729427,0.015229923455347127,690.0,0.12506253126563283,5.529042256399802,0.10810810810810811,84.0,76.20919067215364,32.0,0.12612612612612611,5000.0,1001.0,2000.0,0.12836438923395446,0.12304483837330553,0.12828601472134596,0.12834224598930483,0.5642105263157895,0.4357894736842105,0.0,0.509,0,4,397,475
binary_tree_size65536_seed4_loads,tree,1000,2,1000,1.0806451612903225,1.0515602967322666,-0.029084864558055923,GMC-style,0.029084864558055923,15872,16311,17152,0.469,0.6122814664976706,0.0,0.5,0.07520325203252033,0.12398373983739837,0.7714285714285715,0.88,0.035,0.05,0.2222222222222222,0.09090909090909091,0,3,280,400,0.7714285714285715,0.88,8192,109200,0.47098214285714285,0.1006263452526414,0.08539642179729427,0.015229923455347127,690.0,0.12506253126563283,5.529042256399802,0.1111111111111111,84.0,77.64677640603567,32.0,0.12412412412412413,5000.0,1001.0,2000.0,0.12629399585921325,0.12304483837330553,0.12618296529968454,0.12620320855614972,0.6252631578947369,0.37473684210526315,0.0,0.509,0,0,401,475
graph_bfs_size65536_seed0_loads,graph,100,0,100,1.1004261477848356,1.1412608405603737,0.040834692775538084,WAM,0.040834692775538084,12437,11992,13686,0.42193837535014006,0.5316666666666666,1.0,0.6666666666666666,0.0,0.0,0.13846153846153847,0.20689655172413793,0.65,0.58,0.0,0.0,0,0,520,464,0.13846153846153847,0.20689655172413793,8192,1712880,0.01,0.36464559072014074,0.0,0.36464559072014074,4999.0,0.727863931965983,2.992256070043299,0.0,91.0,702.0606936416185,632.0,0.0,5000.0,101.0,2000.0,0.0,0.0,0.0,0.0,0.01818181818181818,0.9818181818181818,0.11,0.09,0,0,55,55
graph_bfs_size65536_seed0_loads,graph,100,1,100,1.1546443938243482,1.2308660850795934,0.07622169125524514,WAM,0.07622169125524514,11853,11119,13686,0.41200840336134453,0.49733333333333335,1.0,0.6666666666666666,0.0,0.0,0.2,0.29508196721311475,0.65,0.61,0.0,0.0,0,0,520,488,0.2,0.29508196721311475,8192,1712880,0.01,0.36464559072014074,0.0,0.36464559072014074,4999.0,0.727863931965983,2.992256070043299,0.0,91.0,639.6729106628242,632.0,0.0,5000.0,101.0,2000.0,0.0,0.0,0.0,0.0,0.11538461538461539,0.8846153846153846,0.13,0.1,0,0,52,52
graph_bfs_size65536_seed0_loads,graph,100,2,100,1.1862624846679517,1.0664776307498425,-0.11978485391810922,GMC-style,0.11978485391810922,11414,12696,13540,0.4278207282913165,0.31,1.0,0.6666666666666666,0.0,0.0,0.234375,0.1875,0.64,0.32,0.0,0.0,0,0,512,256,0.234375,0.1875,8192,1712880,0.01,0.36464559072014074,0.0,0.36464559072014074,4999.0,0.727863931965983,2.992256070043299,0.0,90.0,660.6702127659574,632.0,0.0,5000.0,101.0,2000.0,0.0,0.0,0.0,0.0,0.08,0.92,0.39,0.07,0,0,25,25
graph_bfs_size65536_seed0_loads,graph,500,0,500,1.1241320018517293,1.1138925294888598,-0.010239472362869595,GMC-style,0.010239472362869595,60484,61040,67992,0.41061484593837533,0.5133,1.0,0.6666666666666666,0.0,0.0,0.14361702127659576,0.14367816091954022,0.752,0.696,0.0,0.0,0,2,3008,2784,0.14361702127659576,0.14367816091954022,8192,1712880,0.002,0.36464559072014074,0.0,0.36464559072014074,4999.0,0.727863931965983,2.992256070043299,0.0,452.0,836.015984015984,1149,0.0,5000.0,501.0,2000.0,0.0,0.0,0.0,0.0,0.09584664536741214,0.9041533546325878,0.126,0.108,0,0,313,313
graph_bfs_size65536_seed0_loads,graph,500,1,500,1.2182762945708654,1.1917966695880806,-0.026479624982784777,GMC-style,0.026479624982784777,55810,57050,67992,0.4103357142857143,0.44403333333333334,1.0,0.6666666666666666,0.0,0.0,0.22994652406417113,0.25666666666666665,0.748,0.6,0.0,0.0,0,0,2992,2400,0.22994652406417113,0.25666666666666665,8192,1712880,0.002,0.36464559072014074,0.0,0.36464559072014074,4999.0,0.727863931965983,2.992256070043299,0.0,452.0,750.6282998944034,632,0.0,5000.0,501.0,2000.0,0.0,0.0,0.0,0.0,0.14,0.86,0.25,0.106,0,0,250,250
graph_bfs_size65536_seed0_loads,graph,500,2,500,1.2757084030611285,1.1271410296878375,-0.14856737337329107,GMC-style,0.14856737337329107,53183,60193,67846,0.42353893557422967,0.3682666666666667,1.0,0.6666666666666666,0.0,0.0,0.27466666666666667,0.23376623376623376,0.75,0.462,0.0,0.0,0,1,3000,1848,0.27466666666666667,0.23376623376623376,8192,1712880,0.002,0.36464559072014074,0.0,0.36464559072014074,4999.0,0.727863931965983,2.992256070043299,0.0,451.0,649.6015801354401,587.0,0.0,5000.0,501.0,2000.0,0.0,0.0,0.0,0.0,0.14814814814814814,0.8518518518518519,0.372,0.09,0,0,189,189
graph_bfs_size65536_seed0_loads,graph,1000,0,1000,1.1621044491506807,1.123348878299058,-0.038755570851622734,GMC-style,0.038755570851622734,113797,117723,132244,0.41639474789915965,0.5155166666666666,1.0,0.6666666666666666,0.0,0.0,0.17709720372836218,0.1568627450980392,0.751,0.663,0.0,0.0,25,57,6008,5304,0.17709720372836218,0.1568627450980392,8192,1712880,0.001,0.36464559072014074,0.0,0.36464559072014074,4999.0,0.727863931965983,2.992256070043299,0.0,870.0,928.2706222865412,1149.0,0.0,5000.0,1001.0,2000.0,0.0,0.0,0.0,0.0,0.08661417322834646,0.9133858267716536,0.13,0.109,0,0,635,635
graph_bfs_size65536_seed0_loads,graph,1000,1,1000,1.2371245737773833,1.2154152555595326,-0.021709318217850715,GMC-style,0.021709318217850715,107045,108957,132428,0.4118016106442577,0.4791047619047619,1.0,0.6666666666666666,0.0,0.0,0.23834886817576564,0.2665589660743134,0.751,0.619,0.0,0.0,13,17,6008,4952,0.23834886817576564,0.2665589660743134,8192,1712880,0.001,0.36464559072014074,0.0,0.36464559072014074,4999.0,0.727863931965983,2.992256070043299,0.0,872.0,858.7626728110599,656.0,0.0,5000.0,1001.0,2000.0,0.0,0.0,0.0,0.0,0.16363636363636364,0.8363636363636363,0.213,0.108,0,0,550,550
graph_bfs_size65536_seed0_loads,graph,1000,2,1000,1.2537770634395387,1.1560631156830268,-0.09771394775651188,GMC-style,0.09771394775651188,105770,114710,132612,0.4183317927170868,0.38343333333333335,1.0,0.6666666666666666,0.0,0.0,0.25132978723404253,0.2550607287449393,0.752,0.494,0.0,0.0,10,20,6016,3952,0.25132978723404253,0.2550607287449393,8192,1712880,0.001,0.36464559072014074,0.0,0.36464559072014074,4999.0,0.727863931965983,2.992256070043299,0.0,874.0,742.1309523809524,805.0,0.0,5000.0,1001.0,2000.0,0.0,0.0,0.0,0.0,0.14215686274509803,0.8578431372549019,0.354,0.098,0,0,408,408
graph_bfs_size65536_seed1_loads,graph,100,0,100,1.1004261477848356,1.1412608405603737,0.040834692775538084,WAM,0.040834692775538084,12437,11992,13686,0.42193837535014006,0.5316666666666666,1.0,0.6666666666666666,0.0,0.0,0.13846153846153847,0.20689655172413793,0.65,0.58,0.0,0.0,0,0,520,464,0.13846153846153847,0.20689655172413793,8192,1712880,0.01,0.36464559072014074,0.0,0.36464559072014074,4999.0,0.727863931965983,2.992256070043299,0.0,91.0,702.0606936416185,632.0,0.0,5000.0,101.0,2000.0,0.0,0.0,0.0,0.0,0.01818181818181818,0.9818181818181818,0.11,0.09,0,0,55,55
graph_bfs_size65536_seed1_loads,graph,100,1,100,1.1546443938243482,1.2308660850795934,0.07622169125524514,WAM,0.07622169125524514,11853,11119,13686,0.41200840336134453,0.49733333333333335,1.0,0.6666666666666666,0.0,0.0,0.2,0.29508196721311475,0.65,0.61,0.0,0.0,0,0,520,488,0.2,0.29508196721311475,8192,1712880,0.01,0.36464559072014074,0.0,0.36464559072014074,4999.0,0.727863931965983,2.992256070043299,0.0,91.0,639.6729106628242,632.0,0.0,5000.0,101.0,2000.0,0.0,0.0,0.0,0.0,0.11538461538461539,0.8846153846153846,0.13,0.1,0,0,52,52
graph_bfs_size65536_seed1_loads,graph,100,2,100,1.1862624846679517,1.0664776307498425,-0.11978485391810922,GMC-style,0.11978485391810922,11414,12696,13540,0.4278207282913165,0.31,1.0,0.6666666666666666,0.0,0.0,0.234375,0.1875,0.64,0.32,0.0,0.0,0,0,512,256,0.234375,0.1875,8192,1712880,0.01,0.36464559072014074,0.0,0.36464559072014074,4999.0,0.727863931965983,2.992256070043299,0.0,90.0,660.6702127659574,632.0,0.0,5000.0,101.0,2000.0,0.0,0.0,0.0,0.0,0.08,0.92,0.39,0.07,0,0,25,25
graph_bfs_size65536_seed1_loads,graph,500,0,500,1.1241320018517293,1.1138925294888598,-0.010239472362869595,GMC-style,0.010239472362869595,60484,61040,67992,0.41061484593837533,0.5133,1.0,0.6666666666666666,0.0,0.0,0.14361702127659576,0.14367816091954022,0.752,0.696,0.0,0.0,0,2,3008,2784,0.14361702127659576,0.14367816091954022,8192,1712880,0.002,0.36464559072014074,0.0,0.36464559072014074,4999.0,0.727863931965983,2.992256070043299,0.0,452.0,836.015984015984,1149,0.0,5000.0,501.0,2000.0,0.0,0.0,0.0,0.0,0.09584664536741214,0.9041533546325878,0.126,0.108,0,0,313,313
graph_bfs_size65536_seed1_loads,graph,500,1,500,1.2182762945708654,1.1917966695880806,-0.026479624982784777,GMC-style,0.026479624982784777,55810,57050,67992,0.4103357142857143,0.44403333333333334,1.0,0.6666666666666666,0.0,0.0,0.22994652406417113,0.25666666666666665,0.748,0.6,0.0,0.0,0,0,2992,2400,0.22994652406417113,0.25666666666666665,8192,1712880,0.002,0.36464559072014074,0.0,0.36464559072014074,4999.0,0.727863931965983,2.992256070043299,0.0,452.0,750.6282998944034,632,0.0,5000.0,501.0,2000.0,0.0,0.0,0.0,0.0,0.14,0.86,0.25,0.106,0,0,250,250
graph_bfs_size65536_seed1_loads,graph,500,2,500,1.2757084030611285,1.1271410296878375,-0.14856737337329107,GMC-style,0.14856737337329107,53183,60193,67846,0.42353893557422967,0.3682666666666667,1.0,0.6666666666666666,0.0,0.0,0.27466666666666667,0.23376623376623376,0.75,0.462,0.0,0.0,0,1,3000,1848,0.27466666666666667,0.23376623376623376,8192,1712880,0.002,0.36464559072014074,0.0,0.36464559072014074,4999.0,0.727863931965983,2.992256070043299,0.0,451.0,649.6015801354401,587.0,0.0,5000.0,501.0,2000.0,0.0,0.0,0.0,0.0,0.14814814814814814,0.8518518518518519,0.372,0.09,0,0,189,189
graph_bfs_size65536_seed1_loads,graph,1000,0,1000,1.1621044491506807,1.123348878299058,-0.038755570851622734,GMC-style,0.038755570851622734,113797,117723,132244,0.41639474789915965,0.5155166666666666,1.0,0.6666666666666666,0.0,0.0,0.17709720372836218,0.1568627450980392,0.751,0.663,0.0,0.0,25,57,6008,5304,0.17709720372836218,0.1568627450980392,8192,1712880,0.001,0.36464559072014074,0.0,0.36464559072014074,4999.0,0.727863931965983,2.992256070043299,0.0,870.0,928.2706222865412,1149.0,0.0,5000.0,1001.0,2000.0,0.0,0.0,0.0,0.0,0.08661417322834646,0.9133858267716536,0.13,0.109,0,0,635,635
graph_bfs_size65536_seed1_loads,graph,1000,1,1000,1.2371245737773833,1.2154152555595326,-0.021709318217850715,GMC-style,0.021709318217850715,107045,108957,132428,0.4118016106442577,0.4791047619047619,1.0,0.6666666666666666,0.0,0.0,0.23834886817576564,0.2665589660743134,0.751,0.619,0.0,0.0,13,17,6008,4952,0.23834886817576564,0.2665589660743134,8192,1712880,0.001,0.36464559072014074,0.0,0.36464559072014074,4999.0,0.727863931965983,2.992256070043299,0.0,872.0,858.7626728110599,656.0,0.0,5000.0,1001.0,2000.0,0.0,0.0,0.0,0.0,0.16363636363636364,0.8363636363636363,0.213,0.108,0,0,550,550
graph_bfs_size65536_seed1_loads,graph,1000,2,1000,1.2537770634395387,1.1560631156830268,-0.09771394775651188,GMC-style,0.09771394775651188,105770,114710,132612,0.4183317927170868,0.38343333333333335,1.0,0.6666666666666666,0.0,0.0,0.25132978723404253,0.2550607287449393,0.752,0.494,0.0,0.0,10,20,6016,3952,0.25132978723404253,0.2550607287449393,8192,1712880,0.001,0.36464559072014074,0.0,0.36464559072014074,4999.0,0.727863931965983,2.992256070043299,0.0,874.0,742.1309523809524,805.0,0.0,5000.0,1001.0,2000.0,0.0,0.0,0.0,0.0,0.14215686274509803,0.8578431372549019,0.354,0.098,0,0,408,408
graph_bfs_size65536_seed2_loads,graph,100,0,100,1.1004261477848356,1.1412608405603737,0.040834692775538084,WAM,0.040834692775538084,12437,11992,13686,0.42193837535014006,0.5316666666666666,1.0,0.6666666666666666,0.0,0.0,0.13846153846153847,0.20689655172413793,0.65,0.58,0.0,0.0,0,0,520,464,0.13846153846153847,0.20689655172413793,8192,1712880,0.01,0.36464559072014074,0.0,0.36464559072014074,4999.0,0.727863931965983,2.992256070043299,0.0,91.0,702.0606936416185,632.0,0.0,5000.0,101.0,2000.0,0.0,0.0,0.0,0.0,0.01818181818181818,0.9818181818181818,0.11,0.09,0,0,55,55
graph_bfs_size65536_seed2_loads,graph,100,1,100,1.1546443938243482,1.2308660850795934,0.07622169125524514,WAM,0.07622169125524514,11853,11119,13686,0.41200840336134453,0.49733333333333335,1.0,0.6666666666666666,0.0,0.0,0.2,0.29508196721311475,0.65,0.61,0.0,0.0,0,0,520,488,0.2,0.29508196721311475,8192,1712880,0.01,0.36464559072014074,0.0,0.36464559072014074,4999.0,0.727863931965983,2.992256070043299,0.0,91.0,639.6729106628242,632.0,0.0,5000.0,101.0,2000.0,0.0,0.0,0.0,0.0,0.11538461538461539,0.8846153846153846,0.13,0.1,0,0,52,52
graph_bfs_size65536_seed2_loads,graph,100,2,100,1.1862624846679517,1.0664776307498425,-0.11978485391810922,GMC-style,0.11978485391810922,11414,12696,13540,0.4278207282913165,0.31,1.0,0.6666666666666666,0.0,0.0,0.234375,0.1875,0.64,0.32,0.0,0.0,0,0,512,256,0.234375,0.1875,8192,1712880,0.01,0.36464559072014074,0.0,0.36464559072014074,4999.0,0.727863931965983,2.992256070043299,0.0,90.0,660.6702127659574,632.0,0.0,5000.0,101.0,2000.0,0.0,0.0,0.0,0.0,0.08,0.92,0.39,0.07,0,0,25,25
graph_bfs_size65536_seed2_loads,graph,500,0,500,1.1241320018517293,1.1138925294888598,-0.010239472362869595,GMC-style,0.010239472362869595,60484,61040,67992,0.41061484593837533,0.5133,1.0,0.6666666666666666,0.0,0.0,0.14361702127659576,0.14367816091954022,0.752,0.696,0.0,0.0,0,2,3008,2784,0.14361702127659576,0.14367816091954022,8192,1712880,0.002,0.36464559072014074,0.0,0.36464559072014074,4999.0,0.727863931965983,2.992256070043299,0.0,452.0,836.015984015984,1149,0.0,5000.0,501.0,2000.0,0.0,0.0,0.0,0.0,0.09584664536741214,0.9041533546325878,0.126,0.108,0,0,313,313
graph_bfs_size65536_seed2_loads,graph,500,1,500,1.2182762945708654,1.1917966695880806,-0.026479624982784777,GMC-style,0.026479624982784777,55810,57050,67992,0.4103357142857143,0.44403333333333334,1.0,0.6666666666666666,0.0,0.0,0.22994652406417113,0.25666666666666665,0.748,0.6,0.0,0.0,0,0,2992,2400,0.22994652406417113,0.25666666666666665,8192,1712880,0.002,0.36464559072014074,0.0,0.36464559072014074,4999.0,0.727863931965983,2.992256070043299,0.0,452.0,750.6282998944034,632,0.0,5000.0,501.0,2000.0,0.0,0.0,0.0,0.0,0.14,0.86,0.25,0.106,0,0,250,250
graph_bfs_size65536_seed2_loads,graph,500,2,500,1.2757084030611285,1.1271410296878375,-0.14856737337329107,GMC-style,0.14856737337329107,53183,60193,67846,0.42353893557422967,0.3682666666666667,1.0,0.6666666666666666,0.0,0.0,0.27466666666666667,0.23376623376623376,0.75,0.462,0.0,0.0,0,1,3000,1848,0.27466666666666667,0.23376623376623376,8192,1712880,0.002,0.36464559072014074,0.0,0.36464559072014074,4999.0,0.727863931965983,2.992256070043299,0.0,451.0,649.6015801354401,587.0,0.0,5000.0,501.0,2000.0,0.0,0.0,0.0,0.0,0.14814814814814814,0.8518518518518519,0.372,0.09,0,0,189,189
graph_bfs_size65536_seed2_loads,graph,1000,0,1000,1.1621044491506807,1.123348878299058,-0.038755570851622734,GMC-style,0.038755570851622734,113797,117723,132244,0.41639474789915965,0.5155166666666666,1.0,0.6666666666666666,0.0,0.0,0.17709720372836218,0.1568627450980392,0.751,0.663,0.0,0.0,25,57,6008,5304,0.17709720372836218,0.1568627450980392,8192,1712880,0.001,0.36464559072014074,0.0,0.36464559072014074,4999.0,0.727863931965983,2.992256070043299,0.0,870.0,928.2706222865412,1149.0,0.0,5000.0,1001.0,2000.0,0.0,0.0,0.0,0.0,0.08661417322834646,0.9133858267716536,0.13,0.109,0,0,635,635
graph_bfs_size65536_seed2_loads,graph,1000,1,1000,1.2371245737773833,1.2154152555595326,-0.021709318217850715,GMC-style,0.021709318217850715,107045,108957,132428,0.4118016106442577,0.4791047619047619,1.0,0.6666666666666666,0.0,0.0,0.23834886817576564,0.2665589660743134,0.751,0.619,0.0,0.0,13,17,6008,4952,0.23834886817576564,0.2665589660743134,8192,1712880,0.001,0.36464559072014074,0.0,0.36464559072014074,4999.0,0.727863931965983,2.992256070043299,0.0,872.0,858.7626728110599,656.0,0.0,5000.0,1001.0,2000.0,0.0,0.0,0.0,0.0,0.16363636363636364,0.8363636363636363,0.213,0.108,0,0,550,550
graph_bfs_size65536_seed2_loads,graph,1000,2,1000,1.2537770634395387,1.1560631156830268,-0.09771394775651188,GMC-style,0.09771394775651188,105770,114710,132612,0.4183317927170868,0.38343333333333335,1.0,0.6666666666666666,0.0,0.0,0.25132978723404253,0.2550607287449393,0.752,0.494,0.0,0.0,10,20,6016,3952,0.25132978723404253,0.2550607287449393,8192,1712880,0.001,0.36464559072014074,0.0,0.36464559072014074,4999.0,0.727863931965983,2.992256070043299,0.0,874.0,742.1309523809524,805.0,0.0,5000.0,1001.0,2000.0,0.0,0.0,0.0,0.0,0.14215686274509803,0.8578431372549019,0.354,0.098,0,0,408,408
graph_bfs_size65536_seed3_loads,graph,100,0,100,1.1004261477848356,1.1412608405603737,0.040834692775538084,WAM,0.040834692775538084,12437,11992,13686,0.42193837535014006,0.5316666666666666,1.0,0.6666666666666666,0.0,0.0,0.13846153846153847,0.20689655172413793,0.65,0.58,0.0,0.0,0,0,520,464,0.13846153846153847,0.20689655172413793,8192,1712880,0.01,0.36464559072014074,0.0,0.36464559072014074,4999.0,0.727863931965983,2.992256070043299,0.0,91.0,702.0606936416185,632.0,0.0,5000.0,101.0,2000.0,0.0,0.0,0.0,0.0,0.01818181818181818,0.9818181818181818,0.11,0.09,0,0,55,55
graph_bfs_size65536_seed3_loads,graph,100,1,100,1.1546443938243482,1.2308660850795934,0.07622169125524514,WAM,0.07622169125524514,11853,11119,13686,0.41200840336134453,0.49733333333333335,1.0,0.6666666666666666,0.0,0.0,0.2,0.29508196721311475,0.65,0.61,0.0,0.0,0,0,520,488,0.2,0.29508196721311475,8192,1712880,0.01,0.36464559072014074,0.0,0.36464559072014074,4999.0,0.727863931965983,2.992256070043299,0.0,91.0,639.6729106628242,632.0,0.0,5000.0,101.0,2000.0,0.0,0.0,0.0,0.0,0.11538461538461539,0.8846153846153846,0.13,0.1,0,0,52,52
graph_bfs_size65536_seed3_loads,graph,100,2,100,1.1862624846679517,1.0664776307498425,-0.11978485391810922,GMC-style,0.11978485391810922,11414,12696,13540,0.4278207282913165,0.31,1.0,0.6666666666666666,0.0,0.0,0.234375,0.1875,0.64,0.32,0.0,0.0,0,0,512,256,0.234375,0.1875,8192,1712880,0.01,0.36464559072014074,0.0,0.36464559072014074,4999.0,0.727863931965983,2.992256070043299,0.0,90.0,660.6702127659574,632.0,0.0,5000.0,101.0,2000.0,0.0,0.0,0.0,0.0,0.08,0.92,0.39,0.07,0,0,25,25
graph_bfs_size65536_seed3_loads,graph,500,0,500,1.1241320018517293,1.1138925294888598,-0.010239472362869595,GMC-style,0.010239472362869595,60484,61040,67992,0.41061484593837533,0.5133,1.0,0.6666666666666666,0.0,0.0,0.14361702127659576,0.14367816091954022,0.752,0.696,0.0,0.0,0,2,3008,2784,0.14361702127659576,0.14367816091954022,8192,1712880,0.002,0.36464559072014074,0.0,0.36464559072014074,4999.0,0.727863931965983,2.992256070043299,0.0,452.0,836.015984015984,1149,0.0,5000.0,501.0,2000.0,0.0,0.0,0.0,0.0,0.09584664536741214,0.9041533546325878,0.126,0.108,0,0,313,313
graph_bfs_size65536_seed3_loads,graph,500,1,500,1.2182762945708654,1.1917966695880806,-0.026479624982784777,GMC-style,0.026479624982784777,55810,57050,67992,0.4103357142857143,0.44403333333333334,1.0,0.6666666666666666,0.0,0.0,0.22994652406417113,0.25666666666666665,0.748,0.6,0.0,0.0,0,0,2992,2400,0.22994652406417113,0.25666666666666665,8192,1712880,0.002,0.36464559072014074,0.0,0.36464559072014074,4999.0,0.727863931965983,2.992256070043299,0.0,452.0,750.6282998944034,632,0.0,5000.0,501.0,2000.0,0.0,0.0,0.0,0.0,0.14,0.86,0.25,0.106,0,0,250,250
graph_bfs_size65536_seed3_loads,graph,500,2,500,1.2757084030611285,1.1271410296878375,-0.14856737337329107,GMC-style,0.14856737337329107,53183,60193,67846,0.42353893557422967,0.3682666666666667,1.0,0.6666666666666666,0.0,0.0,0.27466666666666667,0.23376623376623376,0.75,0.462,0.0,0.0,0,1,3000,1848,0.27466666666666667,0.23376623376623376,8192,1712880,0.002,0.36464559072014074,0.0,0.36464559072014074,4999.0,0.727863931965983,2.992256070043299,0.0,451.0,649.6015801354401,587.0,0.0,5000.0,501.0,2000.0,0.0,0.0,0.0,0.0,0.14814814814814814,0.8518518518518519,0.372,0.09,0,0,189,189
graph_bfs_size65536_seed3_loads,graph,1000,0,1000,1.1621044491506807,1.123348878299058,-0.038755570851622734,GMC-style,0.038755570851622734,113797,117723,132244,0.41639474789915965,0.5155166666666666,1.0,0.6666666666666666,0.0,0.0,0.17709720372836218,0.1568627450980392,0.751,0.663,0.0,0.0,25,57,6008,5304,0.17709720372836218,0.1568627450980392,8192,1712880,0.001,0.36464559072014074,0.0,0.36464559072014074,4999.0,0.727863931965983,2.992256070043299,0.0,870.0,928.2706222865412,1149.0,0.0,5000.0,1001.0,2000.0,0.0,0.0,0.0,0.0,0.08661417322834646,0.9133858267716536,0.13,0.109,0,0,635,635
graph_bfs_size65536_seed3_loads,graph,1000,1,1000,1.2371245737773833,1.2154152555595326,-0.021709318217850715,GMC-style,0.021709318217850715,107045,108957,132428,0.4118016106442577,0.4791047619047619,1.0,0.6666666666666666,0.0,0.0,0.23834886817576564,0.2665589660743134,0.751,0.619,0.0,0.0,13,17,6008,4952,0.23834886817576564,0.2665589660743134,8192,1712880,0.001,0.36464559072014074,0.0,0.36464559072014074,4999.0,0.727863931965983,2.992256070043299,0.0,872.0,858.7626728110599,656.0,0.0,5000.0,1001.0,2000.0,0.0,0.0,0.0,0.0,0.16363636363636364,0.8363636363636363,0.213,0.108,0,0,550,550
graph_bfs_size65536_seed3_loads,graph,1000,2,1000,1.2537770634395387,1.1560631156830268,-0.09771394775651188,GMC-style,0.09771394775651188,105770,114710,132612,0.4183317927170868,0.38343333333333335,1.0,0.6666666666666666,0.0,0.0,0.25132978723404253,0.2550607287449393,0.752,0.494,0.0,0.0,10,20,6016,3952,0.25132978723404253,0.2550607287449393,8192,1712880,0.001,0.36464559072014074,0.0,0.36464559072014074,4999.0,0.727863931965983,2.992256070043299,0.0,874.0,742.1309523809524,805.0,0.0,5000.0,1001.0,2000.0,0.0,0.0,0.0,0.0,0.14215686274509803,0.8578431372549019,0.354,0.098,0,0,408,408
graph_bfs_size65536_seed4_loads,graph,100,0,100,1.1004261477848356,1.1412608405603737,0.040834692775538084,WAM,0.040834692775538084,12437,11992,13686,0.42193837535014006,0.5316666666666666,1.0,0.6666666666666666,0.0,0.0,0.13846153846153847,0.20689655172413793,0.65,0.58,0.0,0.0,0,0,520,464,0.13846153846153847,0.20689655172413793,8192,1712880,0.01,0.36464559072014074,0.0,0.36464559072014074,4999.0,0.727863931965983,2.992256070043299,0.0,91.0,702.0606936416185,632.0,0.0,5000.0,101.0,2000.0,0.0,0.0,0.0,0.0,0.01818181818181818,0.9818181818181818,0.11,0.09,0,0,55,55
graph_bfs_size65536_seed4_loads,graph,100,1,100,1.1546443938243482,1.2308660850795934,0.07622169125524514,WAM,0.07622169125524514,11853,11119,13686,0.41200840336134453,0.49733333333333335,1.0,0.6666666666666666,0.0,0.0,0.2,0.29508196721311475,0.65,0.61,0.0,0.0,0,0,520,488,0.2,0.29508196721311475,8192,1712880,0.01,0.36464559072014074,0.0,0.36464559072014074,4999.0,0.727863931965983,2.992256070043299,0.0,91.0,639.6729106628242,632.0,0.0,5000.0,101.0,2000.0,0.0,0.0,0.0,0.0,0.11538461538461539,0.8846153846153846,0.13,0.1,0,0,52,52
graph_bfs_size65536_seed4_loads,graph,100,2,100,1.1862624846679517,1.0664776307498425,-0.11978485391810922,GMC-style,0.11978485391810922,11414,12696,13540,0.4278207282913165,0.31,1.0,0.6666666666666666,0.0,0.0,0.234375,0.1875,0.64,0.32,0.0,0.0,0,0,512,256,0.234375,0.1875,8192,1712880,0.01,0.36464559072014074,0.0,0.36464559072014074,4999.0,0.727863931965983,2.992256070043299,0.0,90.0,660.6702127659574,632.0,0.0,5000.0,101.0,2000.0,0.0,0.0,0.0,0.0,0.08,0.92,0.39,0.07,0,0,25,25
graph_bfs_size65536_seed4_loads,graph,500,0,500,1.1241320018517293,1.1138925294888598,-0.010239472362869595,GMC-style,0.010239472362869595,60484,61040,67992,0.41061484593837533,0.5133,1.0,0.6666666666666666,0.0,0.0,0.14361702127659576,0.14367816091954022,0.752,0.696,0.0,0.0,0,2,3008,2784,0.14361702127659576,0.14367816091954022,8192,1712880,0.002,0.36464559072014074,0.0,0.36464559072014074,4999.0,0.727863931965983,2.992256070043299,0.0,452.0,836.015984015984,1149,0.0,5000.0,501.0,2000.0,0.0,0.0,0.0,0.0,0.09584664536741214,0.9041533546325878,0.126,0.108,0,0,313,313
graph_bfs_size65536_seed4_loads,graph,500,1,500,1.2182762945708654,1.1917966695880806,-0.026479624982784777,GMC-style,0.026479624982784777,55810,57050,67992,0.4103357142857143,0.44403333333333334,1.0,0.6666666666666666,0.0,0.0,0.22994652406417113,0.25666666666666665,0.748,0.6,0.0,0.0,0,0,2992,2400,0.22994652406417113,0.25666666666666665,8192,1712880,0.002,0.36464559072014074,0.0,0.36464559072014074,4999.0,0.727863931965983,2.992256070043299,0.0,452.0,750.6282998944034,632,0.0,5000.0,501.0,2000.0,0.0,0.0,0.0,0.0,0.14,0.86,0.25,0.106,0,0,250,250
graph_bfs_size65536_seed4_loads,graph,500,2,500,1.2757084030611285,1.1271410296878375,-0.14856737337329107,GMC-style,0.14856737337329107,53183,60193,67846,0.42353893557422967,0.3682666666666667,1.0,0.6666666666666666,0.0,0.0,0.27466666666666667,0.23376623376623376,0.75,0.462,0.0,0.0,0,1,3000,1848,0.27466666666666667,0.23376623376623376,8192,1712880,0.002,0.36464559072014074,0.0,0.36464559072014074,4999.0,0.727863931965983,2.992256070043299,0.0,451.0,649.6015801354401,587.0,0.0,5000.0,501.0,2000.0,0.0,0.0,0.0,0.0,0.14814814814814814,0.8518518518518519,0.372,0.09,0,0,189,189
graph_bfs_size65536_seed4_loads,graph,1000,0,1000,1.1621044491506807,1.123348878299058,-0.038755570851622734,GMC-style,0.038755570851622734,113797,117723,132244,0.41639474789915965,0.5155166666666666,1.0,0.6666666666666666,0.0,0.0,0.17709720372836218,0.1568627450980392,0.751,0.663,0.0,0.0,25,57,6008,5304,0.17709720372836218,0.1568627450980392,8192,1712880,0.001,0.36464559072014074,0.0,0.36464559072014074,4999.0,0.727863931965983,2.992256070043299,0.0,870.0,928.2706222865412,1149.0,0.0,5000.0,1001.0,2000.0,0.0,0.0,0.0,0.0,0.08661417322834646,0.9133858267716536,0.13,0.109,0,0,635,635
graph_bfs_size65536_seed4_loads,graph,1000,1,1000,1.2371245737773833,1.2154152555595326,-0.021709318217850715,GMC-style,0.021709318217850715,107045,108957,132428,0.4118016106442577,0.4791047619047619,1.0,0.6666666666666666,0.0,0.0,0.23834886817576564,0.2665589660743134,0.751,0.619,0.0,0.0,13,17,6008,4952,0.23834886817576564,0.2665589660743134,8192,1712880,0.001,0.36464559072014074,0.0,0.36464559072014074,4999.0,0.727863931965983,2.992256070043299,0.0,872.0,858.7626728110599,656.0,0.0,5000.0,1001.0,2000.0,0.0,0.0,0.0,0.0,0.16363636363636364,0.8363636363636363,0.213,0.108,0,0,550,550
graph_bfs_size65536_seed4_loads,graph,1000,2,1000,1.2537770634395387,1.1560631156830268,-0.09771394775651188,GMC-style,0.09771394775651188,105770,114710,132612,0.4183317927170868,0.38343333333333335,1.0,0.6666666666666666,0.0,0.0,0.25132978723404253,0.2550607287449393,0.752,0.494,0.0,0.0,10,20,6016,3952,0.25132978723404253,0.2550607287449393,8192,1712880,0.001,0.36464559072014074,0.0,0.36464559072014074,4999.0,0.727863931965983,2.992256070043299,0.0,874.0,742.1309523809524,805.0,0.0,5000.0,1001.0,2000.0,0.0,0.0,0.0,0.0,0.14215686274509803,0.8578431372549019,0.354,0.098,0,0,408,408
graph_dfs_size16384_seed0_loads,graph,100,0,100,0.9998594913587185,1.0606647786555374,0.06080528729681889,WAM,0.06080528729681889,7117,6709,7116,0.08,0.6571150793650794,0.0,0.3333333333333333,0.0,0.0,0.0,0.0967741935483871,0.01,0.31,0.0,0.0,0,0,8,248,0.0,0.0967741935483871,8192,1759440,0.01,0.5199114266030961,0.0,0.5199114266030961,4999.0,0.0050025012506253125,8.801433080915258,0.0,46.0,159.967585089141,2,0.0,5000.0,101.0,2000.0,0.0,0.0,0.0,0.0,0.5,0.5,0.0,0.78,0,0,6,6
graph_dfs_size16384_seed0_loads,graph,100,1,100,0.9997246696035242,1.1065061709584032,0.10678150135487896,WAM,0.10678150135487896,7264,6563,7262,0.04,0.6407142857142857,0.0,0.3333333333333333,0.0,0.0,0.0,0.16129032258064516,0.02,0.31,0.0,0.0,0,0,16,248,0.0,0.16129032258064516,8192,1759440,0.01,0.5199114266030961,0.0,0.5199114266030961,4999.0,0.0050025012506253125,8.801433080915258,0.0,47.0,159.37696051919957,2,0.0,5000.0,101.0,2000.0,0.0,0.0,0.0,0.0,0.5,0.5,0.0,0.8,0,0,4,4
graph_dfs_size16384_seed0_loads,graph,100,2,100,0.9997246696035242,1.0595272833381966,0.05980261373467233,WAM,0.05980261373467233,7264,6854,7262,0.08,0.6493055555555556,0.0,0.3333333333333333,0.0,0.0,0.0,0.1,0.02,0.3,0.0,0.0,0,0,16,240,0.0,0.1,8192,1759440,0.01,0.5199114266030961,0.0,0.5199114266030961,4999.0,0.0050025012506253125,8.801433080915258,0.0,47.0,161.65603028664142,2,0.0,5000.0,101.0,2000.0,0.0,0.0,0.0,0.0,0.5,0.5,0.0,0.78,0,0,6,6
graph_dfs_size16384_seed0_loads,graph,500,0,500,1.0104436460857213,1.0775124732715609,0.06706882718583951,WAM,0.06706882718583951,23938,22448,24188,0.058,0.6505507936507936,0.0,0.3333333333333333,0.0,0.0,0.2,0.18269230769230768,0.02,0.208,0.0,0.10526315789473684,1,17,80,832,0.2,0.18269230769230768,8192,1759440,0.002,0.5199114266030961,0.0,0.5199114266030961,4999.0,0.0050025012506253125,8.801433080915258,0.0,150.0,168.97951914514692,2.0,0.0,5000.0,501.0,2000.0,0.0,0.0,0.0,0.0,0.4827586206896552,0.5172413793103449,0.0,0.91,0,0,29,29
graph_dfs_size16384_seed0_loads,graph,500,1,500,1.010466079361494,1.061456932690026,0.05099085332853215,WAM,0.05099085332853215,26562,25286,26840,0.054,0.6522722222222223,0.0,0.3333333333333333,0.0,0.0,0.3333333333333333,0.13636363636363635,0.012,0.22,0.0,0.0,1,20,48,880,0.3333333333333333,0.13636363636363635,8192,1759440,0.002,0.5199114266030961,0.0,0.5199114266030961,4999.0,0.0050025012506253125,8.801433080915258,0.0,168.0,174.09362460989746,2,0.0,5000.0,501.0,2000.0,0.0,0.0,0.0,0.0,0.48148148148148145,0.5185185185185185,0.0,0.914,0,0,27,27
graph_dfs_size16384_seed0_loads,graph,500,2,500,0.9997048841670355,1.0931386390222257,0.09343375485519023,WAM,0.09343375485519023,27108,24791,27100,0.054,0.6461642857142857,0.0,0.3333333333333333,0.0,0.0,0.0,0.21100917431192662,0.016,0.218,0.0,0.0,2,17,64,872,0.0,0.21100917431192662,8192,1759440,0.002,0.5199114266030961,0.0,0.5199114266030961,4999.0,0.0050025012506253125,8.801433080915258,0.0,170.0,176.42138084632518,2,0.0,5000.0,501.0,2000.0,0.0,0.0,0.0,0.0,0.48,0.52,0.0,0.918,0,0,25,25
graph_dfs_size16384_seed0_loads,graph,1000,0,1000,1.006842091029559,1.049737777025884,0.042895685996324984,WAM,0.042895685996324984,36977,35466,37230,0.064,0.6526047619047619,0.0,0.3333333333333333,0.0,0.0,0.26666666666666666,0.2064516129032258,0.015,0.155,0.0,0.125,5,40,120,1240,0.26666666666666666,0.2064516129032258,8192,1759440,0.001,0.5199114266030961,0.0,0.5199114266030961,4999.0,0.0050025012506253125,8.801433080915258,0.0,219.0,186.72084548104957,2.0,0.0,5000.0,1001.0,2000.0,0.0,0.0,0.0,0.0,0.5161290322580645,0.4838709677419355,0.0,0.922,0,0,62,62
graph_dfs_size16384_seed0_loads,graph,1000,1,1000,0.9991555391354832,1.038652511453104,0.03949697231762084,WAM,0.03949697231762084,37894,36453,37862,0.049,0.6630436507936508,0.0,0.3333333333333333,0.0,0.0,0.0,0.14583333333333334,0.008,0.192,0.0,0.03571428571428571,3,35,64,1536,0.0,0.14583333333333334,8192,1759440,0.001,0.5199114266030961,0.0,0.5199114266030961,4999.0,0.0050025012506253125,8.801433080915258,0.0,223.0,188.39737513671162,2,0.0,5000.0,1001.0,2000.0,0.0,0.0,0.0,0.0,0.5102040816326531,0.4897959183673469,0.0,0.935,0,0,49,49
graph_dfs_size16384_seed0_loads,graph,1000,2,1000,1.0031688311688312,1.0488553349808543,0.045686503812023105,WAM,0.045686503812023105,38500,36823,38622,0.072,0.6486710678210679,0.0,0.3333333333333333,0.0,0.0,0.1875,0.19672131147540983,0.016,0.183,0.0,0.05555555555555555,5,47,128,1464,0.1875,0.19672131147540983,8192,1759440,0.001,0.5199114266030961,0.0,0.5199114266030961,4999.0,0.0050025012506253125,8.801433080915258,0.0,227.0,190.1822821728035,2,0.0,5000.0,1001.0,2000.0,0.0,0.0,0.0,0.0,0.5,0.5,0.0,0.914,0,0,70,70
graph_dfs_size16384_seed1_loads,graph,100,0,100,0.9998594913587185,1.0606647786555374,0.06080528729681889,WAM,0.06080528729681889,7117,6709,7116,0.08,0.6571150793650794,0.0,0.3333333333333333,0.0,0.0,0.0,0.0967741935483871,0.01,0.31,0.0,0.0,0,0,8,248,0.0,0.0967741935483871,8192,1759440,0.01,0.5199114266030961,0.0,0.5199114266030961,4999.0,0.0050025012506253125,8.801433080915258,0.0,46.0,159.967585089141,2,0.0,5000.0,101.0,2000.0,0.0,0.0,0.0,0.0,0.5,0.5,0.0,0.78,0,0,6,6
graph_dfs_size16384_seed1_loads,graph,100,1,100,0.9997246696035242,1.1065061709584032,0.10678150135487896,WAM,0.10678150135487896,7264,6563,7262,0.04,0.6407142857142857,0.0,0.3333333333333333,0.0,0.0,0.0,0.16129032258064516,0.02,0.31,0.0,0.0,0,0,16,248,0.0,0.16129032258064516,8192,1759440,0.01,0.5199114266030961,0.0,0.5199114266030961,4999.0,0.0050025012506253125,8.801433080915258,0.0,47.0,159.37696051919957,2,0.0,5000.0,101.0,2000.0,0.0,0.0,0.0,0.0,0.5,0.5,0.0,0.8,0,0,4,4
graph_dfs_size16384_seed1_loads,graph,100,2,100,0.9997246696035242,1.0595272833381966,0.05980261373467233,WAM,0.05980261373467233,7264,6854,7262,0.08,0.6493055555555556,0.0,0.3333333333333333,0.0,0.0,0.0,0.1,0.02,0.3,0.0,0.0,0,0,16,240,0.0,0.1,8192,1759440,0.01,0.5199114266030961,0.0,0.5199114266030961,4999.0,0.0050025012506253125,8.801433080915258,0.0,47.0,161.65603028664142,2,0.0,5000.0,101.0,2000.0,0.0,0.0,0.0,0.0,0.5,0.5,0.0,0.78,0,0,6,6
graph_dfs_size16384_seed1_loads,graph,500,0,500,1.0104436460857213,1.0775124732715609,0.06706882718583951,WAM,0.06706882718583951,23938,22448,24188,0.058,0.6505507936507936,0.0,0.3333333333333333,0.0,0.0,0.2,0.18269230769230768,0.02,0.208,0.0,0.10526315789473684,1,17,80,832,0.2,0.18269230769230768,8192,1759440,0.002,0.5199114266030961,0.0,0.5199114266030961,4999.0,0.0050025012506253125,8.801433080915258,0.0,150.0,168.97951914514692,2.0,0.0,5000.0,501.0,2000.0,0.0,0.0,0.0,0.0,0.4827586206896552,0.5172413793103449,0.0,0.91,0,0,29,29
graph_dfs_size16384_seed1_loads,graph,500,1,500,1.010466079361494,1.061456932690026,0.05099085332853215,WAM,0.05099085332853215,26562,25286,26840,0.054,0.6522722222222223,0.0,0.3333333333333333,0.0,0.0,0.3333333333333333,0.13636363636363635,0.012,0.22,0.0,0.0,1,20,48,880,0.3333333333333333,0.13636363636363635,8192,1759440,0.002,0.5199114266030961,0.0,0.5199114266030961,4999.0,0.0050025012506253125,8.801433080915258,0.0,168.0,174.09362460989746,2,0.0,5000.0,501.0,2000.0,0.0,0.0,0.0,0.0,0.48148148148148145,0.5185185185185185,0.0,0.914,0,0,27,27
graph_dfs_size16384_seed1_loads,graph,500,2,500,0.9997048841670355,1.0931386390222257,0.09343375485519023,WAM,0.09343375485519023,27108,24791,27100,0.054,0.6461642857142857,0.0,0.3333333333333333,0.0,0.0,0.0,0.21100917431192662,0.016,0.218,0.0,0.0,2,17,64,872,0.0,0.21100917431192662,8192,1759440,0.002,0.5199114266030961,0.0,0.5199114266030961,4999.0,0.0050025012506253125,8.801433080915258,0.0,170.0,176.42138084632518,2,0.0,5000.0,501.0,2000.0,0.0,0.0,0.0,0.0,0.48,0.52,0.0,0.918,0,0,25,25
graph_dfs_size16384_seed1_loads,graph,1000,0,1000,1.006842091029559,1.049737777025884,0.042895685996324984,WAM,0.042895685996324984,36977,35466,37230,0.064,0.6526047619047619,0.0,0.3333333333333333,0.0,0.0,0.26666666666666666,0.2064516129032258,0.015,0.155,0.0,0.125,5,40,120,1240,0.26666666666666666,0.2064516129032258,8192,1759440,0.001,0.5199114266030961,0.0,0.5199114266030961,4999.0,0.0050025012506253125,8.801433080915258,0.0,219.0,186.72084548104957,2.0,0.0,5000.0,1001.0,2000.0,0.0,0.0,0.0,0.0,0.5161290322580645,0.4838709677419355,0.0,0.922,0,0,62,62
graph_dfs_size16384_seed1_loads,graph,1000,1,1000,0.9991555391354832,1.038652511453104,0.03949697231762084,WAM,0.03949697231762084,37894,36453,37862,0.049,0.6630436507936508,0.0,0.3333333333333333,0.0,0.0,0.0,0.14583333333333334,0.008,0.192,0.0,0.03571428571428571,3,35,64,1536,0.0,0.14583333333333334,8192,1759440,0.001,0.5199114266030961,0.0,0.5199114266030961,4999.0,0.0050025012506253125,8.801433080915258,0.0,223.0,188.39737513671162,2,0.0,5000.0,1001.0,2000.0,0.0,0.0,0.0,0.0,0.5102040816326531,0.4897959183673469,0.0,0.935,0,0,49,49
graph_dfs_size16384_seed1_loads,graph,1000,2,1000,1.0031688311688312,1.0488553349808543,0.045686503812023105,WAM,0.045686503812023105,38500,36823,38622,0.072,0.6486710678210679,0.0,0.3333333333333333,0.0,0.0,0.1875,0.19672131147540983,0.016,0.183,0.0,0.05555555555555555,5,47,128,1464,0.1875,0.19672131147540983,8192,1759440,0.001,0.5199114266030961,0.0,0.5199114266030961,4999.0,0.0050025012506253125,8.801433080915258,0.0,227.0,190.1822821728035,2,0.0,5000.0,1001.0,2000.0,0.0,0.0,0.0,0.0,0.5,0.5,0.0,0.914,0,0,70,70
graph_dfs_size16384_seed2_loads,graph,100,0,100,0.9998594913587185,1.0606647786555374,0.06080528729681889,WAM,0.06080528729681889,7117,6709,7116,0.08,0.6571150793650794,0.0,0.3333333333333333,0.0,0.0,0.0,0.0967741935483871,0.01,0.31,0.0,0.0,0,0,8,248,0.0,0.0967741935483871,8192,1759440,0.01,0.5199114266030961,0.0,0.5199114266030961,4999.0,0.0050025012506253125,8.801433080915258,0.0,46.0,159.967585089141,2,0.0,5000.0,101.0,2000.0,0.0,0.0,0.0,0.0,0.5,0.5,0.0,0.78,0,0,6,6
graph_dfs_size16384_seed2_loads,graph,100,1,100,0.9997246696035242,1.1065061709584032,0.10678150135487896,WAM,0.10678150135487896,7264,6563,7262,0.04,0.6407142857142857,0.0,0.3333333333333333,0.0,0.0,0.0,0.16129032258064516,0.02,0.31,0.0,0.0,0,0,16,248,0.0,0.16129032258064516,8192,1759440,0.01,0.5199114266030961,0.0,0.5199114266030961,4999.0,0.0050025012506253125,8.801433080915258,0.0,47.0,159.37696051919957,2,0.0,5000.0,101.0,2000.0,0.0,0.0,0.0,0.0,0.5,0.5,0.0,0.8,0,0,4,4
graph_dfs_size16384_seed2_loads,graph,100,2,100,0.9997246696035242,1.0595272833381966,0.05980261373467233,WAM,0.05980261373467233,7264,6854,7262,0.08,0.6493055555555556,0.0,0.3333333333333333,0.0,0.0,0.0,0.1,0.02,0.3,0.0,0.0,0,0,16,240,0.0,0.1,8192,1759440,0.01,0.5199114266030961,0.0,0.5199114266030961,4999.0,0.0050025012506253125,8.801433080915258,0.0,47.0,161.65603028664142,2,0.0,5000.0,101.0,2000.0,0.0,0.0,0.0,0.0,0.5,0.5,0.0,0.78,0,0,6,6
graph_dfs_size16384_seed2_loads,graph,500,0,500,1.0104436460857213,1.0775124732715609,0.06706882718583951,WAM,0.06706882718583951,23938,22448,24188,0.058,0.6505507936507936,0.0,0.3333333333333333,0.0,0.0,0.2,0.18269230769230768,0.02,0.208,0.0,0.10526315789473684,1,17,80,832,0.2,0.18269230769230768,8192,1759440,0.002,0.5199114266030961,0.0,0.5199114266030961,4999.0,0.0050025012506253125,8.801433080915258,0.0,150.0,168.97951914514692,2.0,0.0,5000.0,501.0,2000.0,0.0,0.0,0.0,0.0,0.4827586206896552,0.5172413793103449,0.0,0.91,0,0,29,29
graph_dfs_size16384_seed2_loads,graph,500,1,500,1.010466079361494,1.061456932690026,0.05099085332853215,WAM,0.05099085332853215,26562,25286,26840,0.054,0.6522722222222223,0.0,0.3333333333333333,0.0,0.0,0.3333333333333333,0.13636363636363635,0.012,0.22,0.0,0.0,1,20,48,880,0.3333333333333333,0.13636363636363635,8192,1759440,0.002,0.5199114266030961,0.0,0.5199114266030961,4999.0,0.0050025012506253125,8.801433080915258,0.0,168.0,174.09362460989746,2,0.0,5000.0,501.0,2000.0,0.0,0.0,0.0,0.0,0.48148148148148145,0.5185185185185185,0.0,0.914,0,0,27,27
graph_dfs_size16384_seed2_loads,graph,500,2,500,0.9997048841670355,1.0931386390222257,0.09343375485519023,WAM,0.09343375485519023,27108,24791,27100,0.054,0.6461642857142857,0.0,0.3333333333333333,0.0,0.0,0.0,0.21100917431192662,0.016,0.218,0.0,0.0,2,17,64,872,0.0,0.21100917431192662,8192,1759440,0.002,0.5199114266030961,0.0,0.5199114266030961,4999.0,0.0050025012506253125,8.801433080915258,0.0,170.0,176.42138084632518,2,0.0,5000.0,501.0,2000.0,0.0,0.0,0.0,0.0,0.48,0.52,0.0,0.918,0,0,25,25
graph_dfs_size16384_seed2_loads,graph,1000,0,1000,1.006842091029559,1.049737777025884,0.042895685996324984,WAM,0.042895685996324984,36977,35466,37230,0.064,0.6526047619047619,0.0,0.3333333333333333,0.0,0.0,0.26666666666666666,0.2064516129032258,0.015,0.155,0.0,0.125,5,40,120,1240,0.26666666666666666,0.2064516129032258,8192,1759440,0.001,0.5199114266030961,0.0,0.5199114266030961,4999.0,0.0050025012506253125,8.801433080915258,0.0,219.0,186.72084548104957,2.0,0.0,5000.0,1001.0,2000.0,0.0,0.0,0.0,0.0,0.5161290322580645,0.4838709677419355,0.0,0.922,0,0,62,62
graph_dfs_size16384_seed2_loads,graph,1000,1,1000,0.9991555391354832,1.038652511453104,0.03949697231762084,WAM,0.03949697231762084,37894,36453,37862,0.049,0.6630436507936508,0.0,0.3333333333333333,0.0,0.0,0.0,0.14583333333333334,0.008,0.192,0.0,0.03571428571428571,3,35,64,1536,0.0,0.14583333333333334,8192,1759440,0.001,0.5199114266030961,0.0,0.5199114266030961,4999.0,0.0050025012506253125,8.801433080915258,0.0,223.0,188.39737513671162,2,0.0,5000.0,1001.0,2000.0,0.0,0.0,0.0,0.0,0.5102040816326531,0.4897959183673469,0.0,0.935,0,0,49,49
graph_dfs_size16384_seed2_loads,graph,1000,2,1000,1.0031688311688312,1.0488553349808543,0.045686503812023105,WAM,0.045686503812023105,38500,36823,38622,0.072,0.6486710678210679,0.0,0.3333333333333333,0.0,0.0,0.1875,0.19672131147540983,0.016,0.183,0.0,0.05555555555555555,5,47,128,1464,0.1875,0.19672131147540983,8192,1759440,0.001,0.5199114266030961,0.0,0.5199114266030961,4999.0,0.0050025012506253125,8.801433080915258,0.0,227.0,190.1822821728035,2,0.0,5000.0,1001.0,2000.0,0.0,0.0,0.0,0.0,0.5,0.5,0.0,0.914,0,0,70,70
graph_dfs_size16384_seed3_loads,graph,100,0,100,0.9998594913587185,1.0606647786555374,0.06080528729681889,WAM,0.06080528729681889,7117,6709,7116,0.08,0.6571150793650794,0.0,0.3333333333333333,0.0,0.0,0.0,0.0967741935483871,0.01,0.31,0.0,0.0,0,0,8,248,0.0,0.0967741935483871,8192,1759440,0.01,0.5199114266030961,0.0,0.5199114266030961,4999.0,0.0050025012506253125,8.801433080915258,0.0,46.0,159.967585089141,2,0.0,5000.0,101.0,2000.0,0.0,0.0,0.0,0.0,0.5,0.5,0.0,0.78,0,0,6,6
graph_dfs_size16384_seed3_loads,graph,100,1,100,0.9997246696035242,1.1065061709584032,0.10678150135487896,WAM,0.10678150135487896,7264,6563,7262,0.04,0.6407142857142857,0.0,0.3333333333333333,0.0,0.0,0.0,0.16129032258064516,0.02,0.31,0.0,0.0,0,0,16,248,0.0,0.16129032258064516,8192,1759440,0.01,0.5199114266030961,0.0,0.5199114266030961,4999.0,0.0050025012506253125,8.801433080915258,0.0,47.0,159.37696051919957,2,0.0,5000.0,101.0,2000.0,0.0,0.0,0.0,0.0,0.5,0.5,0.0,0.8,0,0,4,4
graph_dfs_size16384_seed3_loads,graph,100,2,100,0.9997246696035242,1.0595272833381966,0.05980261373467233,WAM,0.05980261373467233,7264,6854,7262,0.08,0.6493055555555556,0.0,0.3333333333333333,0.0,0.0,0.0,0.1,0.02,0.3,0.0,0.0,0,0,16,240,0.0,0.1,8192,1759440,0.01,0.5199114266030961,0.0,0.5199114266030961,4999.0,0.0050025012506253125,8.801433080915258,0.0,47.0,161.65603028664142,2,0.0,5000.0,101.0,2000.0,0.0,0.0,0.0,0.0,0.5,0.5,0.0,0.78,0,0,6,6
graph_dfs_size16384_seed3_loads,graph,500,0,500,1.0104436460857213,1.0775124732715609,0.06706882718583951,WAM,0.06706882718583951,23938,22448,24188,0.058,0.6505507936507936,0.0,0.3333333333333333,0.0,0.0,0.2,0.18269230769230768,0.02,0.208,0.0,0.10526315789473684,1,17,80,832,0.2,0.18269230769230768,8192,1759440,0.002,0.5199114266030961,0.0,0.5199114266030961,4999.0,0.0050025012506253125,8.801433080915258,0.0,150.0,168.97951914514692,2.0,0.0,5000.0,501.0,2000.0,0.0,0.0,0.0,0.0,0.4827586206896552,0.5172413793103449,0.0,0.91,0,0,29,29
graph_dfs_size16384_seed3_loads,graph,500,1,500,1.010466079361494,1.061456932690026,0.05099085332853215,WAM,0.05099085332853215,26562,25286,26840,0.054,0.6522722222222223,0.0,0.3333333333333333,0.0,0.0,0.3333333333333333,0.13636363636363635,0.012,0.22,0.0,0.0,1,20,48,880,0.3333333333333333,0.13636363636363635,8192,1759440,0.002,0.5199114266030961,0.0,0.5199114266030961,4999.0,0.0050025012506253125,8.801433080915258,0.0,168.0,174.09362460989746,2,0.0,5000.0,501.0,2000.0,0.0,0.0,0.0,0.0,0.48148148148148145,0.5185185185185185,0.0,0.914,0,0,27,27
graph_dfs_size16384_seed3_loads,graph,500,2,500,0.9997048841670355,1.0931386390222257,0.09343375485519023,WAM,0.09343375485519023,27108,24791,27100,0.054,0.6461642857142857,0.0,0.3333333333333333,0.0,0.0,0.0,0.21100917431192662,0.016,0.218,0.0,0.0,2,17,64,872,0.0,0.21100917431192662,8192,1759440,0.002,0.5199114266030961,0.0,0.5199114266030961,4999.0,0.0050025012506253125,8.801433080915258,0.0,170.0,176.42138084632518,2,0.0,5000.0,501.0,2000.0,0.0,0.0,0.0,0.0,0.48,0.52,0.0,0.918,0,0,25,25
graph_dfs_size16384_seed3_loads,graph,1000,0,1000,1.006842091029559,1.049737777025884,0.042895685996324984,WAM,0.042895685996324984,36977,35466,37230,0.064,0.6526047619047619,0.0,0.3333333333333333,0.0,0.0,0.26666666666666666,0.2064516129032258,0.015,0.155,0.0,0.125,5,40,120,1240,0.26666666666666666,0.2064516129032258,8192,1759440,0.001,0.5199114266030961,0.0,0.5199114266030961,4999.0,0.0050025012506253125,8.801433080915258,0.0,219.0,186.72084548104957,2.0,0.0,5000.0,1001.0,2000.0,0.0,0.0,0.0,0.0,0.5161290322580645,0.4838709677419355,0.0,0.922,0,0,62,62
graph_dfs_size16384_seed3_loads,graph,1000,1,1000,0.9991555391354832,1.038652511453104,0.03949697231762084,WAM,0.03949697231762084,37894,36453,37862,0.049,0.6630436507936508,0.0,0.3333333333333333,0.0,0.0,0.0,0.14583333333333334,0.008,0.192,0.0,0.03571428571428571,3,35,64,1536,0.0,0.14583333333333334,8192,1759440,0.001,0.5199114266030961,0.0,0.5199114266030961,4999.0,0.0050025012506253125,8.801433080915258,0.0,223.0,188.39737513671162,2,0.0,5000.0,1001.0,2000.0,0.0,0.0,0.0,0.0,0.5102040816326531,0.4897959183673469,0.0,0.935,0,0,49,49
graph_dfs_size16384_seed3_loads,graph,1000,2,1000,1.0031688311688312,1.0488553349808543,0.045686503812023105,WAM,0.045686503812023105,38500,36823,38622,0.072,0.6486710678210679,0.0,0.3333333333333333,0.0,0.0,0.1875,0.19672131147540983,0.016,0.183,0.0,0.05555555555555555,5,47,128,1464,0.1875,0.19672131147540983,8192,1759440,0.001,0.5199114266030961,0.0,0.5199114266030961,4999.0,0.0050025012506253125,8.801433080915258,0.0,227.0,190.1822821728035,2,0.0,5000.0,1001.0,2000.0,0.0,0.0,0.0,0.0,0.5,0.5,0.0,0.914,0,0,70,70
graph_dfs_size16384_seed4_loads,graph,100,0,100,0.9998594913587185,1.0606647786555374,0.06080528729681889,WAM,0.06080528729681889,7117,6709,7116,0.08,0.6571150793650794,0.0,0.3333333333333333,0.0,0.0,0.0,0.0967741935483871,0.01,0.31,0.0,0.0,0,0,8,248,0.0,0.0967741935483871,8192,1759440,0.01,0.5199114266030961,0.0,0.5199114266030961,4999.0,0.0050025012506253125,8.801433080915258,0.0,46.0,159.967585089141,2,0.0,5000.0,101.0,2000.0,0.0,0.0,0.0,0.0,0.5,0.5,0.0,0.78,0,0,6,6
graph_dfs_size16384_seed4_loads,graph,100,1,100,0.9997246696035242,1.1065061709584032,0.10678150135487896,WAM,0.10678150135487896,7264,6563,7262,0.04,0.6407142857142857,0.0,0.3333333333333333,0.0,0.0,0.0,0.16129032258064516,0.02,0.31,0.0,0.0,0,0,16,248,0.0,0.16129032258064516,8192,1759440,0.01,0.5199114266030961,0.0,0.5199114266030961,4999.0,0.0050025012506253125,8.801433080915258,0.0,47.0,159.37696051919957,2,0.0,5000.0,101.0,2000.0,0.0,0.0,0.0,0.0,0.5,0.5,0.0,0.8,0,0,4,4
graph_dfs_size16384_seed4_loads,graph,100,2,100,0.9997246696035242,1.0595272833381966,0.05980261373467233,WAM,0.05980261373467233,7264,6854,7262,0.08,0.6493055555555556,0.0,0.3333333333333333,0.0,0.0,0.0,0.1,0.02,0.3,0.0,0.0,0,0,16,240,0.0,0.1,8192,1759440,0.01,0.5199114266030961,0.0,0.5199114266030961,4999.0,0.0050025012506253125,8.801433080915258,0.0,47.0,161.65603028664142,2,0.0,5000.0,101.0,2000.0,0.0,0.0,0.0,0.0,0.5,0.5,0.0,0.78,0,0,6,6
graph_dfs_size16384_seed4_loads,graph,500,0,500,1.0104436460857213,1.0775124732715609,0.06706882718583951,WAM,0.06706882718583951,23938,22448,24188,0.058,0.6505507936507936,0.0,0.3333333333333333,0.0,0.0,0.2,0.18269230769230768,0.02,0.208,0.0,0.10526315789473684,1,17,80,832,0.2,0.18269230769230768,8192,1759440,0.002,0.5199114266030961,0.0,0.5199114266030961,4999.0,0.0050025012506253125,8.801433080915258,0.0,150.0,168.97951914514692,2.0,0.0,5000.0,501.0,2000.0,0.0,0.0,0.0,0.0,0.4827586206896552,0.5172413793103449,0.0,0.91,0,0,29,29
graph_dfs_size16384_seed4_loads,graph,500,1,500,1.010466079361494,1.061456932690026,0.05099085332853215,WAM,0.05099085332853215,26562,25286,26840,0.054,0.6522722222222223,0.0,0.3333333333333333,0.0,0.0,0.3333333333333333,0.13636363636363635,0.012,0.22,0.0,0.0,1,20,48,880,0.3333333333333333,0.13636363636363635,8192,1759440,0.002,0.5199114266030961,0.0,0.5199114266030961,4999.0,0.0050025012506253125,8.801433080915258,0.0,168.0,174.09362460989746,2,0.0,5000.0,501.0,2000.0,0.0,0.0,0.0,0.0,0.48148148148148145,0.5185185185185185,0.0,0.914,0,0,27,27
graph_dfs_size16384_seed4_loads,graph,500,2,500,0.9997048841670355,1.0931386390222257,0.09343375485519023,WAM,0.09343375485519023,27108,24791,27100,0.054,0.6461642857142857,0.0,0.3333333333333333,0.0,0.0,0.0,0.21100917431192662,0.016,0.218,0.0,0.0,2,17,64,872,0.0,0.21100917431192662,8192,1759440,0.002,0.5199114266030961,0.0,0.5199114266030961,4999.0,0.0050025012506253125,8.801433080915258,0.0,170.0,176.42138084632518,2,0.0,5000.0,501.0,2000.0,0.0,0.0,0.0,0.0,0.48,0.52,0.0,0.918,0,0,25,25
graph_dfs_size16384_seed4_loads,graph,1000,0,1000,1.006842091029559,1.049737777025884,0.042895685996324984,WAM,0.042895685996324984,36977,35466,37230,0.064,0.6526047619047619,0.0,0.3333333333333333,0.0,0.0,0.26666666666666666,0.2064516129032258,0.015,0.155,0.0,0.125,5,40,120,1240,0.26666666666666666,0.2064516129032258,8192,1759440,0.001,0.5199114266030961,0.0,0.5199114266030961,4999.0,0.0050025012506253125,8.801433080915258,0.0,219.0,186.72084548104957,2.0,0.0,5000.0,1001.0,2000.0,0.0,0.0,0.0,0.0,0.5161290322580645,0.4838709677419355,0.0,0.922,0,0,62,62
graph_dfs_size16384_seed4_loads,graph,1000,1,1000,0.9991555391354832,1.038652511453104,0.03949697231762084,WAM,0.03949697231762084,37894,36453,37862,0.049,0.6630436507936508,0.0,0.3333333333333333,0.0,0.0,0.0,0.14583333333333334,0.008,0.192,0.0,0.03571428571428571,3,35,64,1536,0.0,0.14583333333333334,8192,1759440,0.001,0.5199114266030961,0.0,0.5199114266030961,4999.0,0.0050025012506253125,8.801433080915258,0.0,223.0,188.39737513671162,2,0.0,5000.0,1001.0,2000.0,0.0,0.0,0.0,0.0,0.5102040816326531,0.4897959183673469,0.0,0.935,0,0,49,49
graph_dfs_size16384_seed4_loads,graph,1000,2,1000,1.0031688311688312,1.0488553349808543,0.045686503812023105,WAM,0.045686503812023105,38500,36823,38622,0.072,0.6486710678210679,0.0,0.3333333333333333,0.0,0.0,0.1875,0.19672131147540983,0.016,0.183,0.0,0.05555555555555555,5,47,128,1464,0.1875,0.19672131147540983,8192,1759440,0.001,0.5199114266030961,0.0,0.5199114266030961,4999.0,0.0050025012506253125,8.801433080915258,0.0,227.0,190.1822821728035,2,0.0,5000.0,1001.0,2000.0,0.0,0.0,0.0,0.0,0.5,0.5,0.0,0.914,0,0,70,70
hash_table_size65536_seed0_loads,hash,100,0,100,0.999634796581696,0.9987593957527549,-0.0008754008289411086,GMC-style,0.0008754008289411086,13691,13703,13686,0.085,0.23,0.0,0.0,0.0,0.0,0.0,0.0,0.05,0.17,0.0,0.0,0,0,40,136,0.0,0.0,8192,1886568,0.01,0.1615992858481961,0.0,0.1615992858481961,4999.0,0.0720360180090045,10.370921445510728,0.030303030303030304,91.0,329.0431654676259,1.0,0.09090909090909091,5000.0,101.0,2000.0,0.0,0.0,0.0,0.0,0.0,1.0,0.03,0.16,0,0,4,4
hash_table_size65536_seed0_loads,hash,100,1,100,0.999537108470915,0.9987665741597287,-0.0007705343111863439,GMC-style,0.0007705343111863439,12962,12972,12956,0.125,0.30333333333333334,0.0,0.0,0.0,0.0,0.0,0.0,0.06,0.16,0.0,0.0,0,0,48,128,0.0,0.0,8192,1886568,0.01,0.1615992858481961,0.0,0.1615992858481961,4999.0,0.0720360180090045,10.370921445510728,0.0,86.0,313.0996441281139,1,0.1414141414141414,5000.0,101.0,2000.0,0.0,0.0,0.0,0.0,0.0,1.0,0.0,0.15,0,0,14,14
hash_table_size65536_seed0_loads,hash,100,2,100,0.9998612845054793,0.9987529444367466,-0.0011083400687327272,GMC-style,0.0011083400687327272,14418,14434,14416,0.035,0.2125,0.0,0.0,0.0,0.0,0.0,0.0,0.02,0.18,0.0,0.0,0,0,16,144,0.0,0.0,8192,1886568,0.01,0.1615992858481961,0.0,0.1615992858481961,4999.0,0.0720360180090045,10.370921445510728,0.0,96.0,330.80727272727273,1,0.04040404040404041,5000.0,101.0,2000.0,0.0,0.0,0.0,0.0,0.0,1.0,0.02,0.17,0,0,2,2
hash_table_size65536_seed0_loads,hash,500,0,500,0.9996823104693141,0.9986151981997576,-0.0010671122695564694,GMC-style,0.0010671122695564694,69250,69324,69228,0.064,0.22678571428571428,0.0,0.0,0.0,0.0,0.0,0.0,0.044,0.192,0.0,0.0,0,1,176,768,0.0,0.0,8192,1886568,0.002,0.1615992858481961,0.0,0.1615992858481961,4999.0,0.0720360180090045,10.370921445510728,0.01002004008016032,460.0,392.7690058479532,1.0,0.07014028056112225,5000.0,501.0,2000.0,0.0,0.0,0.0,0.0,0.0,1.0,0.018,0.192,0,0,28,28
hash_table_size65536_seed0_loads,hash,500,1,500,0.9996054388733763,1.0008052630779283,0.0011998242045520024,WAM,0.0011998242045520024,65896,65817,65870,0.1,0.239,0.0,0.0,0.0,0.0,0.0,0.010752688172043012,0.052,0.186,0.0,0.0,0,3,208,744,0.0,0.010752688172043012,8192,1886568,0.002,0.1615992858481961,0.0,0.1615992858481961,4999.0,0.0720360180090045,10.370921445510728,0.006012024048096192,437.0,378.8119891008174,1,0.11422845691382766,5000.0,501.0,2000.0,0.0,0.0,0.0,0.0,0.0,1.0,0.042,0.184,0,0,32,32
hash_table_size65536_seed0_loads,hash,500,2,500,0.9995919292677398,0.9984149268601965,-0.0011770024075432595,GMC-style,0.0011770024075432595,66165,66243,66138,0.1045,0.25616666666666665,0.0,0.0,0.0,0.0,0.0,0.0,0.054,0.21,0.0,0.0,0,0,216,840,0.0,0.0,8192,1886568,0.002,0.1615992858481961,0.0,0.1615992858481961,4999.0,0.0720360180090045,10.370921445510728,0.006012024048096192,439.0,386.19407008086256,1,0.11823647294589178,5000.0,501.0,2000.0,0.0,0.0,0.0,0.0,0.0,1.0,0.052,0.208,0,0,33,33
hash_table_size65536_seed0_loads,hash,1000,0,1000,0.9996245457002974,0.9983575944383198,-0.0012669512619775114,GMC-style,0.0012669512619775114,133172,133341,133122,0.08825,0.2685595238095238,0.0,0.0,0.0,0.0,0.0,0.0,0.05,0.211,0.0,0.0,0,3,400,1688,0.0,0.0,8192,1886568,0.001,0.1615992858481961,0.0,0.1615992858481961,4999.0,0.0720360180090045,10.370921445510728,0.007007007007007007,881.0,477.0403397027601,1,0.09509509509509509,5000.0,1001.0,2000.0,0.0,0.0,0.0,0.0,0.0,1.0,0.02,0.214,0,0,76,76
hash_table_size65536_seed0_loads,hash,1000,1,1000,0.9995862512833872,0.9995709338318673,-1.531745151983621e-05,GMC-style,1.531745151983621e-05,130514,130516,130460,0.104,0.26766666666666666,0.0,0.0,0.0,0.0,0.0,0.0049504950495049506,0.054,0.202,0.0,0.0,0,5,432,1616,0.0,0.0049504950495049506,8192,1886568,0.001,0.1615992858481961,0.0,0.1615992858481961,4999.0,0.0720360180090045,10.370921445510728,0.006006006006006006,864.0,443.097510373444,1.0,0.11811811811811812,5000.0,1001.0,2000.0,0.0,0.0,0.0,0.0,0.0,1.0,0.027,0.206,0,0,87,87
hash_table_size65536_seed0_loads,hash,1000,2,1000,0.9995787409716531,1.0004906395179467,0.000911898546293588,WAM,0.000911898546293588,130561,130442,130506,0.1035,0.25433333333333336,0.0,0.0,0.0,0.0,0.0,0.009433962264150943,0.055,0.212,0.0,0.0,1,3,440,1696,0.0,0.009433962264150943,8192,1886568,0.001,0.1615992858481961,0.0,0.1615992858481961,4999.0,0.0720360180090045,10.370921445510728,0.006006006006006006,863.0,459.0081300813008,1.0,0.11611611611611612,5000.0,1001.0,2000.0,0.0,0.0,0.0,0.0,0.0,1.0,0.049,0.211,0,0,68,68
hash_table_size65536_seed1_loads,hash,100,0,100,0.999634796581696,0.9987593957527549,-0.0008754008289411086,GMC-style,0.0008754008289411086,13691,13703,13686,0.085,0.23,0.0,0.0,0.0,0.0,0.0,0.0,0.05,0.17,0.0,0.0,0,0,40,136,0.0,0.0,8192,1886568,0.01,0.1615992858481961,0.0,0.1615992858481961,4999.0,0.0720360180090045,10.370921445510728,0.030303030303030304,91.0,329.0431654676259,1.0,0.09090909090909091,5000.0,101.0,2000.0,0.0,0.0,0.0,0.0,0.0,1.0,0.03,0.16,0,0,4,4
hash_table_size65536_seed1_loads,hash,100,1,100,0.999537108470915,0.9987665741597287,-0.0007705343111863439,GMC-style,0.0007705343111863439,12962,12972,12956,0.125,0.30333333333333334,0.0,0.0,0.0,0.0,0.0,0.0,0.06,0.16,0.0,0.0,0,0,48,128,0.0,0.0,8192,1886568,0.01,0.1615992858481961,0.0,0.1615992858481961,4999.0,0.0720360180090045,10.370921445510728,0.0,86.0,313.0996441281139,1,0.1414141414141414,5000.0,101.0,2000.0,0.0,0.0,0.0,0.0,0.0,1.0,0.0,0.15,0,0,14,14
hash_table_size65536_seed1_loads,hash,100,2,100,0.9998612845054793,0.9987529444367466,-0.0011083400687327272,GMC-style,0.0011083400687327272,14418,14434,14416,0.035,0.2125,0.0,0.0,0.0,0.0,0.0,0.0,0.02,0.18,0.0,0.0,0,0,16,144,0.0,0.0,8192,1886568,0.01,0.1615992858481961,0.0,0.1615992858481961,4999.0,0.0720360180090045,10.370921445510728,0.0,96.0,330.80727272727273,1,0.04040404040404041,5000.0,101.0,2000.0,0.0,0.0,0.0,0.0,0.0,1.0,0.02,0.17,0,0,2,2
hash_table_size65536_seed1_loads,hash,500,0,500,0.9996823104693141,0.9986151981997576,-0.0010671122695564694,GMC-style,0.0010671122695564694,69250,69324,69228,0.064,0.22678571428571428,0.0,0.0,0.0,0.0,0.0,0.0,0.044,0.192,0.0,0.0,0,1,176,768,0.0,0.0,8192,1886568,0.002,0.1615992858481961,0.0,0.1615992858481961,4999.0,0.0720360180090045,10.370921445510728,0.01002004008016032,460.0,392.7690058479532,1.0,0.07014028056112225,5000.0,501.0,2000.0,0.0,0.0,0.0,0.0,0.0,1.0,0.018,0.192,0,0,28,28
hash_table_size65536_seed1_loads,hash,500,1,500,0.9996054388733763,1.0008052630779283,0.0011998242045520024,WAM,0.0011998242045520024,65896,65817,65870,0.1,0.239,0.0,0.0,0.0,0.0,0.0,0.010752688172043012,0.052,0.186,0.0,0.0,0,3,208,744,0.0,0.010752688172043012,8192,1886568,0.002,0.1615992858481961,0.0,0.1615992858481961,4999.0,0.0720360180090045,10.370921445510728,0.006012024048096192,437.0,378.8119891008174,1,0.11422845691382766,5000.0,501.0,2000.0,0.0,0.0,0.0,0.0,0.0,1.0,0.042,0.184,0,0,32,32
hash_table_size65536_seed1_loads,hash,500,2,500,0.9995919292677398,0.9984149268601965,-0.0011770024075432595,GMC-style,0.0011770024075432595,66165,66243,66138,0.1045,0.25616666666666665,0.0,0.0,0.0,0.0,0.0,0.0,0.054,0.21,0.0,0.0,0,0,216,840,0.0,0.0,8192,1886568,0.002,0.1615992858481961,0.0,0.1615992858481961,4999.0,0.0720360180090045,10.370921445510728,0.006012024048096192,439.0,386.19407008086256,1,0.11823647294589178,5000.0,501.0,2000.0,0.0,0.0,0.0,0.0,0.0,1.0,0.052,0.208,0,0,33,33
hash_table_size65536_seed1_loads,hash,1000,0,1000,0.9996245457002974,0.9983575944383198,-0.0012669512619775114,GMC-style,0.0012669512619775114,133172,133341,133122,0.08825,0.2685595238095238,0.0,0.0,0.0,0.0,0.0,0.0,0.05,0.211,0.0,0.0,0,3,400,1688,0.0,0.0,8192,1886568,0.001,0.1615992858481961,0.0,0.1615992858481961,4999.0,0.0720360180090045,10.370921445510728,0.007007007007007007,881.0,477.0403397027601,1,0.09509509509509509,5000.0,1001.0,2000.0,0.0,0.0,0.0,0.0,0.0,1.0,0.02,0.214,0,0,76,76
hash_table_size65536_seed1_loads,hash,1000,1,1000,0.9995862512833872,0.9995709338318673,-1.531745151983621e-05,GMC-style,1.531745151983621e-05,130514,130516,130460,0.104,0.26766666666666666,0.0,0.0,0.0,0.0,0.0,0.0049504950495049506,0.054,0.202,0.0,0.0,0,5,432,1616,0.0,0.0049504950495049506,8192,1886568,0.001,0.1615992858481961,0.0,0.1615992858481961,4999.0,0.0720360180090045,10.370921445510728,0.006006006006006006,864.0,443.097510373444,1.0,0.11811811811811812,5000.0,1001.0,2000.0,0.0,0.0,0.0,0.0,0.0,1.0,0.027,0.206,0,0,87,87
hash_table_size65536_seed1_loads,hash,1000,2,1000,0.9995787409716531,1.0004906395179467,0.000911898546293588,WAM,0.000911898546293588,130561,130442,130506,0.1035,0.25433333333333336,0.0,0.0,0.0,0.0,0.0,0.009433962264150943,0.055,0.212,0.0,0.0,1,3,440,1696,0.0,0.009433962264150943,8192,1886568,0.001,0.1615992858481961,0.0,0.1615992858481961,4999.0,0.0720360180090045,10.370921445510728,0.006006006006006006,863.0,459.0081300813008,1.0,0.11611611611611612,5000.0,1001.0,2000.0,0.0,0.0,0.0,0.0,0.0,1.0,0.049,0.211,0,0,68,68
hash_table_size65536_seed2_loads,hash,100,0,100,1.0,0.9983778203804748,-0.0016221796195251548,GMC-style,0.0016221796195251548,13540,13562,13540,0.0,0.33,0.0,0.0,0.0,0.0,0.0,0.0,0.0,0.22,0.0,0.0,0,0,0,176,0.0,0.0,8192,1884648,0.01,0.16566837418708566,0.0,0.16566837418708566,4999.0,0.07703851925962982,10.334695234345594,0.0,90.0,274.0285714285714,1.0,0.10101010101010101,5000.0,101.0,2000.0,0.0,0.0,0.0,0.0,0.0,0.0,0.0,0.26,0,0,0,0
hash_table_size65536_seed2_loads,hash,100,1,100,1.0,0.9990097609279954,-0.0009902390720045728,GMC-style,0.0009902390720045728,14124,14138,14124,0.0,0.21,0.0,0.0,0.0,0.0,0.0,0.0,0.0,0.14,0.0,0.0,0,0,0,112,0.0,0.0,8192,1884648,0.01,0.16566837418708566,0.0,0.16566837418708566,4999.0,0.07703851925962982,10.334695234345594,0.0,94.0,276.9014598540146,1.0,0.06060606060606061,5000.0,101.0,2000.0,0.0,0.0,0.0,0.0,0.0,0.0,0.0,0.2,0,0,0,0
hash_table_size65536_seed2_loads,hash,100,2,100,0.9999269379703368,0.9987593957527549,-0.0011675422175819739,GMC-style,0.0011675422175819739,13687,13703,13686,0.01,0.18583333333333332,0.0,0.0,0.0,0.0,0.0,0.0,0.01,0.17,0.0,0.0,0,0,8,136,0.0,0.0,8192,1884648,0.01,0.16566837418708566,0.0,0.16566837418708566,4999.0,0.07703851925962982,10.334695234345594,0.010101010101010102,91.0,284.2043010752688,1,0.09090909090909091,5000.0,101.0,2000.0,0.0,0.0,0.0,0.0,0.0,0.0,0.01,0.22,0,0,0,0
hash_table_size65536_seed2_loads,hash,500,0,500,1.0,1.0006116390434563,0.0006116390434562913,WAM,0.0006116390434562913,67074,67033,67074,0.0,0.24063333333333334,0.0,0.0,0.0,0.0,0.0,0.010309278350515464,0.0,0.194,0.0,0.0,0,1,0,776,0.0,0.010309278350515464,8192,1884648,0.002,0.16566837418708566,0.0,0.16566837418708566,4999.0,0.07703851925962982,10.334695234345594,0.002004008016032064,445.0,315.8813559322034,1.0,0.09018036072144289,5000.0,501.0,2000.0,0.0,0.0,0.0,0.0,0.0,0.0,0.0,0.262,0,0,0,0
hash_table_size65536_seed2_loads,hash,500,1,500,1.0,1.0007635134082304,0.0007635134082304429,WAM,0.0007635134082304429,64226,64177,64226,0.0,0.27915,0.0,0.0,0.0,0.0,0.0,0.010309278350515464,0.0,0.194,0.0,0.0,0,1,0,776,0.0,0.010309278350515464,8192,1884648,0.002,0.16566837418708566,0.0,0.16566837418708566,4999.0,0.07703851925962982,10.334695234345594,0.0,425.0,344.59842519685037,1,0.13226452905811623,5000.0,501.0,2000.0,0.0,0.0,0.0,0.0,0.0,0.0,0.0,0.29,0,0,0,0
hash_table_size65536_seed2_loads,hash,500,2,500,0.9999851139526922,0.9985432708029848,-0.0014418431497074113,GMC-style,0.0014418431497074113,67177,67274,67176,0.002,0.21466666666666667,0.0,0.0,0.0,0.0,0.0,0.0,0.002,0.196,0.0,0.0,0,1,8,784,0.0,0.0,8192,1884648,0.002,0.16566837418708566,0.0,0.16566837418708566,4999.0,0.07703851925962982,10.334695234345594,0.008016032064128256,446.0,350.65,1.0,0.09218436873747494,5000.0,501.0,2000.0,0.0,0.0,0.0,0.0,0.0,0.0,0.002,0.246,0,0,0,0
hash_table_size65536_seed2_loads,hash,1000,0,1000,0.9999924293468797,0.9995157091833646,-0.0004767201635150764,GMC-style,0.0004767201635150764,132089,132152,132088,0.001,0.25815,0.0,0.0,0.0,0.0,0.0,0.0049504950495049506,0.001,0.202,0.0,0.0,0,6,8,1616,0.0,0.0049504950495049506,8192,1884648,0.001,0.16566837418708566,0.0,0.16566837418708566,4999.0,0.07703851925962982,10.334695234345594,0.004004004004004004,874.0,392.11496746203903,1,0.1001001001001001,5000.0,1001.0,2000.0,0.0,0.0,0.0,0.0,0.0,0.0,0.001,0.276,0,0,0,0
hash_table_size65536_seed2_loads,hash,1000,1,1000,0.999984591442087,0.9996303256215151,-0.00035426582057185296,GMC-style,0.00035426582057185296,129798,129844,129796,0.002,0.24565833333333334,0.0,0.0,0.0,0.0,0.0,0.005376344086021506,0.002,0.186,0.0,0.0,0,2,16,1488,0.0,0.005376344086021506,8192,1884648,0.001,0.16566837418708566,0.0,0.16566837418708566,4999.0,0.07703851925962982,10.334695234345594,0.004004004004004004,858.0,415.5,1.0,0.11211211211211211,5000.0,1001.0,2000.0,0.0,0.0,0.0,0.0,0.0,1.0,0.001,0.263,0,0,1,1
hash_table_size65536_seed2_loads,hash,1000,2,1000,0.9999923509389222,0.9995489055224668,-0.000443445416455468,GMC-style,0.000443445416455468,130735,130793,130734,0.001,0.24994444444444444,0.0,0.0,0.0,0.0,0.0,0.004878048780487805,0.001,0.205,0.0,0.0,0,3,8,1640,0.0,0.004878048780487805,8192,1884648,0.001,0.16566837418708566,0.0,0.16566837418708566,4999.0,0.07703851925962982,10.334695234345594,0.01001001001001001,865.0,451.76482617586913,1,0.11211211211211211,5000.0,1001.0,2000.0,0.0,0.0,0.0,0.0,0.0,0.0,0.001,0.279,0,0,0,0
hash_table_size65536_seed3_loads,hash,100,0,100,0.9999333377774815,0.9988679496570554,-0.001065388120426114,GMC-style,0.001065388120426114,15001,15017,15000,0.01,0.185,0.0,0.0,0.0,0.0,0.0,0.0,0.01,0.17,0.0,0.0,0,0,8,136,0.0,0.0,8192,1884720,0.01,0.17371296922900525,0.0,0.17371296922900525,4999.0,0.09204602301150576,10.197624118712957,0.0,100.0,287.54,1.0,0.0,5000.0,101.0,2000.0,0.0,0.0,0.0,0.0,0.0,0.0,0.01,0.17,0,0,0,0
hash_table_size65536_seed3_loads,hash,100,1,100,0.9992619926199262,0.9983778203804748,-0.000884172239451364,GMC-style,0.000884172239451364,13550,13562,13540,0.024999999999999998,0.29833333333333334,0.0,0.0,0.0,0.0,0.0,0.0,0.1,0.22,0.0,0.0,0,0,80,176,0.0,0.0,8192,1884720,0.01,0.17371296922900525,0.0,0.17371296922900525,4999.0,0.09204602301150576,10.197624118712957,0.0,90.0,252.09150326797385,1.0,0.10101010101010101,5000.0,101.0,2000.0,0.0,0.0,0.0,0.0,0.0,1.0,0.02,0.22,0,0,8,8
hash_table_size65536_seed3_loads,hash,100,2,100,0.9992287521209317,0.9982279066183836,-0.0010008455025480867,GMC-style,0.0010008455025480867,12966,12979,12956,0.03666666666666667,0.25166666666666665,0.0,0.0,0.0,0.0,0.0,0.0,0.1,0.23,0.0,0.0,0,0,80,184,0.0,0.0,8192,1884720,0.01,0.17371296922900525,0.0,0.17371296922900525,4999.0,0.09204602301150576,10.197624118712957,0.0,86.0,249.25242718446603,1,0.1414141414141414,5000.0,101.0,2000.0,0.0,0.0,0.0,0.0,0.0,1.0,0.05,0.22,0,0,6,6
hash_table_size65536_seed3_loads,hash,500,0,500,0.9995479533954533,0.9983105647956657,-0.0012373885997876144,GMC-style,0.0012373885997876144,68577,68662,68546,0.021666666666666664,0.2709666666666667,0.0,0.0,0.0,0.0,0.0,0.0,0.062,0.232,0.0,0.0,0,1,248,928,0.0,0.0,8192,1884720,0.002,0.17371296922900525,0.0,0.17371296922900525,4999.0,0.09204602301150576,10.197624118712957,0.002004008016032064,455.0,354.2696335078534,1.0,0.0781563126252505,5000.0,501.0,2000.0,0.0,0.0,0.0,0.0,0.0,1.0,0.012,0.226,0,0,30,30
hash_table_size65536_seed3_loads,hash,500,1,500,0.9993183573927927,0.9984260548459349,-0.0008923025468577928,GMC-style,0.0008923025468577928,66017,66076,65972,0.028999999999999998,0.2646857142857143,0.0,0.0,0.0,0.0,0.0,0.0,0.09,0.192,0.0,0.0,0,1,360,768,0.0,0.0,8192,1884720,0.002,0.17371296922900525,0.0,0.17371296922900525,4999.0,0.09204602301150576,10.197624118712957,0.014028056112224449,438.0,301.3007712082262,1,0.11422845691382766,5000.0,501.0,2000.0,0.0,0.0,0.0,0.0,0.0,1.0,0.024,0.188,0,0,42,42
hash_table_size65536_seed3_loads,hash,500,2,500,0.9989873969871166,0.9982875646055172,-0.0006998323815994301,GMC-style,0.0006998323815994301,64191,64236,64126,0.033666666666666664,0.261,0.0,0.0,0.0,0.0,0.0,0.0,0.114,0.204,0.0,0.0,0,0,456,816,0.0,0.0,8192,1884720,0.002,0.17371296922900525,0.0,0.17371296922900525,4999.0,0.09204602301150576,10.197624118712957,0.014028056112224449,425.0,296.80493827160495,1,0.1342685370741483,5000.0,501.0,2000.0,0.0,0.0,0.0,0.0,0.0,1.0,0.044,0.204,0,0,42,42
hash_table_size65536_seed3_loads,hash,1000,0,1000,0.9994221537367391,0.9982832363953884,-0.0011389173413507425,GMC-style,0.0011389173413507425,134984,135138,134906,0.0235,0.26965,0.0,0.0,0.0,0.0,0.0,0.0,0.078,0.232,0.0,0.0,0,3,624,1856,0.0,0.0,8192,1884720,0.001,0.17371296922900525,0.0,0.17371296922900525,4999.0,0.09204602301150576,10.197624118712957,0.005005005005005005,893.0,455.9204081632653,1.0,0.08608608608608609,5000.0,1001.0,2000.0,0.0,0.0,0.0,0.0,0.0,1.0,0.021,0.232,0,0,66,66
hash_table_size65536_seed3_loads,hash,1000,1,1000,1.0003999138647062,0.9982809430255403,-0.0021189708391659012,GMC-style,0.0021189708391659012,130028,130304,130080,0.028333333333333332,0.2861261904761905,0.0,0.0,0.0,0.0,0.010638297872340425,0.0,0.094,0.216,0.0,0.0,1,11,752,1728,0.010638297872340425,0.0,8192,1884720,0.001,0.17371296922900525,0.0,0.17371296922900525,4999.0,0.09204602301150576,10.197624118712957,0.009009009009009009,860.0,402.44615384615383,1.0,0.1111111111111111,5000.0,1001.0,2000.0,0.0,0.0,0.0,0.0,0.0,1.0,0.021,0.217,0,0,87,87
hash_table_size65536_seed3_loads,hash,1000,2,1000,0.9991418830641733,0.9994354869891351,0.000293603924961805,WAM,0.000293603924961805,129353,129315,129242,0.0305,0.2723333333333333,0.0,0.0,0.0,0.0,0.0,0.004739336492890996,0.103,0.211,0.0,0.0,0,5,824,1688,0.0,0.004739336492890996,8192,1884720,0.001,0.17371296922900525,0.0,0.17371296922900525,4999.0,0.09204602301150576,10.197624118712957,0.011011011011011011,855.0,385.3203883495146,1,0.12112112112112113,5000.0,1001.0,2000.0,0.0,0.0,0.0,0.0,0.0,1.0,0.038,0.214,0,0,80,80
hash_table_size65536_seed4_loads,hash,100,0,100,0.9997108991037872,0.998844598497978,-0.0008663006058091671,GMC-style,0.0008663006058091671,13836,13848,13832,0.08,0.20333333333333334,0.0,0.0,0.0,0.0,0.0,0.0,0.04,0.16,0.0,0.0,0,0,32,128,0.0,0.0,8192,1882824,0.01,0.17228740456049085,0.0,0.17228740456049085,4999.0,0.09304652326163082,10.164401241074982,0.0,92.0,237.63879598662209,1,0.08080808080808081,5000.0,101.0,2000.0,0.0,0.0,0.0,0.0,0.0,1.0,0.02,0.16,0,0,6,6
hash_table_size65536_seed4_loads,hash,100,1,100,0.9998584171032139,1.009073372865614,0.009214955762400168,WAM,0.009214955762400168,14126,13997,14124,0.06,0.235,0.0,0.0,0.0,0.0,0.0,0.05263157894736842,0.02,0.19,0.0,0.0,0,0,16,152,0.0,0.05263157894736842,8192,1882824,0.01,0.17228740456049085,0.0,0.17228740456049085,4999.0,0.09304652326163082,10.164401241074982,0.0,94.0,228.25,1.0,0.06060606060606061,5000.0,101.0,2000.0,0.0,0.0,0.0,0.0,0.0,1.0,0.02,0.19,0,0,2,2
hash_table_size65536_seed4_loads,hash,100,2,100,0.9994345262137491,0.9987890530394768,-0.0006454731742722153,GMC-style,0.0006454731742722153,12379,12387,12372,0.18,0.25166666666666665,0.0,0.0,0.0,0.0,0.0,0.0,0.07,0.15,0.0,0.0,0,0,56,120,0.0,0.0,8192,1882824,0.01,0.17228740456049085,0.0,0.17228740456049085,4999.0,0.09304652326163082,10.164401241074982,0.020202020202020204,82.0,221.9185667752443,1,0.18181818181818182,5000.0,101.0,2000.0,0.0,0.0,0.0,0.0,0.0,1.0,0.03,0.14,0,0,15,15
hash_table_size65536_seed4_loads,hash,500,0,500,1.0017069152331053,0.9984465847055168,-0.003260330527588451,GMC-style,0.003260330527588451,67373,67593,67488,0.098,0.23773333333333332,0.0,0.0,0.0,0.0,0.043478260869565216,0.0,0.046,0.194,0.0,0.0,0,1,184,776,0.043478260869565216,0.0,8192,1882824,0.002,0.17228740456049085,0.0,0.17228740456049085,4999.0,0.09304652326163082,10.164401241074982,0.004008016032064128,448.0,319.6798941798942,1.0,0.09619238476953908,5000.0,501.0,2000.0,0.0,0.0,0.0,0.0,0.0,1.0,0.032,0.2,0,0,33,33
hash_table_size65536_seed4_loads,hash,500,1,500,0.999669996699967,1.000480393923017,0.0008103972230498746,WAM,0.0008103972230498746,66666,66612,66644,0.1,0.24322222222222223,0.0,0.0,0.0,0.0,0.0,0.009433962264150943,0.044,0.212,0.0,0.0,0,2,176,848,0.0,0.009433962264150943,8192,1882824,0.002,0.17228740456049085,0.0,0.17228740456049085,4999.0,0.09304652326163082,10.164401241074982,0.008016032064128256,442.0,303.0182291666667,1.0,0.10020040080160321,5000.0,501.0,2000.0,0.0,0.0,0.0,0.0,0.0,1.0,0.028,0.208,0,0,31,31
hash_table_size65536_seed4_loads,hash,500,2,500,0.9995232016241906,0.9983715356725865,-0.0011516659516040972,GMC-style,0.0011516659516040972,65017,65092,64986,0.13,0.26795238095238094,0.0,0.0,0.0,0.0,0.0,0.0,0.062,0.212,0.0,0.0,0,4,248,848,0.0,0.0,8192,1882824,0.002,0.17228740456049085,0.0,0.17228740456049085,4999.0,0.09304652326163082,10.164401241074982,0.018036072144288578,431.0,308.0251256281407,1.0,0.13026052104208416,5000.0,501.0,2000.0,0.0,0.0,0.0,0.0,0.0,1.0,0.032,0.208,0,0,49,49
hash_table_size65536_seed4_loads,hash,1000,0,1000,1.0006479399321568,1.0005564151619322,-9.152477022467131e-05,GMC-style,9.152477022467131e-05,131185,131197,131270,0.111,0.27195,0.0,0.0,0.0,0.0,0.018867924528301886,0.009478672985781991,0.053,0.211,0.0,0.0,0,5,424,1688,0.018867924528301886,0.009478672985781991,8192,1882824,0.001,0.17228740456049085,0.0,0.17228740456049085,4999.0,0.09304652326163082,10.164401241074982,0.005005005005005005,869.0,398.5221774193548,1.0,0.1091091091091091,5000.0,1001.0,2000.0,0.0,0.0,0.0,0.0,0.0,1.0,0.025,0.217,0,0,84,84
hash_table_size65536_seed4_loads,hash,1000,1,1000,0.9995870612525809,0.9993807197412785,-0.0002063415113023881,GMC-style,0.0002063415113023881,130770,130797,130716,0.109,0.2597777777777778,0.0,0.0,0.0,0.0,0.0,0.0045662100456621,0.054,0.219,0.0,0.0,0,5,432,1752,0.0,0.0045662100456621,8192,1882824,0.001,0.17228740456049085,0.0,0.17228740456049085,4999.0,0.09304652326163082,10.164401241074982,0.008008008008008008,864.0,405.349609375,1.0,0.10810810810810811,5000.0,1001.0,2000.0,0.0,0.0,0.0,0.0,0.0,1.0,0.034,0.221,0,0,70,70
hash_table_size65536_seed4_loads,hash,1000,2,1000,0.9995475113122172,0.9983869585206773,-0.001160552791539926,GMC-style,0.001160552791539926,128180,128329,128122,0.135,0.26489285714285715,0.0,0.0,0.0,0.0,0.015151515151515152,0.0,0.066,0.207,0.0,0.0,0,9,528,1656,0.015151515151515152,0.0,8192,1882824,0.001,0.17228740456049085,0.0,0.17228740456049085,4999.0,0.09304652326163082,10.164401241074982,0.018018018018018018,847.0,382.7586206896552,1.0,0.13413413413413414,5000.0,1001.0,2000.0,0.0,0.0,0.0,0.0,0.0,1.0,0.041,0.208,0,0,94,94
linked_list_size65536_seed0_loads,pointer_chasing,100,0,100,2.8164116828929067,1.0,-1.8164116828929067,GMC-style,1.8164116828929067,1438,4050,4050,1.0,0.0,1.0,0.0,0.75,0.0,1.0,0.0,0.21,0.0,0.3333333333333333,0.0,0,0,168,0,1.0,0.0,976,1731552,0.01,0.8106291019595655,0.0,0.8106291019595655,4999.0,0.7503751875937968,0.810682924459406,0.24242424242424243,25.0,1,1,0.7575757575757576,5000.0,101.0,2000.0,0.0,0.0,0.0,0.0,0.0,0.0,0.84,0.0,0,0,0,0
linked_list_size65536_seed0_loads,pointer_chasing,100,1,100,2.8164116828929067,1.0,-1.8164116828929067,GMC-style,1.8164116828929067,1438,4050,4050,0.99,0.0,1.0,0.0,0.7380952380952381,0.0,1.0,0.0,0.21,0.0,0.3333333333333333,0.0,0,0,168,0,1.0,0.0,976,1731552,0.01,0.8106291019595655,0.0,0.8106291019595655,4999.0,0.7503751875937968,0.810682924459406,0.24242424242424243,25.0,1,1,0.7575757575757576,5000.0,101.0,2000.0,0.0,0.0,0.0,0.0,0.0,0.0,0.83,0.0,0,0,0,0
linked_list_size65536_seed0_loads,pointer_chasing,100,2,100,2.8164116828929067,1.0,-1.8164116828929067,GMC-style,1.8164116828929067,1438,4050,4050,0.99,0.0,1.0,0.0,0.7380952380952381,0.0,1.0,0.0,0.21,0.0,0.3333333333333333,0.0,0,0,168,0,1.0,0.0,976,1731552,0.01,0.8106291019595655,0.0,0.8106291019595655,4999.0,0.7503751875937968,0.810682924459406,0.24242424242424243,25.0,1,1,0.7575757575757576,5000.0,101.0,2000.0,0.0,0.0,0.0,0.0,0.0,0.0,0.83,0.0,0,0,0,0
linked_list_size65536_seed0_loads,pointer_chasing,500,0,500,3.8294251134644477,1.0,-2.8294251134644477,GMC-style,2.8294251134644477,5288,20250,20250,1.0,0.0,1.0,0.0,0.75,0.0,1.0,0.0,0.242,0.0,0.2644628099173554,0.0,0,0,968,0,1.0,0.0,976,1731552,0.002,0.8106291019595655,0.0,0.8106291019595655,4999.0,0.7503751875937968,0.810682924459406,0.24849699398797595,125.0,1,1,0.751503006012024,5000.0,501.0,2000.0,0.0,0.0,0.0,0.0,0.0,0.0,0.968,0.0,0,0,0,0
linked_list_size65536_seed0_loads,pointer_chasing,500,1,500,3.8294251134644477,1.0,-2.8294251134644477,GMC-style,2.8294251134644477,5288,20250,20250,0.998,0.0,1.0,0.0,0.7479338842975206,0.0,1.0,0.0,0.242,0.0,0.2644628099173554,0.0,0,0,968,0,1.0,0.0,976,1731552,0.002,0.8106291019595655,0.0,0.8106291019595655,4999.0,0.7503751875937968,0.810682924459406,0.24849699398797595,125.0,1,1,0.751503006012024,5000.0,501.0,2000.0,0.0,0.0,0.0,0.0,0.0,0.0,0.966,0.0,0,0,0,0
linked_list_size65536_seed0_loads,pointer_chasing,500,2,500,3.8294251134644477,1.0,-2.8294251134644477,GMC-style,2.8294251134644477,5288,20250,20250,0.998,0.0,1.0,0.0,0.7479338842975206,0.0,1.0,0.0,0.242,0.0,0.2644628099173554,0.0,0,0,968,0,1.0,0.0,976,1731552,0.002,0.8106291019595655,0.0,0.8106291019595655,4999.0,0.7503751875937968,0.810682924459406,0.24849699398797595,125.0,1,1,0.751503006012024,5000.0,501.0,2000.0,0.0,0.0,0.0,0.0,0.0,0.0,0.966,0.0,0,0,0,0
linked_list_size65536_seed0_loads,pointer_chasing,1000,0,1000,4.018255779343189,1.0,-3.018255779343189,GMC-style,3.018255779343189,10079,40500,40500,1.0,0.0,1.0,0.0,0.75,0.0,1.0,0.0,0.246,0.0,0.25609756097560976,0.0,0,0,1968,0,1.0,0.0,976,1731552,0.001,0.8106291019595655,0.0,0.8106291019595655,4999.0,0.7503751875937968,0.810682924459406,0.24924924924924924,250.0,1,1.0,0.7507507507507507,5000.0,1001.0,2000.0,0.0,0.0,0.0,0.0,0.0,0.0,0.984,0.0,0,0,0,0
linked_list_size65536_seed0_loads,pointer_chasing,1000,1,1000,4.018255779343189,1.0,-3.018255779343189,GMC-style,3.018255779343189,10079,40500,40500,0.999,0.0,1.0,0.0,0.7489837398373984,0.0,1.0,0.0,0.246,0.0,0.25609756097560976,0.0,0,0,1968,0,1.0,0.0,976,1731552,0.001,0.8106291019595655,0.0,0.8106291019595655,4999.0,0.7503751875937968,0.810682924459406,0.24924924924924924,250.0,1,1.0,0.7507507507507507,5000.0,1001.0,2000.0,0.0,0.0,0.0,0.0,0.0,0.0,0.983,0.0,0,0,0,0
linked_list_size65536_seed0_loads,pointer_chasing,1000,2,1000,4.018255779343189,1.0,-3.018255779343189,GMC-style,3.018255779343189,10079,40500,40500,0.999,0.0,1.0,0.0,0.7489837398373984,0.0,1.0,0.0,0.246,0.0,0.25609756097560976,0.0,0,0,1968,0,1.0,0.0,976,1731552,0.001,0.8106291019595655,0.0,0.8106291019595655,4999.0,0.7503751875937968,0.810682924459406,0.24924924924924924,250.0,1,1.0,0.7507507507507507,5000.0,1001.0,2000.0,0.0,0.0,0.0,0.0,0.0,0.0,0.983,0.0,0,0,0,0
linked_list_size65536_seed1_loads,pointer_chasing,100,0,100,2.8164116828929067,1.0,-1.8164116828929067,GMC-style,1.8164116828929067,1438,4050,4050,1.0,0.0,1.0,0.0,0.75,0.0,1.0,0.0,0.21,0.0,0.3333333333333333,0.0,0,0,168,0,1.0,0.0,976,1731552,0.01,0.8106291019595655,0.0,0.8106291019595655,4999.0,0.7503751875937968,0.810682924459406,0.24242424242424243,25.0,1,1,0.7575757575757576,5000.0,101.0,2000.0,0.0,0.0,0.0,0.0,0.0,0.0,0.84,0.0,0,0,0,0
linked_list_size65536_seed1_loads,pointer_chasing,100,1,100,2.8164116828929067,1.0,-1.8164116828929067,GMC-style,1.8164116828929067,1438,4050,4050,0.99,0.0,1.0,0.0,0.7380952380952381,0.0,1.0,0.0,0.21,0.0,0.3333333333333333,0.0,0,0,168,0,1.0,0.0,976,1731552,0.01,0.8106291019595655,0.0,0.8106291019595655,4999.0,0.7503751875937968,0.810682924459406,0.24242424242424243,25.0,1,1,0.7575757575757576,5000.0,101.0,2000.0,0.0,0.0,0.0,0.0,0.0,0.0,0.83,0.0,0,0,0,0
linked_list_size65536_seed1_loads,pointer_chasing,100,2,100,2.8164116828929067,1.0,-1.8164116828929067,GMC-style,1.8164116828929067,1438,4050,4050,0.99,0.0,1.0,0.0,0.7380952380952381,0.0,1.0,0.0,0.21,0.0,0.3333333333333333,0.0,0,0,168,0,1.0,0.0,976,1731552,0.01,0.8106291019595655,0.0,0.8106291019595655,4999.0,0.7503751875937968,0.810682924459406,0.24242424242424243,25.0,1,1,0.7575757575757576,5000.0,101.0,2000.0,0.0,0.0,0.0,0.0,0.0,0.0,0.83,0.0,0,0,0,0
linked_list_size65536_seed1_loads,pointer_chasing,500,0,500,3.8294251134644477,1.0,-2.8294251134644477,GMC-style,2.8294251134644477,5288,20250,20250,1.0,0.0,1.0,0.0,0.75,0.0,1.0,0.0,0.242,0.0,0.2644628099173554,0.0,0,0,968,0,1.0,0.0,976,1731552,0.002,0.8106291019595655,0.0,0.8106291019595655,4999.0,0.7503751875937968,0.810682924459406,0.24849699398797595,125.0,1,1,0.751503006012024,5000.0,501.0,2000.0,0.0,0.0,0.0,0.0,0.0,0.0,0.968,0.0,0,0,0,0
linked_list_size65536_seed1_loads,pointer_chasing,500,1,500,3.8294251134644477,1.0,-2.8294251134644477,GMC-style,2.8294251134644477,5288,20250,20250,0.998,0.0,1.0,0.0,0.7479338842975206,0.0,1.0,0.0,0.242,0.0,0.2644628099173554,0.0,0,0,968,0,1.0,0.0,976,1731552,0.002,0.8106291019595655,0.0,0.8106291019595655,4999.0,0.7503751875937968,0.810682924459406,0.24849699398797595,125.0,1,1,0.751503006012024,5000.0,501.0,2000.0,0.0,0.0,0.0,0.0,0.0,0.0,0.966,0.0,0,0,0,0
linked_list_size65536_seed1_loads,pointer_chasing,500,2,500,3.8294251134644477,1.0,-2.8294251134644477,GMC-style,2.8294251134644477,5288,20250,20250,0.998,0.0,1.0,0.0,0.7479338842975206,0.0,1.0,0.0,0.242,0.0,0.2644628099173554,0.0,0,0,968,0,1.0,0.0,976,1731552,0.002,0.8106291019595655,0.0,0.8106291019595655,4999.0,0.7503751875937968,0.810682924459406,0.24849699398797595,125.0,1,1,0.751503006012024,5000.0,501.0,2000.0,0.0,0.0,0.0,0.0,0.0,0.0,0.966,0.0,0,0,0,0
linked_list_size65536_seed1_loads,pointer_chasing,1000,0,1000,4.018255779343189,1.0,-3.018255779343189,GMC-style,3.018255779343189,10079,40500,40500,1.0,0.0,1.0,0.0,0.75,0.0,1.0,0.0,0.246,0.0,0.25609756097560976,0.0,0,0,1968,0,1.0,0.0,976,1731552,0.001,0.8106291019595655,0.0,0.8106291019595655,4999.0,0.7503751875937968,0.810682924459406,0.24924924924924924,250.0,1,1.0,0.7507507507507507,5000.0,1001.0,2000.0,0.0,0.0,0.0,0.0,0.0,0.0,0.984,0.0,0,0,0,0
linked_list_size65536_seed1_loads,pointer_chasing,1000,1,1000,4.018255779343189,1.0,-3.018255779343189,GMC-style,3.018255779343189,10079,40500,40500,0.999,0.0,1.0,0.0,0.7489837398373984,0.0,1.0,0.0,0.246,0.0,0.25609756097560976,0.0,0,0,1968,0,1.0,0.0,976,1731552,0.001,0.8106291019595655,0.0,0.8106291019595655,4999.0,0.7503751875937968,0.810682924459406,0.24924924924924924,250.0,1,1.0,0.7507507507507507,5000.0,1001.0,2000.0,0.0,0.0,0.0,0.0,0.0,0.0,0.983,0.0,0,0,0,0
linked_list_size65536_seed1_loads,pointer_chasing,1000,2,1000,4.018255779343189,1.0,-3.018255779343189,GMC-style,3.018255779343189,10079,40500,40500,0.999,0.0,1.0,0.0,0.7489837398373984,0.0,1.0,0.0,0.246,0.0,0.25609756097560976,0.0,0,0,1968,0,1.0,0.0,976,1731552,0.001,0.8106291019595655,0.0,0.8106291019595655,4999.0,0.7503751875937968,0.810682924459406,0.24924924924924924,250.0,1,1.0,0.7507507507507507,5000.0,1001.0,2000.0,0.0,0.0,0.0,0.0,0.0,0.0,0.983,0.0,0,0,0,0
linked_list_size65536_seed2_loads,pointer_chasing,100,0,100,2.8164116828929067,1.0,-1.8164116828929067,GMC-style,1.8164116828929067,1438,4050,4050,1.0,0.0,1.0,0.0,0.75,0.0,1.0,0.0,0.21,0.0,0.3333333333333333,0.0,0,0,168,0,1.0,0.0,976,1731552,0.01,0.8106291019595655,0.0,0.8106291019595655,4999.0,0.7503751875937968,0.810682924459406,0.24242424242424243,25.0,1,1,0.7575757575757576,5000.0,101.0,2000.0,0.0,0.0,0.0,0.0,0.0,0.0,0.84,0.0,0,0,0,0
linked_list_size65536_seed2_loads,pointer_chasing,100,1,100,2.8164116828929067,1.0,-1.8164116828929067,GMC-style,1.8164116828929067,1438,4050,4050,0.99,0.0,1.0,0.0,0.7380952380952381,0.0,1.0,0.0,0.21,0.0,0.3333333333333333,0.0,0,0,168,0,1.0,0.0,976,1731552,0.01,0.8106291019595655,0.0,0.8106291019595655,4999.0,0.7503751875937968,0.810682924459406,0.24242424242424243,25.0,1,1,0.7575757575757576,5000.0,101.0,2000.0,0.0,0.0,0.0,0.0,0.0,0.0,0.83,0.0,0,0,0,0
linked_list_size65536_seed2_loads,pointer_chasing,100,2,100,2.8164116828929067,1.0,-1.8164116828929067,GMC-style,1.8164116828929067,1438,4050,4050,0.99,0.0,1.0,0.0,0.7380952380952381,0.0,1.0,0.0,0.21,0.0,0.3333333333333333,0.0,0,0,168,0,1.0,0.0,976,1731552,0.01,0.8106291019595655,0.0,0.8106291019595655,4999.0,0.7503751875937968,0.810682924459406,0.24242424242424243,25.0,1,1,0.7575757575757576,5000.0,101.0,2000.0,0.0,0.0,0.0,0.0,0.0,0.0,0.83,0.0,0,0,0,0
linked_list_size65536_seed2_loads,pointer_chasing,500,0,500,3.8294251134644477,1.0,-2.8294251134644477,GMC-style,2.8294251134644477,5288,20250,20250,1.0,0.0,1.0,0.0,0.75,0.0,1.0,0.0,0.242,0.0,0.2644628099173554,0.0,0,0,968,0,1.0,0.0,976,1731552,0.002,0.8106291019595655,0.0,0.8106291019595655,4999.0,0.7503751875937968,0.810682924459406,0.24849699398797595,125.0,1,1,0.751503006012024,5000.0,501.0,2000.0,0.0,0.0,0.0,0.0,0.0,0.0,0.968,0.0,0,0,0,0
linked_list_size65536_seed2_loads,pointer_chasing,500,1,500,3.8294251134644477,1.0,-2.8294251134644477,GMC-style,2.8294251134644477,5288,20250,20250,0.998,0.0,1.0,0.0,0.7479338842975206,0.0,1.0,0.0,0.242,0.0,0.2644628099173554,0.0,0,0,968,0,1.0,0.0,976,1731552,0.002,0.8106291019595655,0.0,0.8106291019595655,4999.0,0.7503751875937968,0.810682924459406,0.24849699398797595,125.0,1,1,0.751503006012024,5000.0,501.0,2000.0,0.0,0.0,0.0,0.0,0.0,0.0,0.966,0.0,0,0,0,0
linked_list_size65536_seed2_loads,pointer_chasing,500,2,500,3.8294251134644477,1.0,-2.8294251134644477,GMC-style,2.8294251134644477,5288,20250,20250,0.998,0.0,1.0,0.0,0.7479338842975206,0.0,1.0,0.0,0.242,0.0,0.2644628099173554,0.0,0,0,968,0,1.0,0.0,976,1731552,0.002,0.8106291019595655,0.0,0.8106291019595655,4999.0,0.7503751875937968,0.810682924459406,0.24849699398797595,125.0,1,1,0.751503006012024,5000.0,501.0,2000.0,0.0,0.0,0.0,0.0,0.0,0.0,0.966,0.0,0,0,0,0
linked_list_size65536_seed2_loads,pointer_chasing,1000,0,1000,4.018255779343189,1.0,-3.018255779343189,GMC-style,3.018255779343189,10079,40500,40500,1.0,0.0,1.0,0.0,0.75,0.0,1.0,0.0,0.246,0.0,0.25609756097560976,0.0,0,0,1968,0,1.0,0.0,976,1731552,0.001,0.8106291019595655,0.0,0.8106291019595655,4999.0,0.7503751875937968,0.810682924459406,0.24924924924924924,250.0,1,1.0,0.7507507507507507,5000.0,1001.0,2000.0,0.0,0.0,0.0,0.0,0.0,0.0,0.984,0.0,0,0,0,0
linked_list_size65536_seed2_loads,pointer_chasing,1000,1,1000,4.018255779343189,1.0,-3.018255779343189,GMC-style,3.018255779343189,10079,40500,40500,0.999,0.0,1.0,0.0,0.7489837398373984,0.0,1.0,0.0,0.246,0.0,0.25609756097560976,0.0,0,0,1968,0,1.0,0.0,976,1731552,0.001,0.8106291019595655,0.0,0.8106291019595655,4999.0,0.7503751875937968,0.810682924459406,0.24924924924924924,250.0,1,1.0,0.7507507507507507,5000.0,1001.0,2000.0,0.0,0.0,0.0,0.0,0.0,0.0,0.983,0.0,0,0,0,0
linked_list_size65536_seed2_loads,pointer_chasing,1000,2,1000,4.018255779343189,1.0,-3.018255779343189,GMC-style,3.018255779343189,10079,40500,40500,0.999,0.0,1.0,0.0,0.7489837398373984,0.0,1.0,0.0,0.246,0.0,0.25609756097560976,0.0,0,0,1968,0,1.0,0.0,976,1731552,0.001,0.8106291019595655,0.0,0.8106291019595655,4999.0,0.7503751875937968,0.810682924459406,0.24924924924924924,250.0,1,1.0,0.7507507507507507,5000.0,1001.0,2000.0,0.0,0.0,0.0,0.0,0.0,0.0,0.983,0.0,0,0,0,0
linked_list_size65536_seed3_loads,pointer_chasing,100,0,100,2.8164116828929067,1.0,-1.8164116828929067,GMC-style,1.8164116828929067,1438,4050,4050,1.0,0.0,1.0,0.0,0.75,0.0,1.0,0.0,0.21,0.0,0.3333333333333333,0.0,0,0,168,0,1.0,0.0,976,1731552,0.01,0.8106291019595655,0.0,0.8106291019595655,4999.0,0.7503751875937968,0.810682924459406,0.24242424242424243,25.0,1,1,0.7575757575757576,5000.0,101.0,2000.0,0.0,0.0,0.0,0.0,0.0,0.0,0.84,0.0,0,0,0,0
linked_list_size65536_seed3_loads,pointer_chasing,100,1,100,2.8164116828929067,1.0,-1.8164116828929067,GMC-style,1.8164116828929067,1438,4050,4050,0.99,0.0,1.0,0.0,0.7380952380952381,0.0,1.0,0.0,0.21,0.0,0.3333333333333333,0.0,0,0,168,0,1.0,0.0,976,1731552,0.01,0.8106291019595655,0.0,0.8106291019595655,4999.0,0.7503751875937968,0.810682924459406,0.24242424242424243,25.0,1,1,0.7575757575757576,5000.0,101.0,2000.0,0.0,0.0,0.0,0.0,0.0,0.0,0.83,0.0,0,0,0,0
linked_list_size65536_seed3_loads,pointer_chasing,100,2,100,2.8164116828929067,1.0,-1.8164116828929067,GMC-style,1.8164116828929067,1438,4050,4050,0.99,0.0,1.0,0.0,0.7380952380952381,0.0,1.0,0.0,0.21,0.0,0.3333333333333333,0.0,0,0,168,0,1.0,0.0,976,1731552,0.01,0.8106291019595655,0.0,0.8106291019595655,4999.0,0.7503751875937968,0.810682924459406,0.24242424242424243,25.0,1,1,0.7575757575757576,5000.0,101.0,2000.0,0.0,0.0,0.0,0.0,0.0,0.0,0.83,0.0,0,0,0,0
linked_list_size65536_seed3_loads,pointer_chasing,500,0,500,3.8294251134644477,1.0,-2.8294251134644477,GMC-style,2.8294251134644477,5288,20250,20250,1.0,0.0,1.0,0.0,0.75,0.0,1.0,0.0,0.242,0.0,0.2644628099173554,0.0,0,0,968,0,1.0,0.0,976,1731552,0.002,0.8106291019595655,0.0,0.8106291019595655,4999.0,0.7503751875937968,0.810682924459406,0.24849699398797595,125.0,1,1,0.751503006012024,5000.0,501.0,2000.0,0.0,0.0,0.0,0.0,0.0,0.0,0.968,0.0,0,0,0,0
linked_list_size65536_seed3_loads,pointer_chasing,500,1,500,3.8294251134644477,1.0,-2.8294251134644477,GMC-style,2.8294251134644477,5288,20250,20250,0.998,0.0,1.0,0.0,0.7479338842975206,0.0,1.0,0.0,0.242,0.0,0.2644628099173554,0.0,0,0,968,0,1.0,0.0,976,1731552,0.002,0.8106291019595655,0.0,0.8106291019595655,4999.0,0.7503751875937968,0.810682924459406,0.24849699398797595,125.0,1,1,0.751503006012024,5000.0,501.0,2000.0,0.0,0.0,0.0,0.0,0.0,0.0,0.966,0.0,0,0,0,0
linked_list_size65536_seed3_loads,pointer_chasing,500,2,500,3.8294251134644477,1.0,-2.8294251134644477,GMC-style,2.8294251134644477,5288,20250,20250,0.998,0.0,1.0,0.0,0.7479338842975206,0.0,1.0,0.0,0.242,0.0,0.2644628099173554,0.0,0,0,968,0,1.0,0.0,976,1731552,0.002,0.8106291019595655,0.0,0.8106291019595655,4999.0,0.7503751875937968,0.810682924459406,0.24849699398797595,125.0,1,1,0.751503006012024,5000.0,501.0,2000.0,0.0,0.0,0.0,0.0,0.0,0.0,0.966,0.0,0,0,0,0
linked_list_size65536_seed3_loads,pointer_chasing,1000,0,1000,4.018255779343189,1.0,-3.018255779343189,GMC-style,3.018255779343189,10079,40500,40500,1.0,0.0,1.0,0.0,0.75,0.0,1.0,0.0,0.246,0.0,0.25609756097560976,0.0,0,0,1968,0,1.0,0.0,976,1731552,0.001,0.8106291019595655,0.0,0.8106291019595655,4999.0,0.7503751875937968,0.810682924459406,0.24924924924924924,250.0,1,1.0,0.7507507507507507,5000.0,1001.0,2000.0,0.0,0.0,0.0,0.0,0.0,0.0,0.984,0.0,0,0,0,0
linked_list_size65536_seed3_loads,pointer_chasing,1000,1,1000,4.018255779343189,1.0,-3.018255779343189,GMC-style,3.018255779343189,10079,40500,40500,0.999,0.0,1.0,0.0,0.7489837398373984,0.0,1.0,0.0,0.246,0.0,0.25609756097560976,0.0,0,0,1968,0,1.0,0.0,976,1731552,0.001,0.8106291019595655,0.0,0.8106291019595655,4999.0,0.7503751875937968,0.810682924459406,0.24924924924924924,250.0,1,1.0,0.7507507507507507,5000.0,1001.0,2000.0,0.0,0.0,0.0,0.0,0.0,0.0,0.983,0.0,0,0,0,0
linked_list_size65536_seed3_loads,pointer_chasing,1000,2,1000,4.018255779343189,1.0,-3.018255779343189,GMC-style,3.018255779343189,10079,40500,40500,0.999,0.0,1.0,0.0,0.7489837398373984,0.0,1.0,0.0,0.246,0.0,0.25609756097560976,0.0,0,0,1968,0,1.0,0.0,976,1731552,0.001,0.8106291019595655,0.0,0.8106291019595655,4999.0,0.7503751875937968,0.810682924459406,0.24924924924924924,250.0,1,1.0,0.7507507507507507,5000.0,1001.0,2000.0,0.0,0.0,0.0,0.0,0.0,0.0,0.983,0.0,0,0,0,0
linked_list_size65536_seed4_loads,pointer_chasing,100,0,100,2.8164116828929067,1.0,-1.8164116828929067,GMC-style,1.8164116828929067,1438,4050,4050,1.0,0.0,1.0,0.0,0.75,0.0,1.0,0.0,0.21,0.0,0.3333333333333333,0.0,0,0,168,0,1.0,0.0,976,1731552,0.01,0.8106291019595655,0.0,0.8106291019595655,4999.0,0.7503751875937968,0.810682924459406,0.24242424242424243,25.0,1,1,0.7575757575757576,5000.0,101.0,2000.0,0.0,0.0,0.0,0.0,0.0,0.0,0.84,0.0,0,0,0,0
linked_list_size65536_seed4_loads,pointer_chasing,100,1,100,2.8164116828929067,1.0,-1.8164116828929067,GMC-style,1.8164116828929067,1438,4050,4050,0.99,0.0,1.0,0.0,0.7380952380952381,0.0,1.0,0.0,0.21,0.0,0.3333333333333333,0.0,0,0,168,0,1.0,0.0,976,1731552,0.01,0.8106291019595655,0.0,0.8106291019595655,4999.0,0.7503751875937968,0.810682924459406,0.24242424242424243,25.0,1,1,0.7575757575757576,5000.0,101.0,2000.0,0.0,0.0,0.0,0.0,0.0,0.0,0.83,0.0,0,0,0,0
linked_list_size65536_seed4_loads,pointer_chasing,100,2,100,2.8164116828929067,1.0,-1.8164116828929067,GMC-style,1.8164116828929067,1438,4050,4050,0.99,0.0,1.0,0.0,0.7380952380952381,0.0,1.0,0.0,0.21,0.0,0.3333333333333333,0.0,0,0,168,0,1.0,0.0,976,1731552,0.01,0.8106291019595655,0.0,0.8106291019595655,4999.0,0.7503751875937968,0.810682924459406,0.24242424242424243,25.0,1,1,0.7575757575757576,5000.0,101.0,2000.0,0.0,0.0,0.0,0.0,0.0,0.0,0.83,0.0,0,0,0,0
linked_list_size65536_seed4_loads,pointer_chasing,500,0,500,3.8294251134644477,1.0,-2.8294251134644477,GMC-style,2.8294251134644477,5288,20250,20250,1.0,0.0,1.0,0.0,0.75,0.0,1.0,0.0,0.242,0.0,0.2644628099173554,0.0,0,0,968,0,1.0,0.0,976,1731552,0.002,0.8106291019595655,0.0,0.8106291019595655,4999.0,0.7503751875937968,0.810682924459406,0.24849699398797595,125.0,1,1,0.751503006012024,5000.0,501.0,2000.0,0.0,0.0,0.0,0.0,0.0,0.0,0.968,0.0,0,0,0,0
linked_list_size65536_seed4_loads,pointer_chasing,500,1,500,3.8294251134644477,1.0,-2.8294251134644477,GMC-style,2.8294251134644477,5288,20250,20250,0.998,0.0,1.0,0.0,0.7479338842975206,0.0,1.0,0.0,0.242,0.0,0.2644628099173554,0.0,0,0,968,0,1.0,0.0,976,1731552,0.002,0.8106291019595655,0.0,0.8106291019595655,4999.0,0.7503751875937968,0.810682924459406,0.24849699398797595,125.0,1,1,0.751503006012024,5000.0,501.0,2000.0,0.0,0.0,0.0,0.0,0.0,0.0,0.966,0.0,0,0,0,0
linked_list_size65536_seed4_loads,pointer_chasing,500,2,500,3.8294251134644477,1.0,-2.8294251134644477,GMC-style,2.8294251134644477,5288,20250,20250,0.998,0.0,1.0,0.0,0.7479338842975206,0.0,1.0,0.0,0.242,0.0,0.2644628099173554,0.0,0,0,968,0,1.0,0.0,976,1731552,0.002,0.8106291019595655,0.0,0.8106291019595655,4999.0,0.7503751875937968,0.810682924459406,0.24849699398797595,125.0,1,1,0.751503006012024,5000.0,501.0,2000.0,0.0,0.0,0.0,0.0,0.0,0.0,0.966,0.0,0,0,0,0
linked_list_size65536_seed4_loads,pointer_chasing,1000,0,1000,4.018255779343189,1.0,-3.018255779343189,GMC-style,3.018255779343189,10079,40500,40500,1.0,0.0,1.0,0.0,0.75,0.0,1.0,0.0,0.246,0.0,0.25609756097560976,0.0,0,0,1968,0,1.0,0.0,976,1731552,0.001,0.8106291019595655,0.0,0.8106291019595655,4999.0,0.7503751875937968,0.810682924459406,0.24924924924924924,250.0,1,1.0,0.7507507507507507,5000.0,1001.0,2000.0,0.0,0.0,0.0,0.0,0.0,0.0,0.984,0.0,0,0,0,0
linked_list_size65536_seed4_loads,pointer_chasing,1000,1,1000,4.018255779343189,1.0,-3.018255779343189,GMC-style,3.018255779343189,10079,40500,40500,0.999,0.0,1.0,0.0,0.7489837398373984,0.0,1.0,0.0,0.246,0.0,0.25609756097560976,0.0,0,0,1968,0,1.0,0.0,976,1731552,0.001,0.8106291019595655,0.0,0.8106291019595655,4999.0,0.7503751875937968,0.810682924459406,0.24924924924924924,250.0,1,1.0,0.7507507507507507,5000.0,1001.0,2000.0,0.0,0.0,0.0,0.0,0.0,0.0,0.983,0.0,0,0,0,0
linked_list_size65536_seed4_loads,pointer_chasing,1000,2,1000,4.018255779343189,1.0,-3.018255779343189,GMC-style,3.018255779343189,10079,40500,40500,0.999,0.0,1.0,0.0,0.7489837398373984,0.0,1.0,0.0,0.246,0.0,0.25609756097560976,0.0,0,0,1968,0,1.0,0.0,976,1731552,0.001,0.8106291019595655,0.0,0.8106291019595655,4999.0,0.7503751875937968,0.810682924459406,0.24924924924924924,250.0,1,1.0,0.7507507507507507,5000.0,1001.0,2000.0,0.0,0.0,0.0,0.0,0.0,0.0,0.983,0.0,0,0,0,0
matrix_scan_size512_seed0_loads,dynamic_programming,100,0,100,2.0087412587412588,1.0,-1.0087412587412588,GMC-style,1.0087412587412588,1144,2298,2298,1.0,0.0,1.0,0.0,0.8690476190476191,0.0,1.0,0.0,0.11,0.0,0.5454545454545454,0.0,0,0,88,0,1.0,0.0,1712,1492320,0.01,0.542694740090477,0.0,0.542694740090477,4999.0,0.8754377188594297,0.5423343461171081,0.12121212121212122,13.0,1,1,0.8787878787878788,5000.0,101.0,2000.0,0.0,0.0,0.0,0.0,0.0,0.0,0.84,0.0,0,0,0,0
matrix_scan_size512_seed0_loads,dynamic_programming,100,1,100,2.0087412587412588,1.0,-1.0087412587412588,GMC-style,1.0087412587412588,1144,2298,2298,0.99,0.0,1.0,0.0,0.8571428571428571,0.0,1.0,0.0,0.11,0.0,0.5454545454545454,0.0,0,0,88,0,1.0,0.0,1712,1492320,0.01,0.542694740090477,0.0,0.542694740090477,4999.0,0.8754377188594297,0.5423343461171081,0.12121212121212122,13.0,1,1,0.8787878787878788,5000.0,101.0,2000.0,0.0,0.0,0.0,0.0,0.0,0.0,0.83,0.0,0,0,0,0
matrix_scan_size512_seed0_loads,dynamic_programming,100,2,100,2.0087412587412588,1.0,-1.0087412587412588,GMC-style,1.0087412587412588,1144,2298,2298,0.99,0.0,1.0,0.0,0.8571428571428571,0.0,1.0,0.0,0.11,0.0,0.5454545454545454,0.0,0,0,88,0,1.0,0.0,1712,1492320,0.01,0.542694740090477,0.0,0.542694740090477,4999.0,0.8754377188594297,0.5423343461171081,0.12121212121212122,13.0,1,1,0.8787878787878788,5000.0,101.0,2000.0,0.0,0.0,0.0,0.0,0.0,0.0,0.83,0.0,0,0,0,0
matrix_scan_size512_seed0_loads,dynamic_programming,500,0,500,2.2422907488986783,1.0,-1.2422907488986783,GMC-style,1.2422907488986783,4994,11198,11198,1.0,0.0,1.0,0.0,0.8739669421487604,0.0,1.0,0.0,0.122,0.0,0.5081967213114754,0.0,0,0,488,0,1.0,0.0,1712,1492320,0.002,0.542694740090477,0.0,0.542694740090477,4999.0,0.8754377188594297,0.5423343461171081,0.12424849699398798,63.0,1,1,0.875751503006012,5000.0,501.0,2000.0,0.0,0.0,0.0,0.0,0.0,0.0,0.968,0.0,0,0,0,0
matrix_scan_size512_seed0_loads,dynamic_programming,500,1,500,2.2422907488986783,1.0,-1.2422907488986783,GMC-style,1.2422907488986783,4994,11198,11198,0.998,0.0,1.0,0.0,0.871900826446281,0.0,1.0,0.0,0.122,0.0,0.5081967213114754,0.0,0,0,488,0,1.0,0.0,1712,1492320,0.002,0.542694740090477,0.0,0.542694740090477,4999.0,0.8754377188594297,0.5423343461171081,0.12424849699398798,63.0,1,1,0.875751503006012,5000.0,501.0,2000.0,0.0,0.0,0.0,0.0,0.0,0.0,0.966,0.0,0,0,0,0
matrix_scan_size512_seed0_loads,dynamic_programming,500,2,500,2.2422907488986783,1.0,-1.2422907488986783,GMC-style,1.2422907488986783,4994,11198,11198,0.998,0.0,1.0,0.0,0.871900826446281,0.0,1.0,0.0,0.122,0.0,0.5081967213114754,0.0,0,0,488,0,1.0,0.0,1712,1492320,0.002,0.542694740090477,0.0,0.542694740090477,4999.0,0.8754377188594297,0.5423343461171081,0.12424849699398798,63.0,1,1,0.875751503006012,5000.0,501.0,2000.0,0.0,0.0,0.0,0.0,0.0,0.0,0.966,0.0,0,0,0,0
matrix_scan_size512_seed0_loads,dynamic_programming,1000,0,1000,2.2741210139002455,1.0,-1.2741210139002455,GMC-style,1.2741210139002455,9784,22250,22250,1.0,0.0,1.0,0.0,0.875,0.0,1.0,0.0,0.123,0.0,0.5040650406504065,0.0,0,0,984,0,1.0,0.0,1712,1492320,0.001,0.542694740090477,0.0,0.542694740090477,4999.0,0.8754377188594297,0.5423343461171081,0.12412412412412413,125.0,1,1,0.8758758758758759,5000.0,1001.0,2000.0,0.0,0.0,0.0,0.0,0.0,0.0,0.984,0.0,0,0,0,0
matrix_scan_size512_seed0_loads,dynamic_programming,1000,1,1000,2.2741210139002455,1.0,-1.2741210139002455,GMC-style,1.2741210139002455,9784,22250,22250,0.999,0.0,1.0,0.0,0.8739837398373984,0.0,1.0,0.0,0.123,0.0,0.5040650406504065,0.0,0,0,984,0,1.0,0.0,1712,1492320,0.001,0.542694740090477,0.0,0.542694740090477,4999.0,0.8754377188594297,0.5423343461171081,0.12412412412412413,125.0,1,1,0.8758758758758759,5000.0,1001.0,2000.0,0.0,0.0,0.0,0.0,0.0,0.0,0.983,0.0,0,0,0,0
matrix_scan_size512_seed0_loads,dynamic_programming,1000,2,1000,2.2741210139002455,1.0,-1.2741210139002455,GMC-style,1.2741210139002455,9784,22250,22250,0.999,0.0,1.0,0.0,0.8739837398373984,0.0,1.0,0.0,0.123,0.0,0.5040650406504065,0.0,0,0,984,0,1.0,0.0,1712,1492320,0.001,0.542694740090477,0.0,0.542694740090477,4999.0,0.8754377188594297,0.5423343461171081,0.12412412412412413,125.0,1,1,0.8758758758758759,5000.0,1001.0,2000.0,0.0,0.0,0.0,0.0,0.0,0.0,0.983,0.0,0,0,0,0
pointer_chase_size65536_seed0_loads,pointer_chasing,100,0,100,1.3505580818520049,2.391216834400732,1.0406587525487272,WAM,1.0406587525487272,9676,5465,13068,0.32,1.0,0.0,1.0,0.0,0.0,1.0,1.0,0.24,0.53,0.2916666666666667,0.018867924528301886,0,0,192,424,1.0,1.0,8192,33024,0.16279069767441862,0.0,0.0,0.0,101.0,0.01200600300150075,6.426020123093454,0.0,86.0,86,86.0,0.0,5000.0,101.0,2000.0,0.0,0.0,0.0,0.0,1.0,0.0,0.0,0.52,0,0,32,32
pointer_chase_size65536_seed0_loads,pointer_chasing,100,1,100,1.3304825901038484,2.391216834400732,1.0607342442968837,WAM,1.0607342442968837,9822,5465,13068,0.44,1.0,0.0,1.0,0.0,0.0,1.0,1.0,0.23,0.53,0.34782608695652173,0.018867924528301886,0,0,184,424,1.0,1.0,8192,33024,0.010101010101010102,0.0,0.0,0.0,101.0,0.01200600300150075,6.426020123093454,0.0,86.0,86,86.0,0.0,5000.0,101.0,2000.0,0.0,0.0,0.0,0.0,1.0,0.0,0.0,0.53,0,0,31,31
pointer_chase_size65536_seed0_loads,pointer_chasing,100,2,100,1.1996695125309833,2.391216834400732,1.1915473218697488,WAM,1.1915473218697488,10893,5465,13068,0.39,1.0,0.0,1.0,0.0,0.0,1.0,1.0,0.15,0.53,0.0,0.018867924528301886,0,0,120,424,1.0,1.0,8192,33024,0.010101010101010102,0.0,0.0,0.0,101.0,0.01200600300150075,6.426020123093454,0.0,86.0,86,86.0,0.0,5000.0,101.0,2000.0,0.0,0.0,0.0,0.0,1.0,0.0,0.0,0.56,0,0,28,28
pointer_chase_size65536_seed0_loads,pointer_chasing,500,0,500,1.1709043250327653,1.4141669964384647,0.24326267140569935,WAM,0.24326267140569935,15260,12635,17868,0.382,1.0,0.0,1.0,0.0,0.0,1.0,1.0,0.198,0.422,0.37373737373737376,0.2843601895734597,0,0,792,1688,1.0,1.0,8192,33024,1.0,0.0,0.0,0.0,101.0,0.01200600300150075,6.426020123093454,0.0,86.0,86,86.0,0.0,5000.0,501.0,2000.0,0.0,0.0,0.0,0.0,1.0,0.0,0.0,0.618,0,0,175,175
pointer_chase_size65536_seed0_loads,pointer_chasing,500,1,500,1.1600337596572097,1.4141669964384647,0.254133236781255,WAM,0.254133236781255,15403,12635,17868,0.382,1.0,0.0,1.0,0.0,0.0,1.0,1.0,0.196,0.422,0.3979591836734694,0.2843601895734597,0,0,784,1688,1.0,1.0,8192,33024,0.8514851485148515,0.0,0.0,0.0,101.0,0.01200600300150075,6.426020123093454,0.0,86.0,86,86.0,0.0,5000.0,501.0,2000.0,0.0,0.0,0.0,0.0,1.0,0.0,0.0,0.586,0,0,191,191
pointer_chase_size65536_seed0_loads,pointer_chasing,500,2,500,1.1726717857846032,1.4141669964384647,0.24149521065386148,WAM,0.24149521065386148,15237,12635,17868,0.384,1.0,0.0,1.0,0.0,0.0,1.0,1.0,0.204,0.422,0.37254901960784315,0.2843601895734597,0,0,816,1688,1.0,1.0,8192,33024,0.8514851485148515,0.0,0.0,0.0,101.0,0.01200600300150075,6.426020123093454,0.0,86.0,86,86.0,0.0,5000.0,501.0,2000.0,0.0,0.0,0.0,0.0,1.0,0.0,0.0,0.606,0,0,181,181
pointer_chase_size65536_seed0_loads,pointer_chasing,1000,0,1000,1.1424468696151637,1.3323657474600872,0.18991887784492345,WAM,0.18991887784492345,20892,17914,23868,0.367,1.0,0.0,1.0,0.0,0.0,1.0,1.0,0.184,0.394,0.3967391304347826,0.35279187817258884,0,0,1472,3152,1.0,1.0,8192,33024,1.0,0.0,0.0,0.0,101.0,0.01200600300150075,6.426020123093454,0.0,86.0,86,86.0,0.0,5000.0,1001.0,2000.0,0.0,0.0,0.0,0.0,1.0,0.0,0.0,0.632,0,0,352,352
pointer_chase_size65536_seed0_loads,pointer_chasing,1000,1,1000,1.0826453778463214,1.3323657474600872,0.24972036961376576,WAM,0.24972036961376576,22046,17914,23868,0.367,1.0,0.0,1.0,0.0,0.0,1.0,1.0,0.125,0.394,0.424,0.35279187817258884,0,0,1000,3152,1.0,1.0,8192,33024,0.8514851485148515,0.0,0.0,0.0,101.0,0.01200600300150075,6.426020123093454,0.0,86.0,86,86.0,0.0,5000.0,1001.0,2000.0,0.0,0.0,0.0,0.0,1.0,0.0,0.0,0.617,0,0,367,367
pointer_chase_size65536_seed0_loads,pointer_chasing,1000,2,1000,1.145242550741327,1.3323657474600872,0.1871231967187601,WAM,0.1871231967187601,20841,17914,23868,0.384,1.0,0.0,1.0,0.0,0.0,1.0,1.0,0.198,0.394,0.40404040404040403,0.35279187817258884,0,0,1584,3152,1.0,1.0,8192,33024,0.8514851485148515,0.0,0.0,0.0,101.0,0.01200600300150075,6.426020123093454,0.0,86.0,86,86.0,0.0,5000.0,1001.0,2000.0,0.0,0.0,0.0,0.0,1.0,0.0,0.0,0.611,0,0,373,373
pointer_chase_size65536_seed1_loads,pointer_chasing,100,0,100,1.3505580818520049,2.391216834400732,1.0406587525487272,WAM,1.0406587525487272,9676,5465,13068,0.32,1.0,0.0,1.0,0.0,0.0,1.0,1.0,0.24,0.53,0.2916666666666667,0.018867924528301886,0,0,192,424,1.0,1.0,8192,33024,0.16279069767441862,0.0,0.0,0.0,101.0,0.01200600300150075,6.426020123093454,0.0,86.0,86,86.0,0.0,5000.0,101.0,2000.0,0.0,0.0,0.0,0.0,1.0,0.0,0.0,0.52,0,0,32,32
pointer_chase_size65536_seed1_loads,pointer_chasing,100,1,100,1.3304825901038484,2.391216834400732,1.0607342442968837,WAM,1.0607342442968837,9822,5465,13068,0.44,1.0,0.0,1.0,0.0,0.0,1.0,1.0,0.23,0.53,0.34782608695652173,0.018867924528301886,0,0,184,424,1.0,1.0,8192,33024,0.010101010101010102,0.0,0.0,0.0,101.0,0.01200600300150075,6.426020123093454,0.0,86.0,86,86.0,0.0,5000.0,101.0,2000.0,0.0,0.0,0.0,0.0,1.0,0.0,0.0,0.53,0,0,31,31
pointer_chase_size65536_seed1_loads,pointer_chasing,100,2,100,1.1996695125309833,2.391216834400732,1.1915473218697488,WAM,1.1915473218697488,10893,5465,13068,0.39,1.0,0.0,1.0,0.0,0.0,1.0,1.0,0.15,0.53,0.0,0.018867924528301886,0,0,120,424,1.0,1.0,8192,33024,0.010101010101010102,0.0,0.0,0.0,101.0,0.01200600300150075,6.426020123093454,0.0,86.0,86,86.0,0.0,5000.0,101.0,2000.0,0.0,0.0,0.0,0.0,1.0,0.0,0.0,0.56,0,0,28,28
pointer_chase_size65536_seed1_loads,pointer_chasing,500,0,500,1.1709043250327653,1.4141669964384647,0.24326267140569935,WAM,0.24326267140569935,15260,12635,17868,0.382,1.0,0.0,1.0,0.0,0.0,1.0,1.0,0.198,0.422,0.37373737373737376,0.2843601895734597,0,0,792,1688,1.0,1.0,8192,33024,1.0,0.0,0.0,0.0,101.0,0.01200600300150075,6.426020123093454,0.0,86.0,86,86.0,0.0,5000.0,501.0,2000.0,0.0,0.0,0.0,0.0,1.0,0.0,0.0,0.618,0,0,175,175
pointer_chase_size65536_seed1_loads,pointer_chasing,500,1,500,1.1600337596572097,1.4141669964384647,0.254133236781255,WAM,0.254133236781255,15403,12635,17868,0.382,1.0,0.0,1.0,0.0,0.0,1.0,1.0,0.196,0.422,0.3979591836734694,0.2843601895734597,0,0,784,1688,1.0,1.0,8192,33024,0.8514851485148515,0.0,0.0,0.0,101.0,0.01200600300150075,6.426020123093454,0.0,86.0,86,86.0,0.0,5000.0,501.0,2000.0,0.0,0.0,0.0,0.0,1.0,0.0,0.0,0.586,0,0,191,191
pointer_chase_size65536_seed1_loads,pointer_chasing,500,2,500,1.1726717857846032,1.4141669964384647,0.24149521065386148,WAM,0.24149521065386148,15237,12635,17868,0.384,1.0,0.0,1.0,0.0,0.0,1.0,1.0,0.204,0.422,0.37254901960784315,0.2843601895734597,0,0,816,1688,1.0,1.0,8192,33024,0.8514851485148515,0.0,0.0,0.0,101.0,0.01200600300150075,6.426020123093454,0.0,86.0,86,86.0,0.0,5000.0,501.0,2000.0,0.0,0.0,0.0,0.0,1.0,0.0,0.0,0.606,0,0,181,181
pointer_chase_size65536_seed1_loads,pointer_chasing,1000,0,1000,1.1424468696151637,1.3323657474600872,0.18991887784492345,WAM,0.18991887784492345,20892,17914,23868,0.367,1.0,0.0,1.0,0.0,0.0,1.0,1.0,0.184,0.394,0.3967391304347826,0.35279187817258884,0,0,1472,3152,1.0,1.0,8192,33024,1.0,0.0,0.0,0.0,101.0,0.01200600300150075,6.426020123093454,0.0,86.0,86,86.0,0.0,5000.0,1001.0,2000.0,0.0,0.0,0.0,0.0,1.0,0.0,0.0,0.632,0,0,352,352
pointer_chase_size65536_seed1_loads,pointer_chasing,1000,1,1000,1.0826453778463214,1.3323657474600872,0.24972036961376576,WAM,0.24972036961376576,22046,17914,23868,0.367,1.0,0.0,1.0,0.0,0.0,1.0,1.0,0.125,0.394,0.424,0.35279187817258884,0,0,1000,3152,1.0,1.0,8192,33024,0.8514851485148515,0.0,0.0,0.0,101.0,0.01200600300150075,6.426020123093454,0.0,86.0,86,86.0,0.0,5000.0,1001.0,2000.0,0.0,0.0,0.0,0.0,1.0,0.0,0.0,0.617,0,0,367,367
pointer_chase_size65536_seed1_loads,pointer_chasing,1000,2,1000,1.145242550741327,1.3323657474600872,0.1871231967187601,WAM,0.1871231967187601,20841,17914,23868,0.384,1.0,0.0,1.0,0.0,0.0,1.0,1.0,0.198,0.394,0.40404040404040403,0.35279187817258884,0,0,1584,3152,1.0,1.0,8192,33024,0.8514851485148515,0.0,0.0,0.0,101.0,0.01200600300150075,6.426020123093454,0.0,86.0,86,86.0,0.0,5000.0,1001.0,2000.0,0.0,0.0,0.0,0.0,1.0,0.0,0.0,0.611,0,0,373,373
pointer_chase_size65536_seed2_loads,pointer_chasing,100,0,100,1.0,2.5853154084798344,1.5853154084798344,WAM,1.5853154084798344,15000,5802,15000,0.0,1.0,0.0,1.0,0.0,0.0,0.0,1.0,0.0,0.64,0.0,0.015625,0,0,0,512,0.0,1.0,8192,68352,0.01,0.0,0.0,0.0,193.0,0.006003001500750375,7.4747350930921925,0.0,100.0,178,178.0,0.0,5000.0,101.0,2000.0,0.0,0.0,0.0,0.0,0.0,0.0,0.0,0.84,0,0,0,0
pointer_chase_size65536_seed2_loads,pointer_chasing,100,1,100,1.2761613067891782,2.5853154084798344,1.3091541016906563,WAM,1.3091541016906563,11754,5802,15000,0.32,1.0,0.0,1.0,0.0,0.0,1.0,1.0,0.23,0.64,0.34782608695652173,0.015625,0,0,184,512,1.0,1.0,8192,68352,0.01,0.0,0.0,0.0,193.0,0.006003001500750375,7.4747350930921925,0.0,100.0,174.04578563995838,178.0,0.0,5000.0,101.0,2000.0,0.0,0.0,0.0,0.0,1.0,0.0,0.0,0.55,0,0,29,29
pointer_chase_size65536_seed2_loads,pointer_chasing,100,2,100,1.0615711252653928,2.5853154084798344,1.5237442832144417,WAM,1.5237442832144417,14130,5802,15000,0.21,1.0,0.0,1.0,0.0,0.0,1.0,1.0,0.06,0.64,0.0,0.015625,0,0,48,512,1.0,1.0,8192,68352,0.01,0.0,0.0,0.0,193.0,0.006003001500750375,7.4747350930921925,0.0,100.0,175.29448491155046,178.0,0.0,5000.0,101.0,2000.0,0.0,0.0,0.0,0.0,1.0,0.0,0.0,0.79,0,0,5,5
pointer_chase_size65536_seed2_loads,pointer_chasing,500,0,500,1.0845220353417075,1.7321620855766506,0.6476400502349431,WAM,0.6476400502349431,28182,17645,30564,0.154,1.0,0.0,1.0,0.0,0.0,1.0,1.0,0.08,0.546,0.25,0.15018315018315018,0,0,320,2184,1.0,1.0,8192,68352,1.0,0.0,0.0,0.0,193.0,0.006003001500750375,7.4747350930921925,0.0,178.0,178,178.0,0.0,5000.0,501.0,2000.0,0.0,0.0,0.0,0.0,1.0,0.0,0.0,0.84,0,0,64,64
pointer_chase_size65536_seed2_loads,pointer_chasing,500,1,500,1.087067861715749,1.7321620855766506,0.6450942238609016,WAM,0.6450942238609016,28116,17645,30564,0.192,1.0,0.0,1.0,0.0,0.0,1.0,1.0,0.112,0.546,0.30357142857142855,0.15018315018315018,0,0,448,2184,1.0,1.0,8192,68352,0.9222797927461139,0.0,0.0,0.0,193.0,0.006003001500750375,7.4747350930921925,0.0,178.0,178,178.0,0.0,5000.0,501.0,2000.0,0.0,0.0,0.0,0.0,1.0,0.0,0.0,0.776,0,0,96,96
pointer_chase_size65536_seed2_loads,pointer_chasing,500,2,500,1.0857934562506661,1.7321620855766506,0.6463686293259845,WAM,0.6463686293259845,28149,17645,30564,0.17,1.0,0.0,1.0,0.0,0.0,1.0,1.0,0.092,0.546,0.2391304347826087,0.15018315018315018,0,0,368,2184,1.0,1.0,8192,68352,0.9222797927461139,0.0,0.0,0.0,193.0,0.006003001500750375,7.4747350930921925,0.0,178.0,178,178.0,0.0,5000.0,501.0,2000.0,0.0,0.0,0.0,0.0,1.0,0.0,0.0,0.83,0,0,69,69
pointer_chase_size65536_seed2_loads,pointer_chasing,1000,0,1000,1.0759180790960452,1.4890047238964002,0.41308664480035495,WAM,0.41308664480035495,33984,24556,36564,0.16,1.0,0.0,1.0,0.0,0.0,1.0,1.0,0.088,0.477,0.3522727272727273,0.2620545073375262,0,0,704,3816,1.0,1.0,8192,68352,1.0,0.0,0.0,0.0,193.0,0.006003001500750375,7.4747350930921925,0.0,178.0,178,178.0,0.0,5000.0,1001.0,2000.0,0.0,0.0,0.0,0.0,1.0,0.0,0.0,0.824,0,0,160,160
pointer_chase_size65536_seed2_loads,pointer_chasing,1000,1,1000,1.078011675216699,1.4890047238964002,0.4109930486797011,WAM,0.4109930486797011,33918,24556,36564,0.192,1.0,0.0,1.0,0.0,0.0,1.0,1.0,0.104,0.477,0.36538461538461536,0.2620545073375262,0,0,832,3816,1.0,1.0,8192,68352,0.9222797927461139,0.0,0.0,0.0,193.0,0.006003001500750375,7.4747350930921925,0.0,178.0,178,178.0,0.0,5000.0,1001.0,2000.0,0.0,0.0,0.0,0.0,1.0,0.0,0.0,0.792,0,0,192,192
pointer_chase_size65536_seed2_loads,pointer_chasing,1000,2,1000,1.0769638596801272,1.4890047238964002,0.41204086421627295,WAM,0.41204086421627295,33951,24556,36564,0.181,1.0,0.0,1.0,0.0,0.0,1.0,1.0,0.094,0.477,0.3404255319148936,0.2620545073375262,0,0,752,3816,1.0,1.0,8192,68352,0.9222797927461139,0.0,0.0,0.0,193.0,0.006003001500750375,7.4747350930921925,0.0,178.0,178,178.0,0.0,5000.0,1001.0,2000.0,0.0,0.0,0.0,0.0,1.0,0.0,0.0,0.819,0,0,165,165
pointer_chase_size65536_seed3_loads,pointer_chasing,100,0,100,1.7852868708201337,1.7852868708201337,0.0,tie,0.0,2841,2841,5072,1.0,1.0,1.0,1.0,0.0,0.0,1.0,1.0,0.16,0.16,0.0625,0.0625,0,0,128,128,1.0,1.0,8192,12288,1.0,0.0,0.0,0.0,47.0,0.03151575787893947,4.999953982930126,0.0,32.0,32,32.0,0.0,5000.0,101.0,2000.0,0.0,0.0,0.0,0.0,1.0,0.0,0.0,0.0,0,0,84,84
pointer_chase_size65536_seed3_loads,pointer_chasing,100,1,100,1.750776665516051,1.7852868708201337,0.034510205304082664,WAM,0.034510205304082664,2897,2841,5072,0.99,1.0,1.0,1.0,0.0,0.0,1.0,1.0,0.15,0.16,0.0,0.0625,0,0,120,128,1.0,1.0,8192,12288,0.6808510638297872,0.0,0.0,0.0,47.0,0.03151575787893947,4.999953982930126,0.0,32.0,32,32.0,0.0,5000.0,101.0,2000.0,0.0,0.0,0.0,0.0,1.0,0.0,0.0,0.01,0,0,83,83
pointer_chase_size65536_seed3_loads,pointer_chasing,100,2,100,1.750776665516051,1.7852868708201337,0.034510205304082664,WAM,0.034510205304082664,2897,2841,5072,0.99,1.0,1.0,1.0,0.0,0.0,1.0,1.0,0.15,0.16,0.0,0.0625,0,0,120,128,1.0,1.0,8192,12288,0.6808510638297872,0.0,0.0,0.0,47.0,0.03151575787893947,4.999953982930126,0.0,32.0,32,32.0,0.0,5000.0,101.0,2000.0,0.0,0.0,0.0,0.0,1.0,0.0,0.0,0.01,0,0,83,83
pointer_chase_size65536_seed3_loads,pointer_chasing,500,0,500,1.502364332357577,1.502364332357577,0.0,tie,0.0,4441,4441,6672,1.0,1.0,1.0,1.0,0.0,0.0,1.0,1.0,0.032,0.032,0.0625,0.0625,0,0,128,128,1.0,1.0,8192,12288,1.0,0.0,0.0,0.0,47.0,0.03151575787893947,4.999953982930126,0.0,32.0,32,32.0,0.0,5000.0,501.0,2000.0,0.0,0.0,0.0,0.0,1.0,0.0,0.0,0.0,0,0,484,484
pointer_chase_size65536_seed3_loads,pointer_chasing,500,1,500,1.4836557705136757,1.502364332357577,0.01870856184390135,WAM,0.01870856184390135,4497,4441,6672,0.998,1.0,1.0,1.0,0.0,0.0,1.0,1.0,0.03,0.032,0.0,0.0625,0,0,120,128,1.0,1.0,8192,12288,0.6808510638297872,0.0,0.0,0.0,47.0,0.03151575787893947,4.999953982930126,0.0,32.0,32,32.0,0.0,5000.0,501.0,2000.0,0.0,0.0,0.0,0.0,1.0,0.0,0.0,0.002,0,0,483,483
pointer_chase_size65536_seed3_loads,pointer_chasing,500,2,500,1.4836557705136757,1.502364332357577,0.01870856184390135,WAM,0.01870856184390135,4497,4441,6672,0.998,1.0,1.0,1.0,0.0,0.0,1.0,1.0,0.03,0.032,0.0,0.0625,0,0,120,128,1.0,1.0,8192,12288,0.6808510638297872,0.0,0.0,0.0,47.0,0.03151575787893947,4.999953982930126,0.0,32.0,32,32.0,0.0,5000.0,501.0,2000.0,0.0,0.0,0.0,0.0,1.0,0.0,0.0,0.002,0,0,483,483
pointer_chase_size65536_seed3_loads,pointer_chasing,1000,0,1000,1.3463747865238318,1.3463747865238318,0.0,tie,0.0,6441,6441,8672,1.0,1.0,1.0,1.0,0.0,0.0,1.0,1.0,0.016,0.016,0.0625,0.0625,0,0,128,128,1.0,1.0,8192,12288,1.0,0.0,0.0,0.0,47.0,0.03151575787893947,4.999953982930126,0.0,32.0,32,32.0,0.0,5000.0,1001.0,2000.0,0.0,0.0,0.0,0.0,1.0,0.0,0.0,0.0,0,0,984,984
pointer_chase_size65536_seed3_loads,pointer_chasing,1000,1,1000,1.334769893797137,1.3463747865238318,0.011604892726694738,WAM,0.011604892726694738,6497,6441,8672,0.999,1.0,1.0,1.0,0.0,0.0,1.0,1.0,0.015,0.016,0.0,0.0625,0,0,120,128,1.0,1.0,8192,12288,0.6808510638297872,0.0,0.0,0.0,47.0,0.03151575787893947,4.999953982930126,0.0,32.0,32,32.0,0.0,5000.0,1001.0,2000.0,0.0,0.0,0.0,0.0,1.0,0.0,0.0,0.001,0,0,983,983
pointer_chase_size65536_seed3_loads,pointer_chasing,1000,2,1000,1.334769893797137,1.3463747865238318,0.011604892726694738,WAM,0.011604892726694738,6497,6441,8672,0.999,1.0,1.0,1.0,0.0,0.0,1.0,1.0,0.015,0.016,0.0,0.0625,0,0,120,128,1.0,1.0,8192,12288,0.6808510638297872,0.0,0.0,0.0,47.0,0.03151575787893947,4.999953982930126,0.0,32.0,32,32.0,0.0,5000.0,1001.0,2000.0,0.0,0.0,0.0,0.0,1.0,0.0,0.0,0.001,0,0,983,983
pointer_chase_size65536_seed4_loads,pointer_chasing,100,0,100,1.0,2.5853154084798344,1.5853154084798344,WAM,1.5853154084798344,15000,5802,15000,0.0,1.0,0.0,1.0,0.0,0.0,0.0,1.0,0.0,0.64,0.0,0.015625,0,0,0,512,0.0,1.0,8192,178032,0.01,0.01309686391396029,0.0,0.01309686391396029,479.0,0.004502251125562781,8.766195290935315,0.0,100.0,456.94397076735686,464.0,0.0,5000.0,101.0,2000.0,0.0,0.0,0.0,0.0,0.0,0.0,0.0,0.84,0,0,0,0
pointer_chase_size65536_seed4_loads,pointer_chasing,100,1,100,0.9999326825984517,2.5605930012066884,1.5606603186082366,WAM,1.5606603186082366,14855,5801,14854,0.01,1.0,0.0,1.0,0.0,0.0,0.0,1.0,0.01,0.63,0.0,0.015873015873015872,0,0,8,504,0.0,1.0,8192,178032,0.01,0.01309686391396029,0.0,0.01309686391396029,479.0,0.004502251125562781,8.766195290935315,0.0,99.0,450.20341047503047,464.0,0.0,5000.0,101.0,2000.0,0.0,0.0,0.0,0.0,0.0,1.0,0.0,0.83,0,0,1,1
pointer_chase_size65536_seed4_loads,pointer_chasing,100,2,100,0.9999326825984517,2.5605930012066884,1.5606603186082366,WAM,1.5606603186082366,14855,5801,14854,0.01,1.0,0.0,1.0,0.0,0.0,0.0,1.0,0.01,0.63,0.0,0.015873015873015872,0,0,8,504,0.0,1.0,8192,178032,0.01,0.01309686391396029,0.0,0.01309686391396029,479.0,0.004502251125562781,8.766195290935315,0.0,99.0,449.721071863581,464.0,0.0,5000.0,101.0,2000.0,0.0,0.0,0.0,0.0,0.0,1.0,0.0,0.83,0,0,1,1
pointer_chase_size65536_seed4_loads,pointer_chasing,500,0,500,1.0508286796520594,3.0676573426573426,2.016828663005283,WAM,2.016828663005283,66793,22880,70188,0.066,1.0,0.0,1.0,0.0,0.0,1.0,1.0,0.048,0.68,0.16666666666666666,0.011764705882352941,0,0,192,2720,1.0,1.0,8192,178032,0.07758620689655173,0.01309686391396029,0.0,0.01309686391396029,479.0,0.004502251125562781,8.766195290935315,0.0,458.0,456.96278158667974,464.0,0.0,5000.0,501.0,2000.0,0.0,0.0,0.0,0.0,0.9696969696969697,0.030303030303030304,0.0,0.902,0,0,33,33
pointer_chase_size65536_seed4_loads,pointer_chasing,500,1,500,1.0508403487222504,3.048761408083442,1.9979210593611916,WAM,1.9979210593611916,66758,23010,70152,0.068,1.0,0.0,1.0,0.0,0.0,0.96,1.0,0.05,0.68,0.16666666666666666,0.011764705882352941,1,0,200,2720,0.96,1.0,8192,178032,0.04384133611691023,0.01309686391396029,0.0,0.01309686391396029,479.0,0.004502251125562781,8.766195290935315,0.0,458.0,457.052889324192,464.0,0.0,5000.0,501.0,2000.0,0.0,0.0,0.0,0.0,0.9696969696969697,0.030303030303030304,0.0,0.902,0,0,33,33
pointer_chase_size65536_seed4_loads,pointer_chasing,500,2,500,1.0512693776679398,3.049265791988878,1.9979964143209383,WAM,1.9979964143209383,66765,23018,70188,0.066,1.0,0.0,1.0,0.0,0.0,1.0,1.0,0.048,0.68,0.16666666666666666,0.011764705882352941,0,0,192,2720,1.0,1.0,8192,178032,0.04384133611691023,0.01309686391396029,0.0,0.01309686391396029,479.0,0.004502251125562781,8.766195290935315,0.0,458.0,457.16503428011754,464.0,0.0,5000.0,501.0,2000.0,0.0,0.0,0.0,0.0,0.9696969696969697,0.030303030303030304,0.0,0.902,0,0,33,33
pointer_chase_size65536_seed4_loads,pointer_chasing,1000,0,1000,1.0451283242364418,2.379902155229406,1.3347738309929644,WAM,1.3347738309929644,86110,37815,89996,0.066,1.0,0.0,1.0,0.0,0.0,1.0,1.0,0.046,0.602,0.21739130434782608,0.06478405315614617,0,0,368,4816,1.0,1.0,8192,178032,1.0,0.01309686391396029,0.0,0.01309686391396029,479.0,0.004502251125562781,8.766195290935315,0.0,458.0,457.2517702596381,464.0,0.0,5000.0,1001.0,2000.0,0.0,0.0,0.0,0.0,0.9696969696969697,0.030303030303030304,0.0,0.918,0,0,66,66
pointer_chase_size65536_seed4_loads,pointer_chasing,1000,1,1000,1.0451350566366542,2.427349504870349,1.3822144482336949,WAM,1.3822144482336949,86075,37061,89960,0.067,1.0,0.0,1.0,0.0,0.0,0.9787234042553191,1.0,0.047,0.609,0.21739130434782608,0.07060755336617405,1,0,376,4872,0.9787234042553191,1.0,8192,178032,0.9686847599164927,0.01309686391396029,0.0,0.01309686391396029,479.0,0.004502251125562781,8.766195290935315,0.0,458.0,457.2391817466562,464.0,0.0,5000.0,1001.0,2000.0,0.0,0.0,0.0,0.0,0.9696969696969697,0.030303030303030304,0.0,0.918,0,0,66,66
pointer_chase_size65536_seed4_loads,pointer_chasing,1000,2,1000,1.0454682744360029,2.3896338387190994,1.3441655642830965,WAM,1.3441655642830965,86082,37661,89996,0.066,1.0,0.0,1.0,0.0,0.0,1.0,1.0,0.046,0.605,0.21739130434782608,0.0859504132231405,0,0,368,4840,1.0,1.0,8192,178032,0.9686847599164927,0.01309686391396029,0.0,0.01309686391396029,479.0,0.004502251125562781,8.766195290935315,0.0,458.0,457.3292682926829,464.0,0.0,5000.0,1001.0,2000.0,0.0,0.0,0.0,0.0,0.9696969696969697,0.030303030303030304,0.0,0.918,0,0,66,66
quicksort_size65536_seed0_loads,sorting,100,0,100,0.9994169096209913,0.9994169096209913,0.0,tie,0.0,1715,1715,1714,0.058666666666666666,0.05,0.0,0.5,0.0,0.0,0.0,0.0,0.01,0.01,0.0,0.0,0,0,8,8,0.0,0.0,8192,1567776,0.01,1.4573161240292987,0.0,1.4573161240292987,4999.0,0.29964982491245623,6.48054249764168,0.020202020202020204,9.0,2.011954261954262,2.0,0.24242424242424243,5000.0,101.0,2000.0,0.0,0.0,0.0,0.0,0.0,0.0,0.02,0.1,0,0,0,0
quicksort_size65536_seed0_loads,sorting,100,1,100,0.9970913321698662,1.0,0.002908667830133771,WAM,0.002908667830133771,1719,1714,1714,0.068,0.005,0.0,0.5,0.0,0.0,0.0,0.0,0.05,0.0,0.0,0.0,0,0,40,0,0.0,0.0,8192,1567776,0.01,1.4573161240292987,0.0,1.4573161240292987,4999.0,0.29964982491245623,6.48054249764168,0.020202020202020204,9.0,2.0135275754422475,2.0,0.30303030303030304,5000.0,101.0,2000.0,0.0,0.0,0.0,0.0,0.0,0.0,0.07,0.01,0,0,0,0
quicksort_size65536_seed0_loads,sorting,100,2,100,0.9967845659163987,1.0,0.003215434083601254,WAM,0.003215434083601254,1866,1860,1860,0.07733333333333334,0.005,0.0,0.5,0.0,0.0,0.0,0.0,0.06,0.0,0.0,0.0,0,0,48,0,0.0,0.0,8192,1567776,0.01,1.4573161240292987,0.0,1.4573161240292987,4999.0,0.29964982491245623,6.48054249764168,0.04040404040404041,10.0,2.0109318063508588,2,0.29292929292929293,5000.0,101.0,2000.0,0.0,0.0,0.0,0.0,0.0,0.0,0.1,0.01,0,0,0,0
quicksort_size65536_seed0_loads,sorting,500,0,500,1.0393660531697342,0.9998770441411533,-0.03948900902858088,GMC-style,0.03948900902858088,7824,8133,8132,0.074,0.01,0.0,0.5,0.002066115702479339,0.0,0.11538461538461539,0.0,0.052,0.002,0.3333333333333333,0.0,0,0,208,8,0.11538461538461539,0.0,8192,1567776,0.002,1.4573161240292987,0.0,1.4573161240292987,4999.0,0.29964982491245623,6.48054249764168,0.018036072144288578,42.0,2.017023134002619,2,0.25851703406813625,5000.0,501.0,2000.0,0.0,0.0,0.0,0.0,0.0,0.0,0.084,0.02,0,0,0,0
quicksort_size65536_seed0_loads,sorting,500,1,500,1.0049775403666383,1.0,-0.004977540366638333,GMC-style,0.004977540366638333,8237,8278,8278,0.056133333333333334,0.001,0.0,0.5,0.0,0.0,0.041666666666666664,0.0,0.048,0.0,1.0,0.0,0,0,192,0,0.041666666666666664,0.0,8192,1567776,0.002,1.4573161240292987,0.0,1.4573161240292987,4999.0,0.29964982491245623,6.48054249764168,0.018036072144288578,43.0,2.015297202797203,2.0,0.28857715430861725,5000.0,501.0,2000.0,0.0,0.0,0.0,0.0,0.0,0.0,0.064,0.002,0,0,0,0
quicksort_size65536_seed0_loads,sorting,500,2,500,1.0148338850067427,1.0,-0.014833885006742653,GMC-style,0.014833885006742653,8157,8278,8278,0.0576,0.001,0.0,0.5,0.0,0.0,0.04,0.0,0.05,0.0,0.0,0.0,0,0,200,0,0.04,0.0,8192,1567776,0.006060606060606061,1.4573161240292987,0.0,1.4573161240292987,4999.0,0.29964982491245623,6.48054249764168,0.028056112224448898,43.0,2.015297202797203,2.0,0.280561122244489,5000.0,501.0,2000.0,0.0,0.0,0.0,0.0,0.0,0.0,0.072,0.002,0,0,0,0
quicksort_size65536_seed0_loads,sorting,1000,0,1000,1.0367820488302415,0.9999385182908085,-0.03684353053943301,GMC-style,0.03684353053943301,15687,16265,16264,0.0714,0.005,0.0,0.5,0.0020325203252032522,0.0,0.10204081632653061,0.0,0.049,0.001,0.2,0.0,0,0,392,8,0.10204081632653061,0.0,8192,1567776,0.001,1.4573161240292987,0.0,1.4573161240292987,4999.0,0.29964982491245623,6.48054249764168,0.022022022022022022,84.0,2.0149145143688614,2,0.2832832832832833,5000.0,1001.0,2000.0,0.0,0.0,0.0,0.0,0.0,0.0,0.084,0.01,0,0,0,0
quicksort_size65536_seed0_loads,sorting,1000,1,1000,1.0129091465279902,1.0,-0.012909146527990245,GMC-style,0.012909146527990245,16345,16556,16556,0.07339999999999999,0.0005,0.0,0.5,0.0010162601626016261,0.0,0.05555555555555555,0.0,0.054,0.0,0.6666666666666666,0.0,0,0,432,0,0.05555555555555555,0.0,8192,1567776,0.001,1.4573161240292987,0.0,1.4573161240292987,4999.0,0.29964982491245623,6.48054249764168,0.01701701701701702,86.0,2.0185792349726777,2,0.2932932932932933,5000.0,1001.0,2000.0,0.0,0.0,0.0,0.0,0.0,0.0,0.089,0.001,0,0,0,0
quicksort_size65536_seed0_loads,sorting,1000,2,1000,1.034013605442177,1.0,-0.03401360544217691,GMC-style,0.03401360544217691,15729,16264,16264,0.0566,0.0005,0.0,0.5,0.0,0.0,0.08163265306122448,0.0,0.049,0.0,0.0,0.0,0,0,392,0,0.08163265306122448,0.0,8192,1567776,0.003015075376884422,1.4573161240292987,0.0,1.4573161240292987,4999.0,0.29964982491245623,6.48054249764168,0.026026026026026026,84.0,2.016745540589734,2,0.2852852852852853,5000.0,1001.0,2000.0,0.0,0.0,0.0,0.0,0.0,0.0,0.07,0.001,0,0,0,0
quicksort_size65536_seed1_loads,sorting,100,0,100,0.9994169096209913,0.9994169096209913,0.0,tie,0.0,1715,1715,1714,0.058666666666666666,0.05,0.0,0.5,0.0,0.0,0.0,0.0,0.01,0.01,0.0,0.0,0,0,8,8,0.0,0.0,8192,1567776,0.01,1.4573161240292987,0.0,1.4573161240292987,4999.0,0.29964982491245623,6.48054249764168,0.020202020202020204,9.0,2.011954261954262,2.0,0.24242424242424243,5000.0,101.0,2000.0,0.0,0.0,0.0,0.0,0.0,0.0,0.02,0.1,0,0,0,0
quicksort_size65536_seed1_loads,sorting,100,1,100,0.9970913321698662,1.0,0.002908667830133771,WAM,0.002908667830133771,1719,1714,1714,0.068,0.005,0.0,0.5,0.0,0.0,0.0,0.0,0.05,0.0,0.0,0.0,0,0,40,0,0.0,0.0,8192,1567776,0.01,1.4573161240292987,0.0,1.4573161240292987,4999.0,0.29964982491245623,6.48054249764168,0.020202020202020204,9.0,2.0135275754422475,2.0,0.30303030303030304,5000.0,101.0,2000.0,0.0,0.0,0.0,0.0,0.0,0.0,0.07,0.01,0,0,0,0
quicksort_size65536_seed1_loads,sorting,100,2,100,0.9967845659163987,1.0,0.003215434083601254,WAM,0.003215434083601254,1866,1860,1860,0.07733333333333334,0.005,0.0,0.5,0.0,0.0,0.0,0.0,0.06,0.0,0.0,0.0,0,0,48,0,0.0,0.0,8192,1567776,0.01,1.4573161240292987,0.0,1.4573161240292987,4999.0,0.29964982491245623,6.48054249764168,0.04040404040404041,10.0,2.0109318063508588,2,0.29292929292929293,5000.0,101.0,2000.0,0.0,0.0,0.0,0.0,0.0,0.0,0.1,0.01,0,0,0,0
quicksort_size65536_seed1_loads,sorting,500,0,500,1.0393660531697342,0.9998770441411533,-0.03948900902858088,GMC-style,0.03948900902858088,7824,8133,8132,0.074,0.01,0.0,0.5,0.002066115702479339,0.0,0.11538461538461539,0.0,0.052,0.002,0.3333333333333333,0.0,0,0,208,8,0.11538461538461539,0.0,8192,1567776,0.002,1.4573161240292987,0.0,1.4573161240292987,4999.0,0.29964982491245623,6.48054249764168,0.018036072144288578,42.0,2.017023134002619,2,0.25851703406813625,5000.0,501.0,2000.0,0.0,0.0,0.0,0.0,0.0,0.0,0.084,0.02,0,0,0,0
quicksort_size65536_seed1_loads,sorting,500,1,500,1.0049775403666383,1.0,-0.004977540366638333,GMC-style,0.004977540366638333,8237,8278,8278,0.056133333333333334,0.001,0.0,0.5,0.0,0.0,0.041666666666666664,0.0,0.048,0.0,1.0,0.0,0,0,192,0,0.041666666666666664,0.0,8192,1567776,0.002,1.4573161240292987,0.0,1.4573161240292987,4999.0,0.29964982491245623,6.48054249764168,0.018036072144288578,43.0,2.015297202797203,2.0,0.28857715430861725,5000.0,501.0,2000.0,0.0,0.0,0.0,0.0,0.0,0.0,0.064,0.002,0,0,0,0
quicksort_size65536_seed1_loads,sorting,500,2,500,1.0148338850067427,1.0,-0.014833885006742653,GMC-style,0.014833885006742653,8157,8278,8278,0.0576,0.001,0.0,0.5,0.0,0.0,0.04,0.0,0.05,0.0,0.0,0.0,0,0,200,0,0.04,0.0,8192,1567776,0.006060606060606061,1.4573161240292987,0.0,1.4573161240292987,4999.0,0.29964982491245623,6.48054249764168,0.028056112224448898,43.0,2.015297202797203,2.0,0.280561122244489,5000.0,501.0,2000.0,0.0,0.0,0.0,0.0,0.0,0.0,0.072,0.002,0,0,0,0
quicksort_size65536_seed1_loads,sorting,1000,0,1000,1.0367820488302415,0.9999385182908085,-0.03684353053943301,GMC-style,0.03684353053943301,15687,16265,16264,0.0714,0.005,0.0,0.5,0.0020325203252032522,0.0,0.10204081632653061,0.0,0.049,0.001,0.2,0.0,0,0,392,8,0.10204081632653061,0.0,8192,1567776,0.001,1.4573161240292987,0.0,1.4573161240292987,4999.0,0.29964982491245623,6.48054249764168,0.022022022022022022,84.0,2.0149145143688614,2,0.2832832832832833,5000.0,1001.0,2000.0,0.0,0.0,0.0,0.0,0.0,0.0,0.084,0.01,0,0,0,0
quicksort_size65536_seed1_loads,sorting,1000,1,1000,1.0129091465279902,1.0,-0.012909146527990245,GMC-style,0.012909146527990245,16345,16556,16556,0.07339999999999999,0.0005,0.0,0.5,0.0010162601626016261,0.0,0.05555555555555555,0.0,0.054,0.0,0.6666666666666666,0.0,0,0,432,0,0.05555555555555555,0.0,8192,1567776,0.001,1.4573161240292987,0.0,1.4573161240292987,4999.0,0.29964982491245623,6.48054249764168,0.01701701701701702,86.0,2.0185792349726777,2,0.2932932932932933,5000.0,1001.0,2000.0,0.0,0.0,0.0,0.0,0.0,0.0,0.089,0.001,0,0,0,0
quicksort_size65536_seed1_loads,sorting,1000,2,1000,1.034013605442177,1.0,-0.03401360544217691,GMC-style,0.03401360544217691,15729,16264,16264,0.0566,0.0005,0.0,0.5,0.0,0.0,0.08163265306122448,0.0,0.049,0.0,0.0,0.0,0,0,392,0,0.08163265306122448,0.0,8192,1567776,0.003015075376884422,1.4573161240292987,0.0,1.4573161240292987,4999.0,0.29964982491245623,6.48054249764168,0.026026026026026026,84.0,2.016745540589734,2,0.2852852852852853,5000.0,1001.0,2000.0,0.0,0.0,0.0,0.0,0.0,0.0,0.07,0.001,0,0,0,0
quicksort_size65536_seed2_loads,sorting,100,0,100,1.6825645035183738,1.0,-0.6825645035183738,GMC-style,0.6825645035183738,1279,2152,2152,0.49089626239511824,0.0,0.4782608695652174,0.0,0.3333333333333333,0.0,0.6666666666666666,0.0,0.12,0.0,0.5,0.0,0,0,96,0,0.6666666666666666,0.0,8192,1582584,0.01,1.3033365513693498,0.00020008003201280514,1.303136471337337,4998.0,0.4622311155577789,5.11486456263735,0.09090909090909091,12.0,2.0094886663152347,1,0.5858585858585859,5000.0,101.0,2000.0,0.0,0.0,0.0,0.0,0.0,0.0,0.55,0.0,0,0,0,0
quicksort_size65536_seed2_loads,sorting,100,1,100,1.6308943089430894,1.0,-0.6308943089430894,GMC-style,0.6308943089430894,1230,2006,2006,0.3373531655225019,0.0,0.4782608695652174,0.0,0.17857142857142858,0.0,0.75,0.0,0.08,0.0,0.3333333333333333,0.0,0,0,64,0,0.75,0.0,8192,1582584,0.01,1.3033365513693498,0.00020008003201280514,1.303136471337337,4998.0,0.4622311155577789,5.11486456263735,0.0707070707070707,11.0,2.00210970464135,1.0,0.4444444444444444,5000.0,101.0,2000.0,0.0,0.0,0.0,0.0,0.0,0.0,0.42,0.0,0,0,0,0
quicksort_size65536_seed2_loads,sorting,100,2,100,1.5,1.0,-0.5,GMC-style,0.5,1532,2298,2298,0.4042295957284516,0.0,0.4782608695652174,0.0,0.27380952380952384,0.0,0.7777777777777778,0.0,0.09,0.0,0.7142857142857143,0.0,0,0,72,0,0.7777777777777778,0.0,8192,1582584,0.01,1.3033365513693498,0.00020008003201280514,1.303136471337337,4998.0,0.4622311155577789,5.11486456263735,0.06060606060606061,13.0,1.9973600844772967,1.0,0.5151515151515151,5000.0,101.0,2000.0,0.0,0.0,0.0,0.0,0.0,0.0,0.49,0.0,0,0,0,0
quicksort_size65536_seed2_loads,sorting,500,0,500,1.9026186579378068,1.0,-0.9026186579378068,GMC-style,0.9026186579378068,4888,9300,9300,0.39332646834477497,0.0,0.4782608695652174,0.0,0.2830578512396694,0.0,0.8297872340425532,0.0,0.094,0.0,0.5641025641025641,0.0,0,0,376,0,0.8297872340425532,0.0,8192,1582584,0.002,1.3033365513693498,0.00020008003201280514,1.303136471337337,4998.0,0.4622311155577789,5.11486456263735,0.06613226452905811,50.0,2.0185922974767596,1,0.4969939879759519,5000.0,501.0,2000.0,0.0,0.0,0.0,0.0,0.0,0.0,0.546,0.0,0,0,0,0
quicksort_size65536_seed2_loads,sorting,500,1,500,1.880977239507204,1.0,-0.880977239507204,GMC-style,0.880977239507204,4789,9008,9008,0.3307673531655225,0.0,0.4782608695652174,0.0,0.19834710743801653,0.0,0.8536585365853658,0.0,0.082,0.0,0.42857142857142855,0.0,0,0,328,0,0.8536585365853658,0.0,8192,1582584,0.002,1.3033365513693498,0.00020008003201280514,1.303136471337337,4998.0,0.4622311155577789,5.11486456263735,0.06412825651302605,48.0,2.0088534749889333,1,0.4248496993987976,5000.0,501.0,2000.0,0.0,0.0,0.0,0.0,0.0,0.0,0.482,0.0,0,0,0,0
quicksort_size65536_seed2_loads,sorting,500,2,500,1.8798009950248755,1.0,-0.8798009950248755,GMC-style,0.8798009950248755,5025,9446,9446,0.4023600305110603,0.0,0.4782608695652174,0.0,0.24173553719008264,0.0,0.75,0.0,0.104,0.0,0.6666666666666666,0.0,0,0,416,0,0.75,0.0,8192,1582584,0.002,1.3033365513693498,0.00020008003201280514,1.303136471337337,4998.0,0.4622311155577789,5.11486456263735,0.06012024048096192,51.0,2.0057624113475176,1.0,0.48697394789579157,5000.0,501.0,2000.0,0.0,0.0,0.0,0.0,0.0,0.0,0.53,0.0,0,0,0,0
quicksort_size65536_seed2_loads,sorting,1000,0,1000,1.9919243438529382,1.0,-0.9919243438529382,GMC-style,0.9919243438529382,9411,18746,18746,0.41893096872616326,0.0,0.4782608695652174,0.0,0.2916666666666667,0.0,0.8469387755102041,0.0,0.098,0.0,0.5060240963855421,0.0,0,0,784,0,0.8469387755102041,0.0,8192,1582584,0.001,1.3033365513693498,0.00020008003201280514,1.303136471337337,4998.0,0.4622311155577789,5.11486456263735,0.07207207207207207,101.0,2.016248153618907,1.0,0.5155155155155156,5000.0,1001.0,2000.0,0.0,0.0,0.0,0.0,0.0,0.0,0.575,0.0,0,0,0,0
quicksort_size65536_seed2_loads,sorting,1000,1,1000,1.9573229873908826,1.0,-0.9573229873908826,GMC-style,0.9573229873908826,9279,18162,18162,0.35396834477498096,0.0,0.4782608695652174,0.0,0.22967479674796748,0.0,0.9036144578313253,0.0,0.083,0.0,0.48,0.0,0,0,664,0,0.9036144578313253,0.0,8192,1582584,0.001,1.3033365513693498,0.00020008003201280514,1.303136471337337,4998.0,0.4622311155577789,5.11486456263735,0.06706706706706707,97.0,2.0092250922509227,1.0,0.45545545545545546,5000.0,1001.0,2000.0,0.0,0.0,0.0,0.0,0.0,0.0,0.519,0.0,0,0,0,0
quicksort_size65536_seed2_loads,sorting,1000,2,1000,1.9562123700054734,1.0,-0.9562123700054734,GMC-style,0.9562123700054734,9135,17870,17870,0.3364591914569031,0.0,0.4782608695652174,0.0,0.17276422764227642,0.0,0.8390804597701149,0.0,0.087,0.0,0.5205479452054794,0.0,0,0,696,0,0.8390804597701149,0.0,8192,1582584,0.001,1.3033365513693498,0.00020008003201280514,1.303136471337337,4998.0,0.4622311155577789,5.11486456263735,0.055055055055055056,95.0,2.006637168141593,2.0,0.4264264264264264,5000.0,1001.0,2000.0,0.0,0.0,0.0,0.0,0.0,0.0,0.473,0.0,0,0,0,0
quicksort_size65536_seed3_loads,sorting,100,0,100,1.3566739606126914,1.0,-0.3566739606126914,GMC-style,0.3566739606126914,1371,1860,1860,0.34800000000000003,0.0,0.0,0.0,0.09523809523809523,0.0,0.6666666666666666,0.0,0.06,0.0,0.25,0.0,0,0,48,0,0.6666666666666666,0.0,8192,1574664,0.01,1.438539050022521,0.00020008003201280514,1.4383389699905083,4998.0,0.33466733366683343,6.222978921200707,0.020202020202020204,10.0,2.0015641293013555,2.0,0.3939393939393939,5000.0,101.0,2000.0,0.0,0.0,0.0,0.0,0.0,0.0,0.31,0.0,0,0,0,0
quicksort_size65536_seed3_loads,sorting,100,1,100,1.3411580594679187,1.0,-0.34115805946791866,GMC-style,0.34115805946791866,1278,1714,1714,0.303,0.0,0.0,0.0,0.14285714285714285,0.0,0.625,0.0,0.08,0.0,0.6,0.0,0,0,64,0,0.625,0.0,8192,1574664,0.01,1.438539050022521,0.00020008003201280514,1.4383389699905083,4998.0,0.33466733366683343,6.222978921200707,0.030303030303030304,9.0,2.001564945226917,2,0.3434343434343434,5000.0,101.0,2000.0,0.0,0.0,0.0,0.0,0.0,0.0,0.29,0.0,0,0,0,0
quicksort_size65536_seed3_loads,sorting,100,2,100,1.263586956521739,1.0,-0.263586956521739,GMC-style,0.263586956521739,1472,1860,1860,0.23600000000000002,0.0,0.0,0.0,0.10714285714285714,0.0,0.8333333333333334,0.0,0.06,0.0,0.8,0.0,0,0,48,0,0.8333333333333334,0.0,8192,1574664,0.01,1.438539050022521,0.00020008003201280514,1.4383389699905083,4998.0,0.33466733366683343,6.222978921200707,0.020202020202020204,10.0,2.0041753653444676,2.0,0.26262626262626265,5000.0,101.0,2000.0,0.0,0.0,0.0,0.0,0.0,0.0,0.21,0.0,0,0,0,0
quicksort_size65536_seed3_loads,sorting,500,0,500,1.3815184656839437,1.0,-0.38151846568394365,GMC-style,0.38151846568394365,6309,8716,8716,0.3422,0.0,0.0,0.0,0.12603305785123967,0.0,0.75,0.0,0.072,0.0,0.5555555555555556,0.0,0,0,288,0,0.75,0.0,8192,1574664,0.002,1.438539050022521,0.00020008003201280514,1.4383389699905083,4998.0,0.33466733366683343,6.222978921200707,0.03006012024048096,46.0,1.9960560911481158,2.0,0.37675350701402804,5000.0,501.0,2000.0,0.0,0.0,0.0,0.0,0.0,0.0,0.374,0.0,0,0,0,0
quicksort_size65536_seed3_loads,sorting,500,1,500,1.4136600100688035,1.0,-0.4136600100688035,GMC-style,0.4136600100688035,5959,8424,8424,0.31020000000000003,0.0,0.0,0.0,0.11983471074380166,0.0,0.6923076923076923,0.0,0.078,0.0,0.5555555555555556,0.0,0,0,312,0,0.6923076923076923,0.0,8192,1574664,0.002,1.438539050022521,0.00020008003201280514,1.4383389699905083,4998.0,0.33466733366683343,6.222978921200707,0.03206412825651302,44.0,1.9986853637160387,2.0,0.33266533066132264,5000.0,501.0,2000.0,0.0,0.0,0.0,0.0,0.0,0.0,0.34,0.0,0,0,0,0
quicksort_size65536_seed3_loads,sorting,500,2,500,1.441305079044736,1.0,-0.4413050790447359,GMC-style,0.4413050790447359,5946,8570,8570,0.2972,0.0,0.0,0.0,0.12190082644628099,0.0,0.75,0.0,0.072,0.0,0.5185185185185185,0.0,0,0,288,0,0.75,0.0,8192,1574664,0.002,1.438539050022521,0.00020008003201280514,1.4383389699905083,4998.0,0.33466733366683343,6.222978921200707,0.026052104208416832,45.0,2.0052608505041647,2,0.3166332665330661,5000.0,501.0,2000.0,0.0,0.0,0.0,0.0,0.0,0.0,0.322,0.0,0,0,0,0
quicksort_size65536_seed3_loads,sorting,1000,0,1000,1.397016871790692,1.0,-0.3970168717906919,GMC-style,0.3970168717906919,12269,17140,17140,0.3552,0.0,0.0,0.0,0.1402439024390244,0.0,0.6521739130434783,0.0,0.092,0.0,0.6166666666666667,0.0,0,0,736,0,0.6521739130434783,0.0,8192,1574664,0.001,1.438539050022521,0.00020008003201280514,1.4383389699905083,4998.0,0.33466733366683343,6.222978921200707,0.042042042042042045,90.0,2.00036523009496,2.0,0.3733733733733734,5000.0,1001.0,2000.0,0.0,0.0,0.0,0.0,0.0,0.0,0.396,0.0,0,0,0,0
quicksort_size65536_seed3_loads,sorting,1000,1,1000,1.4184124864368584,1.0,-0.41841248643685836,GMC-style,0.41841248643685836,11981,16994,16994,0.3183,0.0,0.0,0.0,0.12296747967479675,0.0,0.6588235294117647,0.0,0.085,0.0,0.5535714285714286,0.0,0,0,680,0,0.6588235294117647,0.0,8192,1574664,0.001,1.438539050022521,0.00020008003201280514,1.4383389699905083,4998.0,0.33466733366683343,6.222978921200707,0.037037037037037035,89.0,1.9956156375593717,2,0.3333333333333333,5000.0,1001.0,2000.0,0.0,0.0,0.0,0.0,0.0,0.0,0.352,0.0,0,0,0,0
quicksort_size65536_seed3_loads,sorting,1000,2,1000,1.442342265217019,1.0,-0.442342265217019,GMC-style,0.442342265217019,11681,16848,16848,0.30670000000000003,0.0,0.0,0.0,0.11382113821138211,0.0,0.7297297297297297,0.0,0.074,0.0,0.5,0.0,0,0,592,0,0.7297297297297297,0.0,8192,1574664,0.001,1.438539050022521,0.00020008003201280514,1.4383389699905083,4998.0,0.33466733366683343,6.222978921200707,0.026026026026026026,88.0,2.007669831994156,2.0,0.3263263263263263,5000.0,1001.0,2000.0,0.0,0.0,0.0,0.0,0.0,0.0,0.339,0.0,0,0,0,0
quicksort_size65536_seed4_loads,sorting,100,0,100,1.3686534216335542,1.0,-0.3686534216335542,GMC-style,0.3686534216335542,1359,1860,1860,0.0725,0.026666666666666665,0.0,0.0,0.03571428571428571,0.0,0.4166666666666667,0.0,0.12,0.0,0.4,0.0,0,0,96,0,0.4166666666666667,0.0,8192,1572888,0.01,1.4753347897906521,0.0,1.4753347897906521,4999.0,0.3036518259129565,6.4409515694382895,0.030303030303030304,10.0,2.0239209568382734,2,0.21212121212121213,5000.0,101.0,2000.0,0.0,0.0,0.0,0.0,0.0,0.0,0.2,0.04,0,0,0,0
quicksort_size65536_seed4_loads,sorting,100,1,100,1.047887323943662,1.0,-0.04788732394366191,GMC-style,0.04788732394366191,1775,1860,1860,0.085,0.0,0.0,0.0,0.03571428571428571,0.0,0.2,0.0,0.1,0.0,1.0,0.0,0,0,80,0,0.2,0.0,8192,1572888,0.01,1.4753347897906521,0.0,1.4753347897906521,4999.0,0.3036518259129565,6.4409515694382895,0.010101010101010102,10.0,2.0229047371160855,2,0.25252525252525254,5000.0,101.0,2000.0,0.0,0.0,0.0,0.0,0.0,0.0,0.23,0.0,0,0,0,0
quicksort_size65536_seed4_loads,sorting,100,2,100,1.0142011834319526,1.0,-0.014201183431952646,GMC-style,0.014201183431952646,1690,1714,1714,0.06,0.0,0.0,0.0,0.011904761904761904,0.0,0.2727272727272727,0.0,0.11,0.0,1.0,0.0,0,0,88,0,0.2727272727272727,0.0,8192,1572888,0.01,1.4753347897906521,0.0,1.4753347897906521,4999.0,0.3036518259129565,6.4409515694382895,0.010101010101010102,9.0,2.020811654526535,2.0,0.20202020202020202,5000.0,101.0,2000.0,0.0,0.0,0.0,0.0,0.0,0.0,0.14,0.0,0,0,0,0
quicksort_size65536_seed4_loads,sorting,500,0,500,1.2732769044740024,1.0,-0.27327690447400244,GMC-style,0.27327690447400244,6616,8424,8424,0.1025,0.005333333333333333,0.0,0.0,0.04338842975206612,0.0,0.36507936507936506,0.0,0.126,0.0,0.6086956521739131,0.0,0,0,504,0,0.36507936507936506,0.0,8192,1572888,0.002,1.4753347897906521,0.0,1.4753347897906521,4999.0,0.3036518259129565,6.4409515694382895,0.01603206412825651,44.0,2.0249017038007864,2,0.2905811623246493,5000.0,501.0,2000.0,0.0,0.0,0.0,0.0,0.0,0.0,0.284,0.008,0,0,0,0
quicksort_size65536_seed4_loads,sorting,500,1,500,1.1379170606510873,1.0,-0.13791706065108733,GMC-style,0.13791706065108733,7403,8424,8424,0.1025,0.0,0.0,0.0,0.047520661157024795,0.0,0.27586206896551724,0.0,0.116,0.0,0.6875,0.0,0,0,464,0,0.27586206896551724,0.0,8192,1572888,0.002,1.4753347897906521,0.0,1.4753347897906521,4999.0,0.3036518259129565,6.4409515694382895,0.018036072144288578,44.0,2.024486226497595,2,0.28256513026052105,5000.0,501.0,2000.0,0.0,0.0,0.0,0.0,0.0,0.0,0.276,0.0,0,0,0,0
quicksort_size65536_seed4_loads,sorting,500,2,500,1.1962341865254487,1.0,-0.19623418652544866,GMC-style,0.19623418652544866,6798,8132,8132,0.11,0.0,0.0,0.0,0.026859504132231406,0.0,0.288135593220339,0.0,0.118,0.0,0.5294117647058824,0.0,0,0,472,0,0.288135593220339,0.0,8192,1572888,0.004008016032064128,1.4753347897906521,0.0,1.4753347897906521,4999.0,0.3036518259129565,6.4409515694382895,0.018036072144288578,42.0,2.0200961118392313,2,0.2985971943887776,5000.0,501.0,2000.0,0.0,0.0,0.0,0.0,0.0,0.0,0.286,0.0,0,0,0,0
quicksort_size65536_seed4_loads,sorting,1000,0,1000,1.261337432744043,1.0,-0.261337432744043,GMC-style,0.261337432744043,13010,16410,16410,0.10425,0.0026666666666666666,0.0,0.0,0.044715447154471545,0.0,0.33884297520661155,0.0,0.121,0.0,0.5609756097560976,0.0,0,0,968,0,0.33884297520661155,0.0,8192,1572888,0.001,1.4753347897906521,0.0,1.4753347897906521,4999.0,0.3036518259129565,6.4409515694382895,0.014014014014014014,85.0,2.0280203784570596,2.0,0.2912912912912913,5000.0,1001.0,2000.0,0.0,0.0,0.0,0.0,0.0,0.0,0.285,0.004,0,0,0,0
quicksort_size65536_seed4_loads,sorting,1000,1,1000,1.1952064683800174,1.0,-0.19520646838001743,GMC-style,0.19520646838001743,13852,16556,16556,0.10125,0.0,0.0,0.0,0.044715447154471545,0.0,0.3076923076923077,0.0,0.117,0.0,0.5833333333333334,0.0,0,0,936,0,0.3076923076923077,0.0,8192,1572888,0.002002002002002002,1.4753347897906521,0.0,1.4753347897906521,4999.0,0.3036518259129565,6.4409515694382895,0.01701701701701702,86.0,2.025136612021858,2,0.2832832832832833,5000.0,1001.0,2000.0,0.0,0.0,0.0,0.0,0.0,0.0,0.28,0.0,0,0,0,0
quicksort_size65536_seed4_loads,sorting,1000,2,1000,1.2082311863903128,1.0,-0.2082311863903128,GMC-style,0.2082311863903128,13461,16264,16264,0.10675,0.0,0.0,0.0,0.032520325203252036,0.0,0.2966101694915254,0.0,0.118,0.0,0.5142857142857142,0.0,0,0,944,0,0.2966101694915254,0.0,8192,1572888,0.002002002002002002,1.4753347897906521,0.0,1.4753347897906521,4999.0,0.3036518259129565,6.4409515694382895,0.01701701701701702,84.0,2.020385875500546,2,0.2922922922922923,5000.0,1001.0,2000.0,0.0,0.0,0.0,0.0,0.0,0.0,0.286,0.0,0,0,0,0
stride_size524288_seed0_loads,sequential_control,100,0,100,3.798717316230883,1.0,-2.798717316230883,GMC-style,2.798717316230883,2027,7700,7700,1.0,0.0,1.0,0.0,0.5,0.0,1.0,0.0,0.42,0.0,0.2619047619047619,0.0,0,0,336,0,1.0,0.0,512,1851168,0.01,0.9996,0.0,0.9996,4999.0,0.5002501250625313,0.99999981948264,0.494949494949495,50.0,1,1.0,0.5050505050505051,5000.0,101.0,2000.0,0.0,0.0,0.0,0.0,0.0,0.0,0.84,0.0,0,0,0,0
stride_size524288_seed0_loads,sequential_control,100,1,100,3.798717316230883,1.0,-2.798717316230883,GMC-style,2.798717316230883,2027,7700,7700,0.99,0.0,1.0,0.0,0.4880952380952381,0.0,1.0,0.0,0.42,0.0,0.2619047619047619,0.0,0,0,336,0,1.0,0.0,512,1851168,0.01,0.9996,0.0,0.9996,4999.0,0.5002501250625313,0.99999981948264,0.494949494949495,50.0,1,1.0,0.5050505050505051,5000.0,101.0,2000.0,0.0,0.0,0.0,0.0,0.0,0.0,0.83,0.0,0,0,0,0
stride_size524288_seed0_loads,sequential_control,100,2,100,3.798717316230883,1.0,-2.798717316230883,GMC-style,2.798717316230883,2027,7700,7700,0.99,0.0,1.0,0.0,0.4880952380952381,0.0,1.0,0.0,0.42,0.0,0.2619047619047619,0.0,0,0,336,0,1.0,0.0,512,1851168,0.01,0.9996,0.0,0.9996,4999.0,0.5002501250625313,0.99999981948264,0.494949494949495,50.0,1,1.0,0.5050505050505051,5000.0,101.0,2000.0,0.0,0.0,0.0,0.0,0.0,0.0,0.83,0.0,0,0,0,0
stride_size524288_seed0_loads,sequential_control,500,0,500,6.550961374851115,1.0,-5.550961374851115,GMC-style,5.550961374851115,5877,38500,38500,1.0,0.0,1.0,0.0,0.5,0.0,1.0,0.0,0.484,0.0,0.1487603305785124,0.0,0,0,1936,0,1.0,0.0,512,1851168,0.002,0.9996,0.0,0.9996,4999.0,0.5002501250625313,0.99999981948264,0.49899799599198397,250.0,1,1.0,0.501002004008016,5000.0,501.0,2000.0,0.0,0.0,0.0,0.0,0.0,0.0,0.968,0.0,0,0,0,0
stride_size524288_seed0_loads,sequential_control,500,1,500,6.550961374851115,1.0,-5.550961374851115,GMC-style,5.550961374851115,5877,38500,38500,0.998,0.0,1.0,0.0,0.49793388429752067,0.0,1.0,0.0,0.484,0.0,0.1487603305785124,0.0,0,0,1936,0,1.0,0.0,512,1851168,0.002,0.9996,0.0,0.9996,4999.0,0.5002501250625313,0.99999981948264,0.49899799599198397,250.0,1,1.0,0.501002004008016,5000.0,501.0,2000.0,0.0,0.0,0.0,0.0,0.0,0.0,0.966,0.0,0,0,0,0
stride_size524288_seed0_loads,sequential_control,500,2,500,6.550961374851115,1.0,-5.550961374851115,GMC-style,5.550961374851115,5877,38500,38500,0.998,0.0,1.0,0.0,0.49793388429752067,0.0,1.0,0.0,0.484,0.0,0.1487603305785124,0.0,0,0,1936,0,1.0,0.0,512,1851168,0.002,0.9996,0.0,0.9996,4999.0,0.5002501250625313,0.99999981948264,0.49899799599198397,250.0,1,1.0,0.501002004008016,5000.0,501.0,2000.0,0.0,0.0,0.0,0.0,0.0,0.0,0.966,0.0,0,0,0,0
stride_size524288_seed0_loads,sequential_control,1000,0,1000,7.217171243790421,1.0,-6.217171243790421,GMC-style,6.217171243790421,10669,77000,77000,1.0,0.0,1.0,0.0,0.5,0.0,1.0,0.0,0.492,0.0,0.13617886178861788,0.0,0,0,3936,0,1.0,0.0,512,1851168,0.001,0.9996,0.0,0.9996,4999.0,0.5002501250625313,0.99999981948264,0.4994994994994995,500.0,1,1.0,0.5005005005005005,5000.0,1001.0,2000.0,0.0,0.0,0.0,0.0,0.0,0.0,0.984,0.0,0,0,0,0
stride_size524288_seed0_loads,sequential_control,1000,1,1000,7.217171243790421,1.0,-6.217171243790421,GMC-style,6.217171243790421,10669,77000,77000,0.999,0.0,1.0,0.0,0.49898373983739835,0.0,1.0,0.0,0.492,0.0,0.13617886178861788,0.0,0,0,3936,0,1.0,0.0,512,1851168,0.001,0.9996,0.0,0.9996,4999.0,0.5002501250625313,0.99999981948264,0.4994994994994995,500.0,1,1.0,0.5005005005005005,5000.0,1001.0,2000.0,0.0,0.0,0.0,0.0,0.0,0.0,0.983,0.0,0,0,0,0
stride_size524288_seed0_loads,sequential_control,1000,2,1000,7.217171243790421,1.0,-6.217171243790421,GMC-style,6.217171243790421,10669,77000,77000,0.999,0.0,1.0,0.0,0.49898373983739835,0.0,1.0,0.0,0.492,0.0,0.13617886178861788,0.0,0,0,3936,0,1.0,0.0,512,1851168,0.001,0.9996,0.0,0.9996,4999.0,0.5002501250625313,0.99999981948264,0.4994994994994995,500.0,1,1.0,0.5005005005005005,5000.0,1001.0,2000.0,0.0,0.0,0.0,0.0,0.0,0.0,0.983,0.0,0,0,0,0
